image_id,actual,label,outlet_code,news_genre,confidence,headlines
CH_01_BIZ_071,Real,0,CH,BIZ,0.6032,ক্ষুদ্র ও মাঝারি উদ্যোক্তাদের জন্য বড় সুখবর
CH_01_BIZ_079,Real,0,CH,BIZ,0.5545,"চাকরির সুযোগ দিচ্ছে স্টেট ব্যাংক অব ইন্ডিয়া, আবেদন অনলাইনে"
CH_01_BIZ_111,Real,0,CH,BIZ,0.6131,"দুদিন আমদানি হয়নি পেঁয়াজ, দাম বেড়েছে কেজিতে ১০ টাকা"
CH_01_BIZ_115,Real,0,CH,BIZ,0.5542,"রেমিট্যান্স এলো ১৪ হাজার কোটি, যেসব ব্যাংকে আসেনি কোনো টাকা"
CH_01_BIZ_124,Real,0,CH,BIZ,0.5558,"জাতীয় রাজস্ব বোর্ডে বড় নিয়োগ, এইচএসসি পাসেও করা যাবে আবেদন"
CH_01_BIZ_127,Real,0,CH,BIZ,0.6515,নতুন রেকর্ড: পাকিস্তানে প্রতি তোলা স্বর্ণের দাম বেড়েছে ২ হাজার রুপি
CH_01_BIZ_149,Real,0,CH,BIZ,0.5881,"সিটি গ্রুপে নিয়োগ, এসএসসি পাসেই চাকরি"
CH_01_BIZ_165,Real,0,CH,BIZ,0.6843,পোশাকশ্রমিকদের বেতন-ভাতা পরিশোধ করা হয়েছে: বিজিএমইএ
CH_01_CRM_006,Real,0,CH,CRM,0.6105,"কার্যালয়ে মধ্যরাতে চুরি, পরিকল্পিত নাশকতা বলছেন অ্যাটর্নি জেনারেল"
CH_01_CRM_022,Real,0,CH,CRM,0.5161,ধর্ষণ ও ভ্রূণ নষ্টের মামলায় সেই শিবির নেতা জিসান গ্রেপ্তার
CH_01_CRM_085,Real,0,CH,CRM,0.7155,সংঘর্ষের সময় গুলিবিদ্ধ হয়ে ঢাকা টাইমসের সাংবাদিক নিহত
CH_01_CRM_095,Real,0,CH,CRM,0.7955,কোটা সংস্কার আন্দোলনকারী ১১২ জনের বিরুদ্ধে মামলা
CH_01_CRM_134,Real,0,CH,CRM,0.6361,কাজী নজরুল বিশ্ববিদ্যালয়ের সাবেক শিক্ষার্থীর মৃত্যু ঘিরে রহস্য
CH_01_CRM_158,Real,0,CH,CRM,0.5163,"তরুণীকে হত্যার পর মৃতদেহ ৮ মাস ধরে ফ্রিজে, যা জানাল পুলিশ"
CH_01_CRM_161,Real,0,CH,CRM,0.5238,"বিশ্ববিদ্যালয় ছাত্রাবাসে ঝুলছিল রুয়েট শিক্ষার্থীর মরদেহ, যা জানাল সহপাঠীরা"
CH_01_CRM_181,Real,0,CH,CRM,0.5738,শহিদ নাফিজ হত্যাকাণ্ডে এডিসি তোয়াছির জড়িত নয়: পুলিশ
CH_01_DIS_101,Real,0,CH,DIS,0.5932,২৪ ঘণ্টার মধ্যে উপকূলে আছড়ে পড়বে ঘূর্ণিঝড় 'আসনা'
CH_01_DIS_104,Real,0,CH,DIS,0.594,ধেয়ে আসছে ঘূর্ণিঝড় 'আসনা'
CH_01_DIS_110,Real,0,CH,DIS,0.6121,রাতের মধ্যে ৮০ কিমি. বেগে ঝড় হতে পারে যে ১৫ জেলায়
CH_01_DIS_121,Real,0,CH,DIS,0.5607,বন্যায় বিপর্যস্ত তিস্তা পাড়ের কৃষি
CH_01_DIS_128,Real,0,CH,DIS,0.5796,প্রবল ঘূর্ণিঝড় দানার 'চোখ' থেকে বাংলাদেশের মূল ভূখণ্ডের দূরত্ব যেভাবে প্রভাব ফেলবে
CH_01_DIS_136,Real,0,CH,DIS,0.5628,"দেশের সর্বনিম্ন তাপমাত্রা যেখানে, তীব্র শীত নিয়ে যা জানাল আবহাওয়া অফিস"
CH_01_DIS_173,Real,0,CH,DIS,0.5537,বঙ্গোপসাগরে লঘুচাপ: যা জানালো আবহাওয়া অধিদপ্তর
CH_01_ENT_027,Real,0,CH,ENT,0.511,"হানিয়া আমিরের নতুন সিরিয়াল আসছে, কার সঙ্গে জুটি গড়ছেন অভিনেত্রী"
CH_01_ENT_088,Real,0,CH,ENT,0.6759,কোটা আন্দোলনের সমাধান চেয়ে মেহজাবীনের আকুল আবেদন
CH_01_ENT_099,Real,0,CH,ENT,0.6615,"তানিয়া বললেন 'ভাই-ব্রাদার টাইপ ফ্রেন্ড ছিলাম', আরশ খান দিলেন ভিন্ন ইঙ্গিত"
CH_01_ENT_135,Real,0,CH,ENT,0.5818,"উৎসব ছাড়াই মুক্তি পেলো শাকিবের সিনেমা, যা বলছেন অপু বিশ্বাস"
CH_01_ENT_147,Real,0,CH,ENT,0.5727,"শাহরুখের পরিবারে নতুন সদস্য, নেটদুনিয়ায় ভিডিও ভাইরাল"
CH_01_ENT_159,Real,0,CH,ENT,0.5982,"শুটিং সেটে চার ঘণ্টা অজ্ঞান বলিউড অভিনেত্রী আমিশা, যা ঘটেছে তার সঙ্গে"
CH_01_ENT_172,Real,0,CH,ENT,0.5089,"মাত্র ৮ ঘণ্টার জন্য ঢাকায় শাবনূর, কী হয়েছে অভিনেত্রীর সঙ্গে"
CH_01_HLT_004,Real,0,CH,HLT,0.5339,প্রতিদিন খালি পেটে রসুন খাওয়া কি উপকারী? খেলে শরীরে কী পরিবর্তন ঘটে
CH_01_HLT_018,Real,0,CH,HLT,0.5253,মাথায় আঘাতের পর যেসব লক্ষণ দেখলে দ্রুত চিকিৎসকের কাছে যেতে হবে
CH_01_HLT_034,Real,0,CH,HLT,0.5552,মানসিক চাপ আর হরমোনের ভারসাম্য ঠিক রাখতে পুষ্টিবিদের পরামর্শ
CH_01_HLT_038,Real,0,CH,HLT,0.5136,"মুখে ঘা হয় কেন, এটি কি কোনো ভয়াবহ রোগের ইঙ্গিত? চিকিৎসকের পরামর্শ"
CH_01_HLT_094,Real,0,CH,HLT,0.6643,একই তেলে বার বার রান্না করলে যেসব স্বাস্থ্যঝুঁকি তৈরি হয়
CH_01_HLT_098,Real,0,CH,HLT,0.5859,পাকিস্তানে বাড়ছে মাঙ্কিপক্সে আক্রান্তের সংখ্যা
CH_01_HLT_109,Real,0,CH,HLT,0.6424,"কম বয়সীদের কেন স্ট্রোক হয়, প্রতিরোধে করণীয় কী, জানালেন চিকিৎসক"
CH_01_HLT_113,Real,0,CH,HLT,0.7275,"মসলাযুক্ত ঝাল খাবার থেকে কি আলসার হয়, যা বলছেন চিকিৎসক"
CH_01_HLT_116,Real,0,CH,HLT,0.5877,বয়কট ও অপছন্দ হওয়ার কারণ জানালেন অভিনেত্রী স্পর্শিয়া
CH_01_HLT_138,Real,0,CH,HLT,0.6376,যেসব অভ্যাস নীরবে মস্তিষ্কের ভয়াবহ ক্ষতি করে
CH_01_HLT_145,Real,0,CH,HLT,0.5427,বয়স বাড়ার সঙ্গে সঙ্গে দৃষ্টিশক্তি কমছে? চোখ ভালো রাখতে করণীয়
CH_01_HLT_150,Real,0,CH,HLT,0.5747,ভাত খেলে কি আসলেই স্বাস্থ্য বাড়ে
CH_01_HLT_176,Real,0,CH,HLT,0.5979,"বর্ষায় পানিবাহিত রোগের শঙ্কা, সুস্থ থাকতে করণীয় জানালেন পুষ্টিবিদ"
CH_01_HLT_182,Real,0,CH,HLT,0.5847,৫টি খাবার ডিমের থেকে বেশি প্রোটিন সমৃদ্ধ
CH_01_INT_036,Real,0,CH,INT,0.536,ইসরায়েল ছাড়া যুক্তরাষ্ট্রের কোনও অস্তিত্ব নেই: মার্কিন রাষ্ট্রদূত
CH_01_INT_048,Real,0,CH,INT,0.5824,যুক্তরাষ্ট্রে বিমান বিধ্বস্ত হয়ে সব আরোহী নিহত
CH_01_INT_065,Real,0,CH,INT,0.5063,দুই হাজার বন্দিকে ক্ষমা করলেন ইরানের সর্বোচ্চ নেতা মোজতবা খামেনি
CH_01_INT_092,Real,0,CH,INT,0.6626,"কোটা আন্দোলনে নজর রাখছে যুক্তরাষ্ট্র, ছাত্রলীগ ইস্যুতে যা জানাল"
CH_01_INT_120,Real,0,CH,INT,0.6038,ইয়েমেন থেকে ইসরায়েলে ক্ষেপণাস্ত্র হামলা
CH_01_INT_123,Real,0,CH,INT,0.5711,"এবার মুখোমুখি অবস্থানে মুকেশ আম্বানি ও ইলন মাস্ক, নেপথ্যে কী"
CH_01_INT_141,Real,0,CH,INT,0.6789,আরব আমিরাতে বিমান বিধ্বস্তে পাকিস্তানি পাইলটসহ নিহত
CH_01_INT_152,Real,0,CH,INT,0.5521,ট্রাম্পের শাসনামলেই কি ইরান পারমাণবিক বোমা তৈরি করবে?
CH_01_INT_155,Real,0,CH,INT,0.5553,ক্যালিফোর্নিয়ার ভয়াবহ দাবানল 'গাজায় ইসরায়েলি বর্বরতার প্রতিচ্ছবি'
CH_01_INT_170,Real,0,CH,INT,0.5321,নদী ও পানি ব্যবস্থাপনায় চীনের কাছে ৫০ বছরের মাস্টারপ্ল্যান চায় ঢাকা
CH_01_INT_174,Real,0,CH,INT,0.5188,এবার যুক্তরাষ্ট্রের পণ্যের ওপর চীনের ৮৪ শতাংশ শুল্ক আরোপ
CH_01_INT_186,Real,0,CH,INT,0.5093,"ইসরায়েলের নৃশংসতা, গাজায় নিহত বেড়ে ৬০ হাজার ৪৩০"
CH_01_POL_019,Real,0,CH,POL,0.5274,শনিবার ঐতিহাসিক লালদীঘি ময়দানে চট্টগ্রাম বিভাগীয় সমাবেশ। জামায়াত আমিরের বক্তব্য: জনগণের মতামতকে উপেক্ষা করা গণতন্ত্রের চেতনার পরিপন্থি
CH_01_POL_064,Real,0,CH,POL,0.5785,বিএনপি আওয়ামী লীগের ফাঁদে পড়েছে: নাসীরুদ্দীন পাটওয়ারী
CH_01_POL_087,Real,0,CH,POL,0.5236,"ছাত্রলীগের ওয়েবসাইট হ্যাক, দেয়া হলো যে বার্তা"
CH_01_POL_132,Real,0,CH,POL,0.5463,কমিটি গঠন নিয়ে বিএনপির দুই পক্ষের সংঘর্ষে আহত ১৫
CH_01_SPT_008,Real,0,CH,SPT,0.5463,"বিশ্বকাপের প্রথম দিন: ১০ ছবিতে উৎসব, উল্লাস আর স্মরণীয় মুহূর্ত"
CH_01_SPT_086,Real,0,CH,SPT,0.7225,"ফিফা র‍্যাঙ্কিংয়ে বড় পরিবর্তন, আর্জেন্টিনা-ব্রাজিল কে কোথায়"
CH_01_SPT_112,Real,0,CH,SPT,0.5234,ভারত সফরে বাংলাদেশের ক্রিকেটারদের চোখ থাকবে যেসব রেকর্ডে
CH_01_SPT_157,Real,0,CH,SPT,0.5266,"এবার ক্লাবের মালিক হতে চান ভিনিসিয়ুস, চলছে আলোচনা"
CH_01_SPT_178,Real,0,CH,SPT,0.5541,র‍্যাঙ্কিংয়ে ৩৬ ধাপ এগিয়ে থাকা দলকে ৭ গোল দিলো বাংলাদেশ
DS_01_BIZ_008,Real,0,DS,BIZ,0.6257,বাজেট ২০২৬-২৭ সামাজিক নিরাপত্তা খাতে বরাদ্দ বাড়লেও কমছে কর্মসূচি
DS_01_BIZ_013,Real,0,DS,BIZ,0.5212,"দাম বাড়ায় কমছে এলপিজির চাহিদা, রান্নায় বিকল্পতে ঝুঁকছে মানুষ"
DS_01_BIZ_020,Real,0,DS,BIZ,0.5931,আল-মুসলিম গ্রুপের ৭ পোশাক কারখানায় ১৮৬৮ শ্রমিক ছাটাইয়ের প্রতিবাদে সাভারে বিক্ষোভ
DS_01_BIZ_027,Real,0,DS,BIZ,0.6839,এআই বুদবুদ' নিয়ে যে হুঁশিয়ারি দিলেন গুগলপ্রধান সুন্দর পিচাই
DS_01_BIZ_032,Real,0,DS,BIZ,0.6671,"এআই: মানুষের তৈরি বুদ্ধিমত্তা, মানুষের নয়"
DS_01_BIZ_081,Real,0,DS,BIZ,0.5821,"ইন্টারনেটের গতি ৫ গুণ বাড়িয়েছে বিটিসিএল, দাম অপরিবর্তিত"
DS_01_BIZ_117,Real,0,DS,BIZ,0.5351,আয়কর রিটার্ন জমার তারিখ ১৬ ফেব্রুয়ারি পর্যন্ত বাড়ল
DS_01_BIZ_127,Real,0,DS,BIZ,0.7245,এডিবির সঙ্গে আরও ১০০ মিলিয়ন ডলার ঋণচুক্তি
DS_01_BIZ_151,Real,0,DS,BIZ,0.6622,অর্থনীতির জন্য হতাশার একটি বছর
DS_01_CRM_003,Real,0,DS,CRM,0.633,"শিশুকে যৌন নিপীড়নের অভিযোগ, ০ ঘণ্টা অবরুদ্ধ থাকার পর অভিযুক্তকে হেফাজতে নিলো পুলিশ"
DS_01_CRM_046,Real,0,DS,CRM,0.6646,লালবাগ থানার মামলায় শিরীন শারমিন চৌধুরীর জামিন
DS_01_CRM_049,Real,0,DS,CRM,0.5247,"গণঅভ্যুত্থানে রামপুরায় হত্যাকাণ্ডের রায় স্থগিতের আবেদন করবেন চিফ প্রসিকিউটর, চিফ প্রসিকিউটর বলেন, মামলায় কিছু ঘাটতি রয়ে গেছে এবং সেগুলো ঠিক করার সুযোগ আমাদের আছে"
DS_01_CRM_050,Real,0,DS,CRM,0.5673,"ঢাকায় টিটিপি মতাদর্শী ৪ জন গ্রেপ্তার, ড্রোন-অস্ত্র জব্দ: ডিবি"
DS_01_CRM_055,Real,0,DS,CRM,0.5108,"ঢাকার সড়কে এআই ক্যামেরা, অবশেষে নিয়ম মানতে শুরু করেছেন গাড়ি-মোটরসাইকেল চালকরা"
DS_01_CRM_056,Real,0,DS,CRM,0.5626,"গাজীপুরে গলা কেটে হত্যা: $ দিনেও ধরা পড়েনি মূল যা বলছেন স্থানীয়রা, অভিযুক্ত"
DS_01_CRM_070,Real,0,DS,CRM,0.6665,আবু সাঈদ হত্যার রায় ৯ এপ্রিল
DS_01_CRM_110,Real,0,DS,CRM,0.6012,কেন আবু সাঈদকে ঠান্ডা মাথায় গুলি করে হত্যা করা হলো? মাহফুজ আনাম সম্পাদক ও প্রকাশক ডেইলি স্টার
DS_01_DIS_018,Real,0,DS,DIS,0.7198,"ভুটানে ৫.৩ মাত্রার ভূমিকম্প, ঢাকাসহ সারা দেশে কম্পন অনুভূত"
DS_01_DIS_082,Real,0,DS,DIS,0.6433,তেঁতুলিয়ায় তাপমাত্রা নামল ৭.৩ ডিগ্রিতে; উত্তরে শীতে জনজীবন বিপর্যস্ত
DS_01_DIS_135,Real,0,DS,DIS,0.6226,"প্রবল ঘূর্ণিঝড়ে রূপ নিয়েছে 'দানা', কাল ভোরের মধ্যেই আঘাত উপকূলে"
DS_01_ENT_006,Real,0,DS,ENT,0.731,"চাঁদ দেখা গেছে, ঈদুল আজহা ২৮ মে"
DS_01_ENT_019,Real,0,DS,ENT,0.5215,'মহাশ্মশান' পরিণত হোক প্রাণের মেলায় মাহমুদ নেওয়াজ জয়
DS_01_ENT_033,Real,0,DS,ENT,0.6651,৩০ বছরে আইয়ুব বাচ্চুর 'কষ্ট'
DS_01_ENT_034,Real,0,DS,ENT,0.7241,"জেফার-রাফসানের বিয়ে কাল, ১৩ জানুয়ারি ২০২৬"
DS_01_ENT_039,Real,0,DS,ENT,0.5907,"সরকার, শিক্ষা মন্ত্রণালয়: পুরো রমজান বন্ধই থাকছে বিদ্যালয়"
DS_01_ENT_057,Real,0,DS,ENT,0.5888,পাবনার মেয়ে সুচিত্রা যেভাবে দক্ষিণ এশিয়ার সবচেয়ে বড় সুপারস্টার হলেন
DS_01_HLT_015,Real,0,DS,HLT,0.6258,বিশ্বে প্রায় ১২০ কোটি মানুষ মানসিক সমস্যায় ভুগছেন: গবেষণা। বিশ্বজুড়ে ২০২৩ সালে প্রায় ১২০ কোটি মানুষ বিভিন্ন মানসিক সমস্যায় আক্রান্ত ছিলেন। ১৯৯০ সালের তুলনায় এ সংখ্যা বেড়েছে ৯৫ দশমিক ৫ শতাংশ। নতুন এক গবেষণায় এ তথ্য উঠে এসেছে।
DS_01_HLT_023,Real,0,DS,HLT,0.5628,হাম ও উপসর্গে আরও ৬ শিশুর মৃত্যু
DS_01_HLT_043,Real,0,DS,HLT,0.6244,"ফ্যারিনজাইটিস সম্পর্কে জানেন? কেন হয়, জানিয়েছেন অধ্যাপক ডা. মোহাম্মদ আবু হানিফ"
DS_01_HLT_099,Real,0,DS,HLT,0.5174,ব্যায়ামের পর ক্ষুধা লাগলে যা খাওয়া উচিত
DS_01_HLT_100,Real,0,DS,HLT,0.6448,অ্যানথ্রাক্স কীভাবে ছড়ায়; প্রতিরোধে করণীয়
DS_01_HLT_136,Real,0,DS,HLT,0.5455,"অ্যালার্জির ধরন ও লক্ষণ, চিকিৎসা কী, জানিয়েছেন অধ্যাপক ডা. সোহেল মাহমুদ আরাফাত"
DS_01_HLT_139,Real,0,DS,HLT,0.5878,"কিডনিতে পাথর কেন হয়, প্রতিরোধ করবেন যেভাবে, জানিয়েছেন অধ্যাপক ডা. মো. মিজানুর রহমান"
DS_01_INT_002,Real,0,DS,INT,0.649,পোল্যান্ডে আরও ৫ হাজার সেনা পাঠানোর ঘোষণা ট্রাম্পের
DS_01_INT_009,Real,0,DS,INT,0.6333,ইরাকে ক্ষেপণাস্ত্র হামলায় নিহত প্রবাসীর মরদেহ দেশে এসেছে
DS_01_INT_010,Real,0,DS,INT,0.6559,"জাতিসংঘ শান্তিরক্ষী দিবস: শান্তিরক্ষা কেমন, কতটা নিরাপদ?"
DS_01_INT_021,Real,0,DS,INT,0.6628,"ইতালিযাত্রী: না আছে মৃত্যুসংবাদ, না আছে ফেরার আশা, লিবিয়া"
DS_01_INT_042,Real,0,DS,INT,0.6353,রুশ তেলের বিরুদ্ধে নিষেধাজ্ঞা উঠিয়ে নেওয়ার ইঙ্গিত দিলেন ট্রাম্প
DS_01_INT_048,Real,0,DS,INT,0.6914,শিক্ষায় প্রযুক্তি বিষয়ক সম্মেলনে যোগ দিতে যুক্তরাষ্ট্রের পথে জুবাইদা রহমান
DS_01_INT_054,Real,0,DS,INT,0.608,কোটি ডলার জরিমানা দিয়ে দুর্নীতির মামলায় দায়মুক্তি পেলেন আদানি
DS_01_INT_116,Real,0,DS,INT,0.5091,সিরিয়ার অন্তর্বর্তী সরকারে সব গোষ্ঠীর প্রতিনিধিত্ব থাকবে: আহমেদ আল-শারা
DS_01_INT_122,Real,0,DS,INT,0.522,ইরানের 'পরমাণু কর্মসূচি পুরোপুরি বন্ধের' দাবি নেতানিয়াহুর
DS_01_INT_150,Real,0,DS,INT,0.6412,বাইডেনের সম্ভাব্য বিকল্প: কমলা হ্যারিস থেকে মিশেল ওবামা
DS_01_POL_035,Real,0,DS,POL,0.6506,৪ লাখ ২৫ হাজারেরও বেশি প্রবাসীর ভোটদান সম্পন্ন
DS_01_POL_065,Real,0,DS,POL,0.6,"'উনি সব পড়েছেন, শুধু বিলটা পড়েননি' হাসনাতকে উদ্দেশ্য করে আইনমন্ত্রী"
DS_01_POL_108,Real,0,DS,POL,0.6015,"$ প্রায় ৭ ঘণ্টা ধরে সংঘর্ষ, উত্তরা-আজমপুর রণক্ষেত্র"
DS_01_POL_112,Real,0,DS,POL,0.5733,'পাখিকেও একজন মানুষ এভাবে গুলি করে না'
DS_01_SPT_036,Real,0,DS,SPT,0.6597,"বাছাইপর্বে সাফল্যের প্রতিফলন, র‍্যাঙ্কিংয়ে জ্যোতিদের বড় লাফ"
DS_01_SPT_038,Real,0,DS,SPT,0.5217,এপ্রিলে বসছে নারী বিপিএলের উদ্বোধনী আসর
DS_01_SPT_089,Real,0,DS,SPT,0.6045,"রিয়াল মাদ্রিদ বনাম ম্যান সিটি: চাপ, সংকট, উচ্চঝুঁকির লড়াই"
DS_01_SPT_091,Real,0,DS,SPT,0.5306,কাতারে অনূর্ধ্ব-১৭ বিশ্বকাপে পর্তুগাল চ্যাম্পিয়ন হওয়ায় রোনালদোর অভিনন্দন
DS_01_SPT_123,Real,0,DS,SPT,0.6342,রেকর্ড ৬ কোটি রুপিতে মোস্তাফিজকে দলে নিল দিল্লি ক্যাপিটালস
DS_01_SPT_160,Real,0,DS,SPT,0.635,রেকর্ড পুঁজিতে রেকর্ড জয় বাংলাদেশের
IT_01_BIZ_023,Real,0,IT,BIZ,0.7524,দেশে সোনার দামে বড় পতন
IT_01_BIZ_031,Real,0,IT,BIZ,0.8681,"১৭ লাখ টন চাল, লাখ টন গম মজুদ আছে"
IT_01_BIZ_039,Real,0,IT,BIZ,0.6984,মে মাসে চীন থেকে কয়লা আমদানি কমেছে ৮ শতাংশ
IT_01_BIZ_046,Real,0,IT,BIZ,0.6218,মে মাসে প্রবাসী আয় বেড়েছে ১৫ শতাংশ
IT_01_BIZ_064,Real,0,IT,BIZ,0.7037,লবণসহিষ্ণু ধান চাষে ঘুরে দাঁড়াচ্ছেন সাতক্ষীরার কৃষকরা
IT_01_BIZ_099,Real,0,IT,BIZ,0.573,যুদ্ধের কারণে দীর্ঘমেয়াদী সংকটে বিশ্ব অর্থনীতি
IT_01_BIZ_100,Real,0,IT,BIZ,0.709,জ্বালানি সংকটে দিশেহারা চট্টগ্রামের পণ্য পরিবহন খাত
IT_01_BIZ_150,Real,0,IT,BIZ,0.612,সমৃদ্ধ ও স্থিতিশীল অর্থনীতি গড়তে বিশ্ব নেতাদের প্রতি আহ্বান ড. ইউনূসের
IT_01_BIZ_186,Real,0,IT,BIZ,0.5829,সরকারের নানা উদ্যোগেও অর্থনীতিতে কোনো 'সুখবর' দেখছেন না গবেষকরা
IT_01_BIZ_196,Real,0,IT,BIZ,0.6034,ভারত থেকে ১ লাখ ৮০ হাজার টন ডিজেল কেনার প্রস্তাব অনুমোদন
IT_01_BIZ_199,Real,0,IT,BIZ,0.5462,শীর্ষ ৫ রপ্তানি খাতের সবগুলোতেই আয় কমেছে
IT_01_BIZ_208,Real,0,IT,BIZ,0.5391,"নিত্যপণ্যের বাজারে অস্থিরতা, মূল্যস্ফীতি এখনো সাড়ে ৮ শতাংশ"
IT_01_CRM_030,Real,0,IT,CRM,0.5973,"রাজনৈতিক সহিংসতায় পাঁচ মাসে ৫৫ খুন, বাড়ছে উদ্বেগ"
IT_01_CRM_033,Real,0,IT,CRM,0.6503,"হোয়াইট হাউসে ভয়াবহ হামলা পরিকল্পনা নস্যাৎ, গ্রেপ্তার ৫"
IT_01_CRM_040,Real,0,IT,CRM,0.6743,খুলনায় মসজিদে ঢুকে দুজনকে গুলি
IT_01_CRM_061,Real,0,IT,CRM,0.6661,খাগড়াছড়িতে খাল খননের এক্সকাভেটর পুড়িয়ে দিল দুর্বৃত্তরা
IT_01_CRM_085,Real,0,IT,CRM,0.5098,"নারায়ণগঞ্জে পুলিশের ওপর হামলা করে অস্ত্র ছিনতাই, আহত"
IT_01_CRM_116,Real,0,IT,CRM,0.5773,লক্ষ্মীপুরে বৈষম্যবিরোধী ছাত্র আন্দোলনের সংগঠকের ওপর হামলা
IT_01_CRM_120,Real,0,IT,CRM,0.7025,৮ নারীকে হত্যা করা সেই 'টুইটার কিলারকে' ফাঁসি দিল জাপান
IT_01_CRM_131,Real,0,IT,CRM,0.655,"গাজীপুরে ৭ মাসে ১০৩ খুন, অপরাধ দমনে চ্যালেঞ্জ দেখছেন জিএমপি কমিশনার"
IT_01_CRM_134,Real,0,IT,CRM,0.7029,মুন্সিগঞ্জে ক্যাম্পে হামলা: ডাকাত-পুলিশ ব্যাপক গোলাগুলি
IT_01_CRM_140,Real,0,IT,CRM,0.5861,ঢাকা কলেজ-সিটি কলেজের সংঘর্ষে ৬ শিক্ষার্থী আহত হয়ে ঢামেকে
IT_01_CRM_145,Real,0,IT,CRM,0.5407,বখাটে কিশোর চক্র: মোহাম্মদপুরে আতঙ্ক যেন কাটছেই না
IT_01_CRM_153,Real,0,IT,CRM,0.6072,গচ্ছিত স্বর্ণ কব্জায় নিতে ডাকাতির নাটক সাজায় কারিগর ও দোকান মালিক
IT_01_CRM_159,Real,0,IT,CRM,0.6665,চলতি বছর আট মাসে ৩৯০ কন্যাশিশু ধর্ষণের শিকার
IT_01_CRM_169,Real,0,IT,CRM,0.5488,শেখ হাসিনার পিয়ন জাহাঙ্গীরের নামে ১০০ কোটি টাকার অর্থপাচার মামলা
IT_01_CRM_174,Real,0,IT,CRM,0.5997,"ব্রাহ্মণবাড়িয়ায় এলোপাতাড়ি গুলি, জন গুলিবিদ্ধ"
IT_01_CRM_178,Real,0,IT,CRM,0.6245,প্লট দুর্নীতির ৩ মামলায় শেখ হাসিনার ২১ বছরের কারাদণ্ড
IT_01_CRM_183,Real,0,IT,CRM,0.6712,ফের সংঘর্ষে ঢাকা ও আইডিয়াল কলেজের শিক্ষার্থীরা
IT_01_CRM_187,Real,0,IT,CRM,0.6743,গাজীপুরে বিএনপির দুই পক্ষের সংঘর্ষে আহত অন্তত ১০
IT_01_CRM_190,Real,0,IT,CRM,0.5651,নৌকা কেন্দ্র করে সংঘর্ষ: টেঁটাবিদ্ধ ৫ জন ঢামেকে
IT_01_CRM_207,Real,0,IT,CRM,0.6549,নওগাঁয় শিক্ষক নিয়োগে প্রশ্নফাঁস চক্রের ১৮ সদস্য আটক
IT_01_CRM_221,Real,0,IT,CRM,0.5287,রাজধানীতে চেকপোস্টে দুর্বৃত্তের ছুরিকাঘাতে পুলিশ সদস্য আহত
IT_01_CRM_226,Real,0,IT,CRM,0.5348,জামায়াত নেতার অবৈধ পাম্পে মিলল তেলের বিপুল মজুত
IT_01_DIS_012,Real,0,IT,DIS,0.5371,"ভারতের আসামে বন্যায় আরও ৮ মৃত্যু, মোট প্রাণহানি ৪৬"
IT_01_DIS_068,Real,0,IT,DIS,0.6919,"ময়মনসিংহ ও শেরপুরে পাহাড়ি ঢলে নিম্নাঞ্চল প্লাবিত, পানিবন্দি মানুষ"
IT_01_DIS_084,Real,0,IT,DIS,0.6864,"সুনামগঞ্জ, নেত্রকোনা ও হবিগঞ্জের নদীর পানি বিপৎসীমার ওপরে"
IT_01_DIS_089,Real,0,IT,DIS,0.6551,ঘণ্টাখানেকের বৃষ্টিতে ডুবল চট্টগ্রাম
IT_01_DIS_091,Real,0,IT,DIS,0.684,গাইবান্ধার ধোপাডাঙ্গায় বজ্রপাতে ৩ জনের মৃত্যু
IT_01_DIS_125,Real,0,IT,DIS,0.6124,"রাশিয়ায় ৮.৭ মাত্রার শক্তিশালী ভূমিকম্প, সুনামি সতর্কতা জারি"
IT_01_DIS_137,Real,0,IT,DIS,0.5779,পাকিস্তানের খাইবার পাখতুনখাওয়ায় বন্যায় মৃত্যু ৪০০ ছাড়াল
IT_01_DIS_142,Real,0,IT,DIS,0.585,আফগানিস্তানে ভূমিকম্পে নিহত বেড়ে ২২০০
IT_01_DIS_154,Real,0,IT,DIS,0.5768,উত্তরের ৪ জেলায় বন্যার পূর্বাভাস
IT_01_DIS_175,Real,0,IT,DIS,0.5587,দিলু রোডে বহুতল ভবনে আগুন
IT_01_DIS_185,Real,0,IT,DIS,0.6265,জাপানে শক্তিশালী ভূমিকম্পে আহত অন্তত ২৩
IT_01_DIS_191,Real,0,IT,DIS,0.5294,রাজধানীর গুলিস্তানে শপিং কমপ্লেক্সে আগুন
IT_01_DIS_198,Real,0,IT,DIS,0.5914,জাপানে আঘাত হেনেছে শক্তিশালী ভূমিকম্প
IT_01_DIS_211,Real,0,IT,DIS,0.6474,ভূমিকম্পে কাঁপল পাকিস্তান
IT_01_DIS_222,Real,0,IT,DIS,0.5981,"রাজধানীতে গ্যাস লিকেজ থেকে বিস্ফোরণ, দগ্ধ ৭"
IT_01_ENT_013,Real,0,IT,ENT,0.5218,পাহাড়ি ঢলে তলিয়ে যাওয়ায় সিলেটের সাদাপাথর পর্যটনকেন্দ্র সাময়িক বন্ধ
IT_01_ENT_050,Real,0,IT,ENT,0.623,"সন্তানকে নিয়েই 'পেড্ডি' দেখুন, এটি হতাশ করবে না: রাম চরণ"
IT_01_ENT_054,Real,0,IT,ENT,0.7617,"এবার জ্যাকসনে সামান্থা, এল 'মা ইনটি বাঙ্গারাম'-এর ট্রেলার"
IT_01_ENT_056,Real,0,IT,ENT,0.7009,ডোনাল্ড ট্রাম্প মহিষ দেখতে চিড়িয়াখানায় দর্শনার্থীদের ভিড়
IT_01_ENT_058,Real,0,IT,ENT,0.5716,একসঙ্গে ৩ অ্যালবাম রিলিজ করে চমকে দিলেন কানাডিয়ান সুপারস্টার ড্রেক
IT_01_ENT_082,Real,0,IT,ENT,0.7382,আমেরিকায় 'লিফট' অনুদান পেলেন বাংলাদেশি নির্মাতা শামস
IT_01_ENT_132,Real,0,IT,ENT,0.6135,'বড় কিছু ঘটার অপেক্ষায়' আমেরিকা থেকে শাকিব
IT_01_ENT_138,Real,0,IT,ENT,0.6128,কারণে অভিনয়কে বিদায় বললেন অনন্ত জলিল
IT_01_ENT_156,Real,0,IT,ENT,0.5448,প্রথমবার জ্যাকসন ওয়াইল্ড পুরস্কার জিতল পাকিস্তানের 'মোকলানি: দ্য লাস্ট মোহনাস'
IT_01_ENT_168,Real,0,IT,ENT,0.6297,শাহরুখের জন্মদিন: ভারতের ৩০ শহরে দুই সপ্তাহ ধরে উৎসব
IT_01_ENT_171,Real,0,IT,ENT,0.5601,"ছবির অভাবে সিনেপ্লেক্স বন্ধ, এখন চলে বিয়ের আয়োজন!"
IT_01_ENT_195,Real,0,IT,ENT,0.6699,"একের পর এক কনসার্ট বাতিল, আছে প্রতারণার অভিযোগ"
IT_01_ENT_197,Real,0,IT,ENT,0.56,চীনের সিনেমা দিয়ে পর্দা উঠছে ঢাকা উৎসবের
IT_01_ENT_204,Real,0,IT,ENT,0.6151,সম্মানের সঙ্গে আমরা আলাদা হতে চাই: তাহসান
IT_01_ENT_205,Real,0,IT,ENT,0.6369,১৭ গান নিয়ে সোনার বাংলা সার্কাসের ডাবল অ্যালবাম
IT_01_HLT_034,Real,0,IT,HLT,0.6479,সিলেটে হামের উপসর্গ নিয়ে প্রাণ গেল ৩ জনের
IT_01_HLT_042,Real,0,IT,HLT,0.5968,বাজেটে কিডনি রোগী ও বিশেষ চাহিদাসম্পন্নদের জন্য থাকছে করছাড়
IT_01_HLT_047,Real,0,IT,HLT,0.8082,"২৪ ঘণ্টায় ডেঙ্গুতে জনের মৃত্যু, হাসপাতালে ভর্তি ১১০ জন"
IT_01_HLT_057,Real,0,IT,HLT,0.8096,ইবোলায় অন্তত ২২০ জন প্রাণ হারিয়েছেন: বিশ্ব স্বাস্থ্য সংস্থা
IT_01_HLT_093,Real,0,IT,HLT,0.6279,লেবাননে বিপর্যয়ের মুখে শিশুদের মানসিক স্বাস্থ্য
IT_01_HLT_110,Real,0,IT,HLT,0.6493,"ভারতে ফের করোনা আতঙ্ক, শনাক্ত বাড়ছেই"
IT_01_HLT_130,Real,0,IT,HLT,0.6233,প্রতি মাসে প্রায় দ্বিগুণ হারে বাড়ছে ডেঙ্গুতে আক্রান্ত-প্রাণহানি
IT_01_HLT_135,Real,0,IT,HLT,0.5949,"জীবনরক্ষাকারী ওষুধের দাম সরকারকেই নির্ধারণ করে দিতে হবে, হাইকোর্টের রায়"
IT_01_HLT_149,Real,0,IT,HLT,0.5391,বিশ্বে সবচেয়ে বেশি অঙ্গহানির শিকার শিশু গাজায়
IT_01_HLT_218,Real,0,IT,HLT,0.5712,নিপাহ ভাইরাসে আক্রান্ত হয়ে এক নারীর মৃত্যু
IT_01_HLT_229,Real,0,IT,HLT,0.5693,"উদ্বেগ বাড়াচ্ছে হাম, সারা দেশের হাসপাতালে ভর্তি ৬ শতাধিক শিশু"
IT_01_HLT_238,Real,0,IT,HLT,0.887,হিটওয়েভের কারণে ইংল্যান্ডে শতাধিক স্কুল বন্ধ
IT_01_HLT_241,Real,0,IT,HLT,0.7214,"ডেঙ্গু আক্রান্ত হয়ে আরও ২ মৃত্যু, হাসপাতালে ভর্তি ১৫৭ জন"
IT_01_HLT_249,Real,0,IT,HLT,0.7542,ট্রান্সপারেন্সি ইন্টারন্যাশনাল বাংলাদেশ: সেবাখাতে ২০২৩-এর তুলনায় ২০২৫-এ দুর্নীতি বেড়েছে
IT_01_INT_003,Real,0,IT,INT,0.557,যুক্তরাষ্ট্রের সঙ্গে চলমান আলোচনায় উল্লেখযোগ্য অগ্রগতি: ইরান
IT_01_INT_025,Real,0,IT,INT,0.7741,ইরানের ওপর থেকে অবরোধ তুলল যুক্তরাষ্ট্র
IT_01_INT_048,Real,0,IT,INT,0.6189,"মিয়ানমারে বিদ্রোহী-নিয়ন্ত্রিত গ্রামে বিস্ফোরণ, নিহত অন্তত ৫৫"
IT_01_INT_104,Real,0,IT,INT,0.6463,৯০ হাজার কোটি টাকার রাফাল যুদ্ধবিমান কেনার চুক্তি ভারতের
IT_01_INT_123,Real,0,IT,INT,0.559,জাতিসংঘের সন্ত্রাস দমন কমিটির সহ-সভাপতি পাকিস্তান
IT_01_INT_144,Real,0,IT,INT,0.5449,চীন কখনো কাউকে ভয় পাবে না: শি জিনপিং
IT_01_INT_189,Real,0,IT,INT,0.6013,মালয়েশিয়ায় দুর্নীতি মামলায় আদালতে দোষী সাব্যস্ত হলেন সাবেক প্রধানমন্ত্রী
IT_01_INT_223,Real,0,IT,INT,0.6057,"ইরানে স্কুলে নিহতের সংখ্যা বেড়ে ৫৩, আহত ৬০"
IT_01_POL_005,Real,0,IT,POL,0.5953,মালয়েশিয়ার প্রধানমন্ত্রীর সঙ্গে বৈঠকে তারেক রহমান
IT_01_POL_020,Real,0,IT,POL,0.546,বেনজীরকে ফেরাতে দুবাইয়ে সব নথি পাঠানো হয়েছে
IT_01_POL_066,Real,0,IT,POL,0.5326,মাওলানা ভাসানীর ধানের শীষই পর্যায়ক্রমে আজকের ধানের শীষ
IT_01_POL_070,Real,0,IT,POL,0.6944,যে কোনো মূল্যে সাম্প্রদায়িক সম্প্রীতি রক্ষা করতে হবে
IT_01_POL_075,Real,0,IT,POL,0.5,আধুনিক ক্যাবল অপারেটর নীতিমালা বাস্তবায়নে তথ্যমন্ত্রীর প্রস্তাব
IT_01_POL_105,Real,0,IT,POL,0.67,"সংস্কারের তালিকা ছোট হলে ডিসেম্বরের মধ্যে নির্বাচন এবং তালিকা বড় হলে আগামী বছর জুনের মধ্যে নির্বাচন অনুষ্ঠিত হবে। নির্বাচন জুনের পরে যাবে না। অধ্যাপক ড. মুহাম্মদ ইউনূস, প্রধান উপদেষ্টা"
IT_01_POL_114,Real,0,IT,POL,0.6084,যুক্তরাজ্য সফর শেষে দেশে ফিরেছেন প্রধান উপদেষ্টা ড. মুহাম্মদ ইউনূস
IT_01_POL_133,Real,0,IT,POL,0.6264,"ফেব্রুয়ারিতে নির্বাচনে আপত্তি নেই, তবে আগে সংস্কারের রূপরেখা: হাসনাত আব্দুল্লাহ"
IT_01_POL_141,Real,0,IT,POL,0.5575,ডাকসু নির্বাচন: ভোটযুদ্ধে প্রস্তুত ৮ প্যানেল
IT_01_POL_147,Real,0,IT,POL,0.7206,গণতান্ত্রিক শক্তিগুলো ঐক্যবদ্ধ না হলে গুপ্ত স্বৈরাচারের আবির্ভাব হবে: তারেক রহমান
IT_01_POL_148,Real,0,IT,POL,0.6549,"সেন্ট মার্টিন বন্ধ ছিল না, পর্যটক নিয়ন্ত্রণ করা হয়েছে: পরিবেশ উপদেষ্টা"
IT_01_POL_163,Real,0,IT,POL,0.5655,নির্বাচন সামনে রেখে বিএনপির প্রার্থী বাছাই চলছে: সালাহউদ্দিন আহমেদ
IT_01_POL_166,Real,0,IT,POL,0.5803,শাহজালাল বিমানবন্দরের ই-গেট খুলবে এক সপ্তাহের মধ্যে: স্বরাষ্ট্র উপদেষ্টা
IT_01_POL_172,Real,0,IT,POL,0.6699,মীর মুগ্ধের ভাই স্নিগ্ধ যোগ দিলেন বিএনপিতে
IT_01_POL_173,Real,0,IT,POL,0.682,একই আসনে আপন দুই ভাই 'প্রতিদ্বন্দ্বী' লড়বেন বিএনপি-জামায়াত থেকে
IT_01_POL_188,Real,0,IT,POL,0.5485,বিএনপির ভারপ্রাপ্ত চেয়ারম্যান তারেক রহমান রাত ১০টা ৩৭ মিনিটে জাতীয় স্মৃতিসৌধে পরিদর্শন বইতে স্বাক্ষর করেন
IT_01_POL_193,Real,0,IT,POL,0.6245,তারেক রহমানের সঙ্গে ভারতের পররাষ্ট্রমন্ত্রীর সাক্ষাৎ
IT_01_SPT_096,Real,0,IT,SPT,0.5348,"ওয়ানডেতে মোস্তাফিজের ৫ উইকেট, ক্যারিয়ারে ষষ্ঠবার"
IT_01_SPT_097,Real,0,IT,SPT,0.6879,২০১৬ লরিয়াস অ্যাওয়ার্ড: বর্ষসেরা দল: পিএসজি
JG_01_BIZ_003,Real,0,JG,BIZ,0.6033,পাঁচ বছরে বাণিজ্য ঘাটতি ৮ বিলিয়ন ডলার বেড়েছে: বাণিজ্যমন্ত্রী
JG_01_BIZ_015,Real,0,JG,BIZ,0.6149,ব্যাংক থেকে একটি গ্রুপই নিয়ে গেছে ১ লাখ ৯০০ হাজার কোটি টাকা
JG_01_BIZ_045,Real,0,JG,BIZ,0.5255,পাঁচ ইসলামী ব্যাংক একীভূত হলে গ্রাহকের আমানত কী হবে?
JG_01_CRM_032,Real,0,JG,CRM,0.6049,"রিয়ার অ্যাডমিরাল সোহায়েল কোথায় আছেন, জানাল কারা অধিদপ্তর"
JG_01_DIS_057,Real,0,JG,DIS,0.5262,সাত জেলায় বজ্রপাতে ১২ জনের মৃত্যু
JG_01_ENT_055,Real,0,JG,ENT,0.5025,প্যারিসে রূপকথার বিয়ে সারলেন পাকিস্তানি তারকা নিমরা খান
JG_01_HLT_007,Real,0,JG,HLT,0.5273,কাঁঠাল বীজের যত পুষ্টিগুণ
JG_01_HLT_062,Real,0,JG,HLT,0.5707,"ই-হেলথ কার্ড দেওয়ার উদ্যোগ, শুরুতে পাবেন যারা"
JG_01_HLT_130,Real,0,JG,HLT,0.5604,কুরবানি ঈদের খাবার ও সুস্থ থাকতে সতর্কতা
JG_01_INT_006,Real,0,JG,INT,0.5499,ট্রাম্পের অনুরোধে ইরানে হামলা স্থগিতের দাবি ইসরাইলের
JG_01_INT_041,Real,0,JG,INT,0.5106,ট্রাম্প কি আসলেই নোবেল পাওয়ার যোগ্য? সজীব হোসেন
JG_01_POL_030,Real,0,JG,POL,0.508,"বিএনপির সঙ্গে বৈঠকে সন্তুষ্টি, যা বললেন শিক্ষক নেতা"
JG_01_POL_035,Real,0,JG,POL,0.5568,সিইসির সঙ্গে সাক্ষাৎ: রাজনৈতিক স্থিতিশীলতা আসার পর তফসিল ঘোষণা চায় এনসিপি
JG_01_POL_050,Real,0,JG,POL,0.5993,"জাসদ ছাত্রলীগ নেতা জামায়াতের আমির হতে পারেন, কিন্তু রাশেদ খান বিএনপি করতে পারবেন না!'"
JG_01_POL_066,Real,0,JG,POL,0.5169,ক্ষমতায় গেলে নারীদের কর্মঘণ্টা কমানো হবে: জামায়াত আমির
JG_01_POL_068,Real,0,JG,POL,0.591,শফিকুর রহমান: রাষ্ট্র পরিচালনার দায়িত্ব পেলে সেবকের পরিচয় দেবে জামায়াত
JG_01_SPT_002,Real,0,JG,SPT,0.5635,বিসিবি নির্বাচনে পোশাক থেকে নির্বাচিত ৪ জনকে বিজিএমইএর অভিনন্দন
JG_01_SPT_039,Real,0,JG,SPT,0.5992,"২৫ বছরে কতদূর এসেছেন, বোঝালেন শান্তরী"
JM_01_BIZ_083,Real,0,JM,BIZ,0.5984,"এলপি গ্যাসের দাম কমলো, সন্ধ্যা থেকে কার্যকর"
JM_01_BIZ_099,Real,0,JM,BIZ,0.5203,বাজেট ২০২৬-২৭: সকল প্রকার ফ্রিল্যান্সিং আয় কর মুক্ত
JM_01_BIZ_100,Real,0,JM,BIZ,0.6098,বাজেট ২০২৬-২৭: স্টার্টআপ ও প্রযুক্তি নির্ভর ব্যবসার টার্নওভার ট্যাক্স শূন্য
JM_01_CRM_064,Real,0,JM,CRM,0.5215,সাবেক মন্ত্রী গোলাম দস্তগীর গাজী ৬ দিনের রিমান্ডে
JM_01_CRM_076,Real,0,JM,CRM,0.6838,ঠাকুরগাঁওয়ের সাবেক সংসদ সদস্য দবিরুল ইসলামের মৃত্যু
JM_01_CRM_122,Real,0,JM,CRM,0.5315,মিরপুরে কালশী বস্তির আগুন নিয়ন্ত্রণে
JM_01_DIS_073,Real,0,JM,DIS,0.7183,"বজ্রপাতে মৌলভীবাজারে ২, নেত্রকোনায় ১ জনের মৃত্যু"
JM_01_DIS_087,Real,0,JM,DIS,0.7237,চাঁপাইনবাবগঞ্জে বজ্রপাতে ৬ জনের মৃত্যু
JM_01_DIS_096,Real,0,JM,DIS,0.7346,রাজধানী ঢাকাসহ দেশের বিভিন্ন স্থানে ভূমিকম্প অনুভূত
JM_01_DIS_126,Real,0,JM,DIS,0.58,জামালপুরে বৈশাখী ঝড়ে গাছ পড়ে মা ও দুই মেয়ের মৃত্যু
JM_01_DIS_129,Real,0,JM,DIS,0.621,"আগামী ৪৮ ঘণ্টায় ভারী বৃষ্টিপাত, ভূমিধস ও কালবৈশাখী ঝড়ের সতর্কতা"
JM_01_ENT_056,Real,0,JM,ENT,0.7989,"SHOWBIZ TONIGHT অনুষ্ঠানে বিশেষ অতিথি জাল ব্যান্ডের গওহের মুমতাজ, আজ রাত ৮:৩০"
JM_01_ENT_070,Real,0,JM,ENT,0.6006,মুন্সিগঞ্জে সমাহিত হলেন কনটেন্ট ক্রিয়েটর কারিনা কায়সার
JM_01_ENT_077,Real,0,JM,ENT,0.5629,কওমি শিক্ষার্থীদের বিরোধিতায় ব্রাহ্মণবাড়িয়ায় 'বনলতা এক্সপ্রেস' প্রদর্শনী স্থগিত
JM_01_ENT_097,Real,0,JM,ENT,0.5387,কলম্বিয়ার সুতামারচানে অনুষ্ঠিত 'টমাটিনা ফেস্টিভাল'
JM_01_ENT_102,Real,0,JM,ENT,0.6648,"থ্রি-স্টার জার্সি পরে অভিনেত্রী মালাইকা: আমি তো আর্জেন্টিনা, আপনি কোন দলের?"
JM_01_ENT_103,Real,0,JM,ENT,0.7431,"ফিফা বিশ্বকাপ ২০২৬: শাকিরার 'দাই দাই' দিয়ে শুরু, লিসার পারফরম্যান্সে শেষ উদ্বোধনী অনুষ্ঠান"
JM_01_ENT_123,Real,0,JM,ENT,0.6874,চিত্রনায়ক সালমান শাহর দেহাবশেষ কবর থেকে উত্তোলনের অনুমতি দিয়েছেন আদালত
JM_01_ENT_133,Real,0,JM,ENT,0.5764,অবশেষে 'ময়না' হয়ে ধরা দিচ্ছেন রাজ ও রিপা
JM_01_ENT_136,Real,0,JM,ENT,0.5795,বিয়ে করলেন 'মিস ওয়ার্ল্ড বাংলাদেশ' নীলা
JM_01_HLT_074,Real,0,JM,HLT,0.688,মানসিক সমস্যায় আক্রান্ত বিশ্বে ১২০ কোটি মানুষ
JM_01_HLT_082,Real,0,JM,HLT,0.5758,"ডেঙ্গু রোগীর চিকিৎসায় হাসপাতালে ১০% বেড ফ্রি, পরীক্ষায় ৮০ শতাংশ ছাড়: স্বাস্থ্যমন্ত্রী সরদার মো. সাখাওয়াত হোসেন"
JM_01_HLT_085,Real,0,JM,HLT,0.7043,হাম ও হামের উপসর্গে আরও ৪ শিশুর মৃত্যু
JM_01_HLT_090,Real,0,JM,HLT,0.5501,স্বাস্থ্য অধিদপ্তর: ২৪ ঘণ্টায় হামের উপসর্গে আরও ৩ শিশুর মৃত্যু
JM_01_HLT_094,Real,0,JM,HLT,0.6009,স্বাস্থ্য অধিদপ্তর: হামের উপসর্গে আরও সাত শিশুর মৃত্যু
JM_01_HLT_111,Real,0,JM,HLT,0.5089,"স্বাস্থ্য অধিদপ্তর: ২৪ ঘণ্টায় হাম উপসর্গে ৫ জনের মৃত্যু, নতুন রোগী ৭৯৬"
JM_01_HLT_124,Real,0,JM,HLT,0.5421,"উপজেলা নির্বাহী অফিসার, মনোহরদী, নরসিংদী। পাইলটিং স্কিমের মাধ্যমে রোগীদের দোরগোড়ায় পৌঁছে দেওয়া হবে চিকিৎসাসেবা: স্বাস্থ্যমন্ত্রী"
JM_01_INT_079,Real,0,JM,INT,0.5063,ইরানে যাওয়া উচিত হয়নি: ফক্স নিউজের সাক্ষাৎকারে ডোনাল্ড ট্রাম্প
JM_01_INT_091,Real,0,JM,INT,0.68,সেন্ট পিটার্সবার্গে ইউক্রেনের ড্রোন হামলা
JM_01_INT_105,Real,0,JM,INT,0.6226,ট্রাম্পের হুঁশিয়ারির পর ইরানে আবারও মার্কিন হামলা
JM_01_INT_107,Real,0,JM,INT,0.5392,হরমুজ প্রণালি পুরোপুরি ইরানি নৌবাহিনীর নিয়ন্ত্রণে: আল জাজিরা
JM_01_INT_112,Real,0,JM,INT,0.6163,যুক্তরাষ্ট্র-ইরান চুক্তি নিয়ে আশাবাদী লেবাননের এমপি
JM_01_INT_117,Real,0,JM,INT,0.5712,তাইওয়ানকে স্বাধীনতা ঘোষণা না করার সতর্কবার্তা দিলেন ট্রাম্প
JM_01_INT_131,Real,0,JM,INT,0.5115,"ইসরায়েল-হামাস যুদ্ধবিরতিতে রাজি, মুক্তি দেয়া হবে দুই পক্ষের বন্দীদের"
JM_01_INT_143,Real,0,JM,INT,0.6617,গাজা পুনর্গঠনে লাগবে ৫৩ বিলিয়ন ডলার: জাতিসংঘ
JM_01_POL_086,Real,0,JM,POL,0.5003,যুবদলের পূর্ণাঙ্গ কমিটি ঘোষণা
JM_01_POL_119,Real,0,JM,POL,0.5313,"বাংলাদেশ: প্রধানমন্ত্রীর প্রটোকল টিমের সাথে বাগবিতণ্ডা, পদ হারালেন ছাত্রদল নেতা"
JM_01_POL_120,Real,0,JM,POL,0.6445,জামিন পেলেন এনসিপি নেতা তারেক রেজা
JM_01_SPT_054,Real,0,JM,SPT,0.5819,দেশে ফেরার নিরাপত্তা না পেলে কানপুরেই কি শেষ হবে সাকিবের টেস্ট ক্যারিয়ার?
JM_01_SPT_065,Real,0,JM,SPT,0.5483,ঐতিহাসিক জয়: আন্দোলনে নিহতদের উৎসর্গ করলো বাংলাদেশ
JM_01_SPT_101,Real,0,JM,SPT,0.6844,বিশ্বকাপে ইরান নাগরিকদের সব টিকিট বাতিল করলো ফিফা
JM_01_SPT_104,Real,0,JM,SPT,0.6292,রানের খাতা খোলার আগেই উইকেট হারালো অস্ট্রেলিয়া
JM_01_SPT_109,Real,0,JM,SPT,0.6483,বিশ্বকাপের ক্যাম্প থেকে ইংল্যান্ড দলের অনুশীলন সরঞ্জাম চুরি
JM_01_SPT_127,Real,0,JM,SPT,0.5579,বিশ্বকাপে না খেলার সিদ্ধান্ত সরকারের 'বড় ভুল' ছিল: সাকিব আল হাসান
JM_01_SPT_132,Real,0,JM,SPT,0.5183,ক্রিকেটারদের ২৫ ভাগ টাকা দেয়ার প্রতিশ্রুতি দিয়েছে দুর্বার রাজশাহী
JM_01_SPT_137,Real,0,JM,SPT,0.5628,ভারতের বিপক্ষে বাংলাদেশের জার্সিতে অভিষেক হতে পারে হামজার
KK_01_BIZ_093,Real,0,KK,BIZ,0.5562,"১০০ পণ্যে খরচ বাড়ছে, অধ্যাদেশ জারি"
KK_01_CRM_008,Real,0,KK,CRM,0.6613,ছাত্রদলের হাতে বেদম মার খাওয়ার অভিযোগ সেই মাহাদীর
KK_01_CRM_055,Real,0,KK,CRM,0.5384,জগন্নাথ বিশ্ববিদ্যালয় ক্যাফেটেরিয়া। জবির এক ক্যাফেটেরিয়ায় ছাত্রলীগ নেতাদের নামে বাকি ৭ লাখ টাকা
KK_01_CRM_085,Real,0,KK,CRM,0.5412,"বৈষম্যবিরোধী ছাত্র আন্দোলনের গাড়িবহরে হামলা, আহত ২০"
KK_01_DIS_013,Real,0,KK,DIS,0.5906,যেসব জেলায় দুপুরের মধ্যে ঝড় হতে পারে
KK_01_DIS_018,Real,0,KK,DIS,0.5252,"বান্দরবানে পাহাড় ধস, নিরাপদ আশ্রয়ে যেতে মাইকিং"
KK_01_DIS_162,Real,0,KK,DIS,0.5008,"যমুনায় পানি বৃদ্ধি অব্যাহত, ভাঙন আতঙ্কে পাঁচ উপজেলার মানুষ"
KK_01_ENT_072,Real,0,KK,ENT,0.5627,অ্যাকশন থ্রিলার 'ক্যারি-অন' সাসপেন্সে ঠাসা
KK_01_ENT_113,Real,0,KK,ENT,0.5988,"নাটকের কারণে আজকের কেয়া পায়েল হতে পেরেছি, এটাই ফার্স্ট প্রায়োরিটি। অবশ্যই ওটিটি কিংবা বড় পর্দায় কাজ করব। সবাই করছে বলে আমাকেও করতে হবে, সেই তাড়াহুড়ো নেই। করলে একটাই করব, ভালো কিছু। কেয়া পায়েল, অভিনেত্রী"
KK_01_ENT_136,Real,0,KK,ENT,0.6324,"সিনেমা হল রক্ষায় ও বাড়াতে সরকারি উদ্যোগ নিতে হবে। সরকার এগিয়ে না এলে এটি সম্ভব নয়। আমারও ইচ্ছে আছে যে মফস্বল শহরে যেখানে চর্চা হয় সেখানে আমি একটি সিনেমা হল করব। সোহেল খান, অভিনেতা"
KK_01_ENT_216,Real,0,KK,ENT,0.5539,"গায়িকা হিসেবে আত্মপ্রকাশ, এবার গান শোনাবেন বুবলী"
KK_01_HLT_011,Real,0,KK,HLT,0.5584,ইবোলা সংক্রমণে কঙ্গোর এতিমখানায় দুই শিশুর মৃত্যু
KK_01_HLT_012,Real,0,KK,HLT,0.6331,"বায়ুদূষণের শীর্ষে জাকার্তা, ঢাকার বায়ুমান 'অস্বাস্থ্যকর'"
KK_01_HLT_052,Real,0,KK,HLT,0.6834,"হৃদরোগের ঝুঁকি কমাতে প্রয়োজন খাদ্যাভ্যাসের পরিবর্তন। সুস্থ রাখতে চাইলে সুঅভ্যাসের বিকল্প নেই। খাদ্যাভ্যাস থেকে শুরু করে জীবনযাপন ব্যবস্থা সঠিকভাবে পরিচালনা করা প্রয়োজন। হৃদরোগের ঝুঁকি কমায় কিছু খাবার রয়েছে, জেনে নিন সেসব।"
KK_01_INT_002,Real,0,KK,INT,0.6889,বিএসএফের 'পুশ ইন' রুখে দিতে বিজিবির পাশে মহেশপুরবাসী
KK_01_INT_004,Real,0,KK,INT,0.8107,বিল গেটসকে যেভাবে চাপে ফেলতে চেয়েছিলেন এপস্টেইন
KK_01_INT_056,Real,0,KK,INT,0.5586,সাহিত্যে নোবেল পেয়ে ইতিহাস গড়লেন হান কাং
KK_01_INT_061,Real,0,KK,INT,0.5744,"জিডিপিতে শীর্ষ যুক্তরাষ্ট্র, দ্বিতীয় চীন: আইএমএফ"
KK_01_INT_064,Real,0,KK,INT,0.5618,রাশিয়া-ইন্দোনেশিয়ার মহড়া পররাষ্ট্রনীতি পরিবর্তনের ইঙ্গিত?
KK_01_INT_105,Real,0,KK,INT,0.5426,"লিবিয়া: তিন যুবকের জীবন ঝুলছে মুক্তিপণে, দিশাহারা পরিবার"
KK_01_INT_145,Real,0,KK,INT,0.5202,ট্রাম্পের শুল্ক যুদ্ধে বড় ক্ষতির মুখে বিশ্ববিখ্যাত টয়োটা
KK_01_INT_160,Real,0,KK,INT,0.5131,আলবানিজের ওপর মার্কিন নিষেধাজ্ঞায় ইউরোপীয় ইউনিয়নের দুঃখ প্রকাশ
KK_01_INT_180,Real,0,KK,INT,0.5755,রোহিঙ্গাদের ৩৪ লাখ ডলার সহায়তা জাপানের
KK_01_POL_001,Real,0,KK,POL,0.5951,"আমাদের মনে হচ্ছে এবারের বাজেট উচ্চাভিলাষী এবং বাস্তবতা-বিবর্জিত। কারণ এই বাজেটে ৯ লাখ ৩৮ হাজার কোটি টাকা তারা ব্যয় করবে। আয় হিসেবে তারা বলছে যে ৬ লাখ ৯৫ হাজার কোটি টাকা রাজস্ব লক্ষ্যমাত্রা নির্ধারণ করেছে। যেটা আসলে বাস্তবতা-বিবর্জিত। নাহিদ ইসলাম, বিরোধীদলীয় চিফ হুইপ ও আহ্বায়ক, জাতীয় নাগরিক পার্টি"
KK_01_POL_014,Real,0,KK,POL,0.5019,"রাষ্ট্রে জনগণের রাজনৈতিক ও অর্থনৈতিক ক্ষমতা নিশ্চিত করা না গেলে গণতন্ত্র, মানবাধিকার কিংবা পুঁথিগত সংস্কার শেষ পর্যন্ত কোনো কিছুই টেকসই হয় না। বিএনপির দৃষ্টিভঙ্গি অত্যন্ত স্বচ্ছ। জনগণ কোন রাজনৈতিক দলকে গ্রহণ করবে কিংবা বর্জন করবে, নির্বাচনের মাধ্যমে সেই রায় দেবে জনগণের আদালত। তারেক রহমান, বিএনপির ভারপ্রাপ্ত চেয়ারম্যান"
KK_01_POL_074,Real,0,KK,POL,0.6128,প্রধান উপদেষ্টা ঘোষিত সময়ে নির্বাচন করতে প্রস্তুত ইসি
KK_01_POL_078,Real,0,KK,POL,0.654,ডি-৮ শীর্ষ সম্মেলন শেষে দেশে ফিরেছেন প্রধান উপদেষ্টা
KK_01_POL_114,Real,0,KK,POL,0.5176,"রাজনীতিতে ক্ষমতা দখলের জন্য আসিনি। জনগণের ক্ষমতা জনগণকে ফিরিয়ে দিতে এসেছি। ডা. তাসনিম জারা, সিনিয়র যুগ্ম সদস্য সচিব, জাতীয় নাগরিক পার্টি"
KK_01_POL_132,Real,0,KK,POL,0.583,যুক্তরাষ্ট্রের সঙ্গে আলোচনা করে শুল্ক ইস্যুর সমাধান করা হবে: প্রধান উপদেষ্টা
KK_01_SPT_038,Real,0,KK,SPT,0.6366,পাকিস্তানের বিপক্ষে ১০ উইকেটে বাংলাদেশের জয়
KK_01_SPT_042,Real,0,KK,SPT,0.515,বাটলারকে মেয়েদের কোচ হিসেবে রাখতে চায় বাফুফে
KK_01_SPT_142,Real,0,KK,SPT,0.5745,বাংলাদেশের হয়ে খেলতে কানাডার ছাড়পত্র পেয়েছেন সামিত
PA_01_BIZ_011,Real,0,PA,BIZ,0.6476,"মরুর দেশের দুম্বা পালন হচ্ছে সীতাকুণ্ডে, লাভও বেশি। চট্টগ্রামের সীতাকুণ্ডে একটি খামারে দুম্বা লালন-পালন করা হচ্ছে। গত শুক্রবার দুপুরে উপজেলার বাড়বকুণ্ড ইউনিয়নের মিয়াজী পাড়া এলাকা থেকে তোলা ছবি।"
PA_01_BIZ_024,Real,0,PA,BIZ,0.7153,পাঁচ বছরে বদলে যাবে পোশাক খাতের প্রতিযোগিতা। নিজের কারখানায় লেখক শেখ এইচ এম মোস্তাফিজ।
PA_01_BIZ_028,Real,0,PA,BIZ,0.6095,"দেশে ৪ বছরে তরমুজ উৎপাদন বেড়ে দ্বিগুণ। কৃষি সম্প্রসারণ অধিদপ্তরের তথ্যানুযায়ী, গত ২০২০-২১ অর্থবছরে যেখানে ১৭ লাখ ৮৯ হাজার টন তরমুজ উৎপাদন হয়েছে, সেখানে সর্বশেষ ২০২৪-২৫ অর্থবছরে তা বেড়ে ৩৫ লাখ ৫২ হাজার টনে উঠেছে। মাঝে ২০২১-২২ অর্থবছরে ২৫ লাখ ৮৯ হাজার টন ও ২০২২-২৩ অর্থবছরে ৩৬ লাখ ৩৬ হাজার টন তরমুজ উৎপাদন হয়েছে।"
PA_01_BIZ_049,Real,0,PA,BIZ,0.6799,উড়োজাহাজের জ্বালানির দাম এবার বাড়ল লিটারে ২৫ টাকা
PA_01_BIZ_050,Real,0,PA,BIZ,0.6497,"জ্বালানি-সংকটে ভুগছে শিল্পকারখানা, মধ্যপ্রাচ্যে যুদ্ধের প্রভাব"
PA_01_BIZ_070,Real,0,PA,BIZ,0.7887,সয়াবিন তেলের দাম লিটারে ৮ টাকা বাড়ছে
PA_01_BIZ_090,Real,0,PA,BIZ,0.6076,"২০২৫-২৬ অর্থবছরের বাজেট পেশ আজ। এডিপি ২৩০,০০০ কোটি টাকা, ব্যাংকঋণের লক্ষ্যমাত্রা, বাজেটের আকার, মূল্যস্ফীতি ৬.৫%, ১ লাখ ২০ হাজার কোটি টাকা, ৯০ হাজার কোটি টাকা, জিডিপি প্রবৃদ্ধি ৫.২৫%, এনবিআর, বিদ্যুৎ ও সারে ভর্তুকি ১৬,০০০ কোটি টাকা, রাজস্ব ৪৫ হাজার কোটি টাকা, সুদ ব্যয় ২২,০০০ কোটি টাকা, এনবিআরের ঘাটতি জিডিপির ৪.২৫%, রাজস্ব আদায়ের লক্ষ্যমাত্রা ৫ লাখ ১৮ হাজার কোটি টাকা, বেতন-ভাতা বাবদ বরাদ্দ ৯৭ হাজার কোটি টাকা। সূত্র: অর্থ মন্ত্রণালয়। অর্থনীতির গতি মন্থর, বিনিয়োগ ১০ বছরের মধ্যে সর্বনিম্ন।"
PA_01_BIZ_112,Real,0,PA,BIZ,0.5691,"যেসব দেশে সবচেয়ে বেশি শ্রম অধিকার লঙ্ঘন হয়, তাদের মধ্যে বাংলাদেশ অন্যতম"
PA_01_BIZ_120,Real,0,PA,BIZ,0.6751,আলু ও পেঁয়াজ আমদানিতে ভারতের বিকল্প খুঁজছে বাংলাদেশ
PA_01_BIZ_152,Real,0,PA,BIZ,0.7894,"আমদানি বেড়েছে ১১%, তবু বাজারে খেজুরের বাড়তি দাম"
PA_01_BIZ_156,Real,0,PA,BIZ,0.6882,"সোনালি মুরগির দাম ৫২% বেড়েছে, বিক্রি ৪২০-৪৩০ টাকা দরে"
PA_01_BIZ_170,Real,0,PA,BIZ,0.6637,"গাবুরা বাজারের টমেটো, দৈনিক ৪ কোটি টাকার বেচাকেনা। গ্রীষ্মকালীন টমেটোর সবচেয়ে বড় হাট দিনাজপুরের গাবুরা বাজারে।"
PA_01_BIZ_180,Real,0,PA,BIZ,0.7634,ঈদের দ্বিতীয় দিন রাজধানীতে চামড়ার দাম কিছুটা বেড়েছে। শুক্রবার রাজধানীর সায়েন্স ল্যাবরেটরি মোড়ে ক্রেতারা কোরবানির পশুর চামড়া কিনে ট্রাকে তুলছেন।
PA_01_BIZ_181,Real,0,PA,BIZ,0.6719,মধ্যপ্রাচ্যের পর এবার ইউরোপের বাজারেও কমেছে শাকসবজি রপ্তানি
PA_01_CRM_001,Real,0,PA,CRM,0.7207,ডাকাতদের হামলার শিকার হওয়া কার্গো জাহাজ এমভি আব্দুল হাকিম-১। সুন্দরবনে জাহাজে হামলা: 'দস্যুরা নিচতলায় থাকা কর্মীদের জিম্মির পর মাস্টার ব্রিজে ঢোকার চেষ্টা করে'
PA_01_CRM_022,Real,0,PA,CRM,0.7449,সুন্দরবনে দস্যুদের মুক্তিপণ দিয়ে ফিরেছেন মৌয়ালরা। শনিবার কয়রা উপজেলার বানিয়াখালী ফরেস্ট স্টেশন সংলগ্ন এলাকায়। সুন্দরবনে দস্যুতা: ৮২ হাজার টাকা মুক্তিপণ দিয়ে ছাড়া পেলেন ১৩ মৌয়াল
PA_01_CRM_036,Real,0,PA,CRM,0.7184,"বাল্যবিয়ে সমাজের কোন স্তরে কেমন: দরিদ্র পরিবারে ৬০%, মধ্যবিত্ত পরিবারে ৫৫%, উচ্চ মধ্যবিত্ত পরিবারে ৫৪%, উচ্চ বিত্ত পরিবারে ৫০%। সূত্র: ব্র্যাকের সেলপ কর্মসূচির প্রতিবেদন, ২০২৩। শ্রমজীবী থেকে তারকা পরিবার, বাল্যবিবাহ যখন মগজে।"
PA_01_CRM_038,Real,0,PA,CRM,0.682,"পূর্বাচলে গরু বলে ঘোড়ার মাংস বিক্রি, জবাই করা ও জীবিত ২০টি ঘোড়া উদ্ধার"
PA_01_CRM_043,Real,0,PA,CRM,0.68,"গ্রাফিকস ডিজাইন শিখে নিজেই বানান জাল নোট, বাজারে গিয়ে ধরা"
PA_01_CRM_046,Real,0,PA,CRM,0.6415,"ডুয়েটে সংঘর্ষ ও অগ্নিসংযোগের ঘটনায় পুলিশের মামলায় আসামি ২৫০, ব্লকেড কর্মসূচি চলছে"
PA_01_CRM_052,Real,0,PA,CRM,0.7521,জিএফআইয়ের প্রতিবেদন: বাণিজ্যের আড়ালে বাংলাদেশ থেকে ১০ বছরে ৬ হাজার ৮৩০ কোটি ডলার পাচার
PA_01_CRM_064,Real,0,PA,CRM,0.6519,"কচিয়া থেকে আসা ঢাকাগামী লালন শাহ পরিবহন থেকে টার্মিনাল পার্কিং ফির নামে অতিরিক্ত নেওয়া হচ্ছে। রাজবাড়ীতে আবারও চাঁদাবাজি: টার্মিনাল পার্কিং ফি ৫০ টাকা, আদায় হচ্ছে ২০০ টাকা"
PA_01_CRM_076,Real,0,PA,CRM,0.6352,"উত্তরায় দম্পতির ওপর রামদা দিয়ে প্রকাশ্যে হামলা, ভিডিও ভাইরাল"
PA_01_CRM_081,Real,0,PA,CRM,0.5074,"ধানমন্ডিতে র‍্যাব পরিচয়ে ভবনে ঢুকে দুর্ধর্ষ ডাকাতি, পুলিশের ওপর হামলা, গ্রেপ্তার ৬"
PA_01_CRM_111,Real,0,PA,CRM,0.7031,"ছাত্র জনতার আন্দোলনে গুলি: ১২৬ অস্ত্রধারী শনাক্ত, গ্রেপ্তার ১৯"
PA_01_CRM_115,Real,0,PA,CRM,0.5138,মিটার বাণিজ্যে সাবেক প্রতিমন্ত্রী নসরুল হামিদের 'ভাই-বন্ধু' চক্র
PA_01_CRM_119,Real,0,PA,CRM,0.6614,"রাজশাহীতে রাস্তা দখল করে দোকানপাট, চলাচলে ভোগান্তি"
PA_01_CRM_137,Real,0,PA,CRM,0.5739,শাহজালাল বিমানবন্দরে ১৩০ কোটি টাকার কোকেনসহ বিদেশি নাগরিক আটক
PA_01_CRM_144,Real,0,PA,CRM,0.5929,মাদকদ্রব্য নিয়ন্ত্রণ অধিদপ্তরের কর্মকর্তা ৬০ হাজার ইয়াবাসহ গ্রেপ্তার
PA_01_CRM_145,Real,0,PA,CRM,0.6957,এবার পদ্মা ও মেঘনা কোম্পানিতে ডিজেল গায়েব: দেড় লাখ লিটার গেল কোথায়
PA_01_CRM_147,Real,0,PA,CRM,0.6664,"প্রথম আলো-ডেইলি স্টার ও দুটি সাংস্কৃতিক সংগঠনের কার্যালয়ে হামলায় শনাক্ত ৩১, গ্রেপ্তার ৯"
PA_01_CRM_176,Real,0,PA,CRM,0.7633,"শিশুকে ধর্ষণের পর হত্যা: দ্রুত বিচার দাবিতে মিরপুরে বিক্ষোভ, যান চলাচল বন্ধ"
PA_01_CRM_177,Real,0,PA,CRM,0.5107,"সাভারে সংবাদ সংগ্রহে গিয়ে মাদক কারবারির হামলার শিকার সাংবাদিক, আটক ৪"
PA_01_DIS_008,Real,0,PA,DIS,0.6903,"রাঙামাটির সাজেকে বজ্রপাতে তিন মাসের শিশু আহত, পরিবারের পাঁচ সদস্য নিহত"
PA_01_DIS_027,Real,0,PA,DIS,0.5242,"চট্টগ্রাম নগরে গতকাল মঙ্গলবার অঝোর বৃষ্টিতে বিভিন্ন এলাকায় জলাবদ্ধতা দেখা দেয়, বেশ কয়েকটি সড়ক পানির নিচে তলিয়ে যাওয়ায় ভোগান্তিতে পড়েন নগরবাসী। জলাবদ্ধতায় কষ্ট, চট্টগ্রামবাসীর কাছে প্রধানমন্ত্রীর দুঃখ প্রকাশ"
PA_01_DIS_040,Real,0,PA,DIS,0.667,"কুমিল্লায় বাস-ট্রেন সংঘর্ষ, নিহত ১২ জনের মধ্যে আছেন মা-দুই মেয়ে, স্বামী-স্ত্রী"
PA_01_DIS_093,Real,0,PA,DIS,0.6678,রাজধানীর দিয়াবাড়িতে বিমান বাহিনীর প্রশিক্ষণ বিমান বিধ্বস্ত
PA_01_DIS_106,Real,0,PA,DIS,0.7306,"ঢাকাসহ দেশের বিভিন্ন জায়গায় ভূমিকম্প, কেন্দ্রস্থল নরসিংদীর মাধবদী, আতঙ্কে অনেকে রাস্তায়"
PA_01_DIS_133,Real,0,PA,DIS,0.8235,"ফেনীর বন্যায় ১৪৬ কোটি টাকার ক্ষতি, এখনো পানিবন্দী সাত হাজার পরিবার"
PA_01_ENT_042,Real,0,PA,ENT,0.6831,অস্কার ২০২৬: কার হাতে কোন পুরস্কার। সেরা সিনেমা: ওয়ান ব্যাটল আফটার অ্যানাদার। সেরা পরিচালক: পল টমাস অ্যান্ডারসন। সেরা অভিনেত্রী: জেসি বাকলি। সেরা অভিনেতা: মাইকেল বি জর্ডান। পার্শ্বচরিত্রে সেরা অভিনেত্রী: অ্যামি ম্যাডিগান। পার্শ্বচরিত্রে সেরা অভিনেতা: শন পেন। সেরা আন্তর্জাতিক সিনেমা: সেন্টিমেন্টাল ভ্যালু। সেরা অ্যানিমেশন সিনেমা: কে-পপ ডেমন হান্টার্স। সেরা তথ্যচিত্র: মিস্টার নোবডি এগেইনস্ট পুতিন।
PA_01_ENT_142,Real,0,PA,ENT,0.6408,হা হা হা এটাই বাস্তব..ভাইরাল কাঠমিস্ত্রি রিপন মিয়ার জীবনের গল্প
PA_01_ENT_165,Real,0,PA,ENT,0.5107,"এগিয়ে বিজেপির রুদ্রনীল-রুপা, পিছিয়ে তৃণমূলের রাজ-সায়ন্তিকা"
PA_01_ENT_182,Real,0,PA,ENT,0.6792,"'মাস্টার সাহেব, আপনি আমার জন্য দুফোঁটা চোখের জল ফেলেছেন, তার প্রতিদানে আমি জনম জনম কাঁদিব!' ফেসবুকে দীপ্তি চৌধুরী"
PA_01_HLT_005,Real,0,PA,HLT,0.7979,"হামের উপসর্গে আরও ৩ শিশুর মৃত্যু, মোট মৃত্যু ৫৮৮"
PA_01_HLT_015,Real,0,PA,HLT,0.791,"কঙ্গো-উগান্ডার ইবোলা সংক্রমণ ছড়িয়ে পড়ার শঙ্কা, বৈশ্বিক জরুরি স্বাস্থ্য সতর্কতা ঘোষণা ডব্লিউএইচওর"
PA_01_HLT_077,Real,0,PA,HLT,0.697,সারা দেশে ৭০০ হাসপাতালে ফার্মেসি করতে যাচ্ছে সরকার
PA_01_HLT_091,Real,0,PA,HLT,0.7294,"করোনা বাড়ছে, পরীক্ষার কিট সংকট, টিকার মজুত কম"
PA_01_HLT_092,Real,0,PA,HLT,0.6059,"করোনাভাইরাস প্রতিরোধে স্বাস্থ্য অধিদপ্তরের ১১ দফা নির্দেশনা। সংক্রমণ প্রতিরোধে জনসাধারণের করণীয়: জনসমাগম যথাসম্ভব এড়িয়ে চলুন এবং উপস্থিত হতেই হলে সে ক্ষেত্রে অবশ্যই মাস্ক ব্যবহার করুন। শ্বাসতন্ত্রের রোগগুলো থেকে নিজেকে রক্ষার জন্য মাস্ক ব্যবহার করুন। হাঁচি বা কাশির সময় বাহু দিয়ে নাক-মুখ ঢেকে রাখুন। ব্যবহৃত টিস্যুটি অবিলম্বে ঢাকনাযুক্ত ময়লা ফেলার ঝুড়িতে ফেলুন। ঘন ঘন সাবান ও পানি কিংবা হ্যান্ড স্যানিটাইজার দিয়ে হাত ধুয়ে ফেলুন (অন্তত ২০ সেকেন্ড)। অপরিষ্কার হাতে চোখ, নাক ও মুখ ধরবেন না। আক্রান্ত ব্যক্তিদের সংস্পর্শ এড়িয়ে চলুন এবং কমপক্ষে ৩ ফুট দূরত্ব বজায় রাখুন। সন্দেহজনক রোগীদের ক্ষেত্রে করণীয়: জ্বর, কাশি ও শ্বাসকষ্টে আক্রান্ত হলে সুস্থ না হওয়া পর্যন্ত বাড়িতে থাকুন। রোগীর নাক-মুখ ঢাকার জন্য মাস্ক ব্যবহার করতে বলুন। রোগীর সেবাদানকারীরাও সতর্কতা হিসেবে মাস্ক ব্যবহার করুন। প্রয়োজন হলে কাছের হাসপাতালে অথবা আইইডিসিআর (০১৪০১-১৯৬২৯৩) অথবা স্বাস্থ্য বাতায়ন (১৬২৬৩)-এর নম্বরে যোগাযোগ করুন।"
PA_01_HLT_140,Real,0,PA,HLT,0.7258,"বায়ুদূষণে বিশ্বে আজ দ্বিতীয় ঢাকা, সুরক্ষায় নগরবাসীর কী করতে হবে"
PA_01_HLT_143,Real,0,PA,HLT,0.6868,পোড়া তেলে ভাজা শিঙারা-সমুচা খেলে স্বাস্থ্যঝুঁকি কতটা বাড়ে
PA_01_HLT_160,Real,0,PA,HLT,0.6294,"তাপপ্রবাহ ১৭ জেলায়, ঢাকায় তাপমাত্রা সামান্য কমল"
PA_01_HLT_171,Real,0,PA,HLT,0.6758,"হান্টা ভাইরাস কী, কীভাবে ছড়ায়, নিরাপদ থাকার উপায় জানুন"
PA_01_HLT_172,Real,0,PA,HLT,0.6377,"কঙ্গোতে ইবোলার প্রাদুর্ভাব, মৃত্যু ৬৫, ছড়িয়ে পড়ার শঙ্কা"
PA_01_INT_002,Real,0,PA,INT,0.5211,"পঞ্চগড় সদর উপজেলার বড়বাড়ি-প্রধানপাড়া সীমান্ত দিয়ে ঠেলে পাঠানো ১০ জন প্রায় ৫৯ ঘণ্টা ধরে শূন্যরেখার ফসলি জমির আইলে অবস্থান করছেন, রবিবার বেলা আড়াইটার দিকে তোলা। পঞ্চগড়ে 'পুশ ইন' চেষ্টা: রোদবৃষ্টিতে আড়াই দিন ধরে শূন্যরেখায় খোলা আকাশের নিচে ওঁরা ১০ জন"
PA_01_INT_019,Real,0,PA,INT,0.6741,"যেকোনো আগ্রাসনের দাঁতভাঙা জবাব দেওয়া হবে, ট্রাম্পের প্রতিক্রিয়ায় ইরান। মার্কিন প্রেসিডেন্ট ডোনাল্ড ট্রাম্প (বাঁয়ে) ও ইরানের পার্লামেন্ট স্পিকার মোহাম্মদ বাঘের গালিবাফ।"
PA_01_INT_026,Real,0,PA,INT,0.7811,"ইরানের কারাগারে গুরুতর অসুস্থ নোবেলজয়ী নার্গিস মোহাম্মদি, হাসপাতালে ভর্তি"
PA_01_INT_053,Real,0,PA,INT,0.79,"হরমুজ সংকটের মধ্যে দিনে ১৪ কোটি ডলারের তেল বিক্রি করছে ইরান, যুদ্ধের মধ্যেও বেড়েছে আয়"
PA_01_INT_056,Real,0,PA,INT,0.5874,"রয়টার্সের বিশেষ প্রতিবেদন: মধ্যপ্রাচ্যে সংঘাত: ইরান ছাড়াও ইরাকে বোমা হামলা চালিয়েছে সৌদি আরব। সৌদি আরবের রিয়াদের কিং ফয়সাল এয়ার কলেজে দেখা যাচ্ছে এফ-১৫এসএ যুদ্ধবিমান, ২৫ জানুয়ারি ২০১৭।"
PA_01_INT_069,Real,0,PA,INT,0.6491,বিবিসির ২০২৪ সালের ১০০ নারীর তালিকায় বাংলাদেশি রিক্তা আক্তার বানু
PA_01_INT_075,Real,0,PA,INT,0.7679,যুক্তরাষ্ট্রে মাঝ আকাশে উড়োজাহাজ-হেলিকপ্টার সংঘর্ষ
PA_01_INT_101,Real,0,PA,INT,0.7979,"ইসরায়েলি বাহিনী আমাদের আটকে দিয়েছে, আমাকে অপহরণ করেছে: শহিদুল আলম"
PA_01_INT_124,Real,0,PA,INT,0.653,গাজার উত্তরাঞ্চলে ফিরতে আল-রশিদ সড়ক ধরে হাঁটছেন বাস্তুচ্যুত ফিলিস্তিনিরা। 'আমি শুধু বাড়ি ফিরতে চাই': ইসরায়েলের বাধায় রাস্তায় আটকে পড়া ফিলিস্তিনির আর্তি
PA_01_INT_128,Real,0,PA,INT,0.7399,ট্রাম্পের শুল্কনীতি মন্দার চেয়ে খারাপ পরিস্থিতির শঙ্কা
PA_01_INT_146,Real,0,PA,INT,0.6882,"আত্মসমর্পণের দলিলে সই করছেন পাকিস্তানি বাহিনীর পূর্বাঞ্চলীয় কমান্ডের অধিনায়ক লেফটেন্যান্ট জেনারেল এ এ কে নিয়াজি, পাশে মিত্রবাহিনীর লেফটেন্যান্ট জেনারেল জগজিৎ সিং অরোরা, রেসকোর্স ময়দান, ১৬ ডিসেম্বর ১৯৭১ ১৬ ডিসেম্বরের বিজয়ে অর্জিত হলো স্বাধীন বাংলাদেশ"
PA_01_INT_158,Real,0,PA,INT,0.6529,চন্দ্রাভিযান শেষে পৃথিবীতে ফিরলেন চার নভোচারী
PA_01_INT_163,Real,0,PA,INT,0.7009,"ইরান যুদ্ধ নিয়ে জার্মান চ্যান্সেলরের সঙ্গে বিরোধ, ৫ হাজার সেনা সরাচ্ছে যুক্তরাষ্ট্র"
PA_01_INT_166,Real,0,PA,INT,0.6071,"আমি সাধারণ মানুষ, রাজপরিবার থেকে আসিনি প্রথম ভাষণে মুখ্যমন্ত্রী বিজয় তামিলনাডুর মুখ্যমন্ত্রী চন্দ্রশেখর জোসেফ বিজয় (থালাপতি বিজয়)"
PA_01_INT_183,Real,0,PA,INT,0.6359,"দ্য ওয়াশিংটন পোস্টের অনুসন্ধান: এপস্টেইনের কাছে কেন তরুণীদের পাঠাতেন মডেলিং এজেন্ট, এখন কী বলছেন তিনি"
PA_01_POL_013,Real,0,PA,POL,0.6079,"নোয়াখালীর সুবর্ণচরে মেঘনার ভাঙনকবলিত এলাকা পরিদর্শন করেন পানিসম্পদ মন্ত্রী শহিদ-উদ্দিন এ্যানি, আজ দুপুরে সোহামদপুর ইউনিয়নের কাটাখালি এলাকায়। মেঘনার ভাঙন রোধে স্থায়ী বাঁধ নির্মাণ করা হবে: পানিসম্পদমন্ত্রী"
PA_01_POL_059,Real,0,PA,POL,0.6032,"আওয়ামী লীগারদের মধ্যে অনুশোচনার কোনো লক্ষণ দেখা যাচ্ছে না; বরং তারা সামাজিক যোগাযোগমাধ্যমে নানা রকম অপপ্রচার চালাচ্ছে। আমি মনে করি, আওয়ামী লীগ যদি ক্ষমা না চায়, তাহলে তাদের রাজনীতি করারও নৈতিক অধিকার নেই। আন্দালিব রহমান পার্থ, চেয়ারম্যান, বাংলাদেশ জাতীয় পার্টি"
PA_01_POL_060,Real,0,PA,POL,0.6302,"রংপুরের বেগম রোকেয়া বিশ্ববিদ্যালয়ের শিক্ষার্থী আবু সাঈদ, গত ১৬ জুলাই কোটা সংস্কার আন্দোলনে পুলিশের গুলিতে তিনি নিহত হন। ছাত্র আন্দোলনে নিহত আবু সাঈদ স্নাতকে উত্তীর্ণ, মেধাতালিকায় ১৪তম"
PA_01_POL_061,Real,0,PA,POL,0.5227,সরকার: সরকারি চাকরিতে প্রবেশের সর্বোচ্চ বয়সসীমা ৩২ বছর করার সিদ্ধান্ত
PA_01_POL_067,Real,0,PA,POL,0.712,"মানুষ যাতে পছন্দের প্রার্থীকে ভোট দিতে পারে, সর্বোচ্চ চেষ্টা করব: এ এম এম নাসির উদ্দীন, নবনিযুক্ত প্রধান নির্বাচন কমিশনার (সিইসি)"
PA_01_POL_078,Real,0,PA,POL,0.7562,"তরুণদের দলের নাম 'জাতীয় নাগরিক পার্টি', শীর্ষ পাঁচ পদে নাম চূড়ান্ত"
PA_01_POL_085,Real,0,PA,POL,0.6058,প্রধান নির্বাচন কমিশনার (সিইসি) এ এম এম নাসির উদ্দীন। গেজেট পাওয়ার পর আওয়ামী লীগের বিষয়ে সিদ্ধান্ত নেবে নির্বাচন কমিশন: সিইসি
PA_01_POL_086,Real,0,PA,POL,0.5361,"সরকার, স্বরাষ্ট্র মন্ত্রণালয়: আওয়ামী লীগের কার্যক্রম নিষিদ্ধ প্রজ্ঞাপন জারি"
PA_01_POL_100,Real,0,PA,POL,0.6171,"জাতীয় লীগ কেন্দ্রীয় কার্যালয়: ১/এ/১, শহীদ নূর হোসেন টাওয়ার, ২য় কলোনী, মাজার রোড, দারুস সালাম থানা, ঢাকা-১৯১৬, মিরপুর। সিঁড়ি পেরিয়ে কিছুটা ওপরে উঠতেই এক কক্ষের ছোট্ট একটা কার্যালয়। কক্ষের সামনের দেয়ালে 'বাংলাদেশ জাতীয় লীগ' লেখা ছোট ব্যানার টাঙানো আছে। 'বাংলাদেশ জাতীয় লীগ' নিবন্ধন পেতে যাওয়া দল গঠনতন্ত্র দেখাতে চায় না"
PA_01_POL_103,Real,0,PA,POL,0.6633,চাকসু নির্বাচন: ভিপি-জিএসসহ ২৪টি পদে ছাত্রশিবিরের জয়
PA_01_POL_108,Real,0,PA,POL,0.5525,"তরুণ প্রজন্মই আগামীতে দেশ গড়ে তুলবে। আমরা দেশের শান্তি চাই, আমরা দেশের শান্তি চাই, আমরা দেশের শান্তি চাই। মার্টিন লুথারের 'আই হ্যাভ অ্যা ড্রিম'-এর উক্তি উল্লেখ করে বলছি, 'আই হ্যাভ অ্যা প্ল্যান': দেশকে গড়ে তুলতে পরিকল্পনা রয়েছে, আর এজন্য প্রত্যেক মানুষের সহযোগিতা আমাদের প্রয়োজন। তারেক রহমান, বিএনপির ভারপ্রাপ্ত চেয়ারম্যান"
PA_01_POL_109,Real,0,PA,POL,0.5834,"অন্তর্বর্তী সরকারের প্রধান উপদেষ্টা ড. মুহাম্মদ ইউনূস। বিশেষ সাক্ষাৎকার, পর্ব ১: জেলে না গিয়ে বঙ্গভবনে শপথ নিলাম: ড. ইউনূস"
PA_01_POL_113,Real,0,PA,POL,0.5724,ব্যারিস্টার সুমন ঢাকার মিরপুর থেকে গ্রেপ্তার
PA_01_POL_116,Real,0,PA,POL,0.7593,"অন্তর্বর্তী সরকারের ১০০ দিন পূর্তি উপলক্ষে আজ রোববার জাতির উদ্দেশে ভাষণ দেন প্রধান উপদেষ্টা মুহাম্মদ ইউনূস। জাতির উদ্দেশে ভাষণে প্রধান উপদেষ্টা: নির্বাচনের ট্রেন যাত্রা শুরু করেছে, এটা আর থামবে না"
PA_01_POL_118,Real,0,PA,POL,0.6898,"বিএনপির ভারপ্রাপ্ত চেয়ারম্যান তারেক রহমান। নির্বাচন যত দেরিতে হবে, ততই ষড়যন্ত্র বাড়বে: তারেক রহমান"
PA_01_POL_122,Real,0,PA,POL,0.6518,"বিশেষ সাক্ষাৎকারে সেনাপ্রধান জেনারেল ওয়াকার-উজ-জামান: একটা নতুন স্বপ্ন, নতুন সময়ের পরিবর্তনের মধ্যে রয়েছি"
PA_01_POL_135,Real,0,PA,POL,0.7662,ফিরে দেখা: ৫ আগস্ট অভ্যুত্থানের মুখে পালিয়ে গেলেন শেখ হাসিনা
PA_01_POL_150,Real,0,PA,POL,0.6527,"বিদায় খালেদা জিয়া: সব চেষ্টা ব্যর্থ, চলে গেলেন সাবেক প্রধানমন্ত্রী"
PA_01_POL_185,Real,0,PA,POL,0.634,"সরকার ৫ লাখ কর্মচারী নিয়োগ দেবে, জনপ্রশাসনে ২৮৭৯ জন নিয়োগে কার্যক্রম চলছে: প্রধানমন্ত্রী"
PA_01_SPT_004,Real,0,PA,SPT,0.5618,সান মারিনোর বিপক্ষে কেমন খেলে জিতল বাংলাদেশ
PA_01_SPT_037,Real,0,PA,SPT,0.557,বিশ্বকাপে ইতালিয়ান ট্র্যাজেডির 'হ্যাটট্রিক'। টাইব্রেকারে মিসের পর ইতালির এসপোসিতো।
PA_01_SPT_049,Real,0,PA,SPT,0.68,সাফ অনূর্ধ্ব-২০ ফুটবল: সুলিভানদের অভিনন্দন জানালেন প্রধানমন্ত্রী তারেক রহমান। সাফ অনূর্ধ্ব-২০ চ্যাম্পিয়নশিপ জেতার পর খেলোয়াড়দের নিয়ে উচ্ছ্বাস।
PA_01_SPT_099,Real,0,PA,SPT,0.6669,বিসিবি নির্বাচন থেকে সরে দাঁড়িয়ে তামিম বললেন: ক্রিকেটের ফিক্সিং বন্ধ করার আগে নির্বাচনের ফিক্সিং বন্ধ করেন
PA_01_SPT_105,Real,0,PA,SPT,0.6903,"ক্যারিয়ারের শততম টেস্টে সেঞ্চুরির পর মুশফিক। মুশফিকের ইতিহাস, শততম টেস্টে করলেন সেঞ্চুরি, মিরপুর।"
PA_01_SPT_127,Real,0,PA,SPT,0.6233,"বিমানবন্দরের লাউঞ্জে হামজা চৌধুরী। 'আফনারা সবাই আসছেন আমারে দেখবার লাগি, বাংলাদেশ জিন্দাবাদ': নিজের বাড়িতে সংবর্ধনা মঞ্চে হামজা"
PA_01_SPT_161,Real,0,PA,SPT,0.7866,জব্বারের বলীখেলায় আবার চ্যাম্পিয়ন 'বাঘা' শরীফ
PA_01_SPT_164,Real,0,PA,SPT,0.5545,"বিশ্বকাপ খেলা নিয়ে অনিশ্চয়তা: ফিফার সঙ্গে 'অনেক কিছু' আলোচনা করবে ইরান। ইরান ফুটবল দল যুক্তরাষ্ট্রে বিশ্বকাপের ম্যাচ খেলবে কি না, তা নিয়ে অনিশ্চয়তা কাটছেই না।"
SM_01_BIZ_023,Real,0,SM,BIZ,0.8158,কাঁঠাল খুলেছে রপ্তানির সম্ভাবনার দ্বার
SM_01_BIZ_046,Real,0,SM,BIZ,0.6216,শুল্ক কমিয়ে আলু-পেঁয়াজের দাম নিয়ন্ত্রণে রাখার চেষ্টা
SM_01_BIZ_049,Real,0,SM,BIZ,0.5528,"আশুলিয়ায় শ্রমিক বিক্ষোভ, কমপক্ষে ৬০ পোশাক কারখানায় ছুটি ঘোষণা"
SM_01_BIZ_226,Real,0,SM,BIZ,0.5376,চামড়া উন্নতমানের হলেও দাম আন্তর্জাতিক বাজার পরিস্থিতির ওপর নির্ভরশীল: প্রাণিসম্পদমন্ত্রী
SM_01_CRM_133,Real,0,SM,CRM,0.5209,"পল্লবীর এক বাসা থেকে ৬১টি চোরাই ল্যাপটপ উদ্ধার, গ্রেপ্তার ২"
SM_01_CRM_231,Real,0,SM,CRM,0.5645,প্রাইভেটকারে গরু তুলে পালানোর সময় আটক দুই চোর
SM_01_DIS_021,Real,0,SM,DIS,0.5726,"মিলিমিটার বৃষ্টিতেই রাজধানীতে জলাবদ্ধতা, ভোগান্তিতে নগরবাসী"
SM_01_DIS_043,Real,0,SM,DIS,0.504,"সাগরে লঘুচাপ, বিভাগে ভারী বৃষ্টির পূর্বাভাস"
SM_01_DIS_224,Real,0,SM,DIS,0.522,ফটিকছড়িতে পৃথক দুর্ঘটনায় শিশুসহ ৪ জনের মৃত্যু
SM_01_ENT_022,Real,0,SM,ENT,0.8395,"বিশ্ব সংগীত দিবস আজ, সুরের ভাষায় মানুষের মিলন"
SM_01_ENT_035,Real,0,SM,ENT,0.5715,রাজনীতি নিয়ে শিল্পীরা কথা বলবেন কিন্তু দলের হাতিয়ার হিসেবে নয়: চমক
SM_01_ENT_233,Real,0,SM,ENT,0.6292,"পারিশ্রমিক চাওয়ায় মারধর, লাইভে এসে কাঁদলেন 'লাপাতা লেডিস' অভিনেতা"
SM_01_HLT_013,Real,0,SM,HLT,0.5775,১৪ মাস পর ভিটামিন 'এ' ক্যাপসুল পাচ্ছে কোটি ৩৫ লাখ শিশু
SM_01_HLT_048,Real,0,SM,HLT,0.5623,"নিরাপত্তাহীনতায় হাসপাতালে আসেননি ৪১ চিকিৎসক, রোগীদের দুর্ভোগ ঝুঁকিতে"
SM_01_HLT_127,Real,0,SM,HLT,0.5525,রোজায় পানিশূন্যতা রোধে যেসব খাবার এড়িয়ে চলবেন
SM_01_INT_017,Real,0,SM,INT,0.5292,হরমুজে 'সার্ভিস ফি' আরোপ নিয়ে যৌথ বিবৃতি দিল ইরান-ওমান
SM_01_POL_025,Real,0,SM,POL,0.5113,"কোটা সংস্কার দাবি, সারাদেশে ঝরল ৭ প্রাণ"
SM_01_POL_029,Real,0,SM,POL,0.6401,বৈষম্যবিরোধী ছাত্র আন্দোলন: ফ্যাসিবাদের দোসর-সমর্থক কেউ সরকারে থাকতে পারবেন না
SM_01_POL_030,Real,0,SM,POL,0.5788,"অন্তর্বর্তী সরকার হবে, প্রধানমন্ত্রী পদত্যাগ করেছেন: সেনাপ্রধান"
SM_01_POL_032,Real,0,SM,POL,0.656,মোদিকে ফোন করে সংখ্যালঘুদের সুরক্ষার আশ্বাস ড. ইউনূসের
SM_01_POL_041,Real,0,SM,POL,0.5816,আসিফ মাহমুদ: আওয়ামী লীগকে রাজনীতিতে পুনর্বাসন করতে দেওয়া হবে না
SM_01_POL_045,Real,0,SM,POL,0.5574,পাচারের অর্থ ফেরত আনতে টাস্কফোর্স গঠন হচ্ছে: অর্থ উপদেষ্টা
SM_01_POL_116,Real,0,SM,POL,0.5225,চেষ্টা সত্ত্বেও ব্যাংক বাঁচানো যাবে না: গভর্নর
SM_01_POL_179,Real,0,SM,POL,0.502,জুলাইযোদ্ধাদের ওপর হামলার প্রতিবাদে চবিতে শিবিরের বিক্ষোভ
SM_01_POL_205,Real,0,SM,POL,0.548,ভালো নির্বাচন উপহার দিতে প্রস্তুত অন্তর্বর্তী সরকার: প্রেস সচিব
SM_01_SPT_181,Real,0,SM,SPT,0.5967,ক্যারিয়ার সেরা র‍্যাঙ্কিংয়ে রিশাদ; ইমন-শরিফুলদের বড় লাফ
SM_01_SPT_237,Real,0,SM,SPT,0.7201,"শেষ মুহূর্তের নাটকীয়তায় নকআউটে আলজেরিয়া, বিদায় অস্ট্রিয়া"
ST_01_BIZ_003,Real,0,ST,BIZ,0.5606,"প্রস্তাবিত বাজেট সন্তোষজনক, বাস্তবায়নই মূল চ্যালেঞ্জ: বিকেএমইএ"
ST_01_BIZ_040,Real,0,ST,BIZ,0.6358,খেলাপি সার্টিফিকেট 'ক্লিন' করতে বাংলাদেশ ব্যাংকে রাজনীতিবিদ ও তারকাদের ভিড়
ST_01_BIZ_043,Real,0,ST,BIZ,0.5528,দেশের রিজার্ভ আরও বেড়ে ৩৪.৮২ বিলিয়ন ডলার
ST_01_CRM_017,Real,0,ST,CRM,0.6552,রাজধানীতে দিনেদুপুরে ব্যবসায়ীকে গুলি করে ১৭ লাখ টাকা ছিনতাই
ST_01_CRM_066,Real,0,ST,CRM,0.584,"চুয়াডাঙ্গায় ৭১ বছরের বৃদ্ধাকে ধর্ষণের অভিযোগ, যুবক গ্রেফতার"
ST_01_CRM_072,Real,0,ST,CRM,0.7777,"৪ বছরের শিশুকে ধর্ষণ: আসামির যাবজ্জীবন, সাতক্ষীরা"
ST_01_CRM_077,Real,0,ST,CRM,0.5937,"দেশে ধর্ষণের ঘটনা বেড়েছে ২৭ শতাংশ, বিচার চেয়ে উল্টো লাঞ্ছিত ভুক্তভোগী!"
ST_01_CRM_090,Real,0,ST,CRM,0.5653,"স্ত্রী-সন্তানসহ জনকে গলা কেটে হত্যা, স্বামী পলাতক"
ST_01_CRM_124,Real,0,ST,CRM,0.7157,নেত্রকোনায় শিশু ধর্ষণের অভিযোগে মাদ্রাসার পরিচালক আমানউল্লাহ র‍্যাবের হাতে আটক
ST_01_CRM_145,Real,0,ST,CRM,0.6309,স্কুলে যাওয়ার পথে ছাত্রীকে তুলে নিয়ে দিনভর ধর্ষণ: মুমূর্ষু অবস্থায় হাসপাতালে ভর্তি
ST_01_DIS_011,Real,0,ST,DIS,0.6444,"কিউবায় '১৫০ বছরের মধ্যে' সবচেয়ে শক্তিশালী ভূমিকম্প, কাঁপল মেক্সিকো-ফ্লোরিডা"
ST_01_DIS_058,Real,0,ST,DIS,0.6657,ভারতের পশ্চিমবঙ্গে কালবৈশাখী ঝড়ের তাণ্ডবে অন্তত আটজনের মৃত্যু
ST_01_DIS_060,Real,0,ST,DIS,0.5941,"ভারতের উত্তর প্রদেশে ঝড়ের সময় নির্মাণাধীন সেতু ধসে ছয় শ্রমিক নিহত, ধ্বংসস্তূপের নিচে আটকা কয়েকজন"
ST_01_DIS_073,Real,0,ST,DIS,0.6028,চীনের গুয়াংডং প্রদেশে বন্যায় ক্ষতিগ্রস্ত হলো ব্রিজ!
ST_01_ENT_063,Real,0,ST,ENT,0.5913,ছেলের প্রাইভেসির সুরক্ষায় 'জাপান ভ্লগ' বন্ধের ঘোষণা বিশ্বখ্যাত ইউটিউবার পিউডিপাইয়ের
ST_01_HLT_009,Real,0,ST,HLT,0.5295,২৪ ঘণ্টায় হামের উপসর্গ নিয়ে আরও ৮ শিশুর মৃত্যু
ST_01_HLT_087,Real,0,ST,HLT,0.7214,"হাম নিয়ে নতুন উদ্বেগ, আক্রান্ত হচ্ছেন বয়স্করাও"
ST_01_INT_012,Real,0,ST,INT,0.6192,"ইরানে আর হামলা হলে আপনাকে 'একাই সামলাতে' হবে, নেতানিয়াহুকে সতর্কবার্তা ট্রাম্পের"
ST_01_INT_015,Real,0,ST,INT,0.5859,'হাই অ্যালার্ট': ইসরায়েলের দিকে ধেয়ে যাচ্ছে ইরানি মিসাইলের ঢেউ!
ST_01_INT_023,Real,0,ST,INT,0.5169,গাজাগামী ত্রাণবাহী নৌবহরকে বাধা দেয়ার চেষ্টা ইসরায়েলি যুদ্ধজাহাজের
ST_01_INT_033,Real,0,ST,INT,0.6136,ইসরাইলি বোমায় একই পরিবারের ১২ সদস্য নিহত
ST_01_INT_035,Real,0,ST,INT,0.5011,গাজায় ঢুকে হামাসকে হত্যা করার হুমকি ট্রাম্পের
ST_01_INT_041,Real,0,ST,INT,0.5691,ইরানে সামরিক অভিযান সমাপ্ত হয়েছে: মার্কো রুবিও
ST_01_INT_045,Real,0,ST,INT,0.6277,বাংলাদেশসহ ৬০ দেশের ওপর নতুন শুল্ক আরোপের পরিকল্পনা যুক্তরাষ্ট্রের
ST_01_INT_070,Real,0,ST,INT,0.5936,ট্রাম্প কন্যা ইভাঙ্কাকে হত্যার পরিকল্পনায় জড়িত ইরান: দাবি যুক্তরাষ্ট্রের
ST_01_INT_071,Real,0,ST,INT,0.6695,আফগানিস্তানে বাল্যবিবাহকে আইনি স্বীকৃতি দিলো তালেবান!
ST_01_INT_081,Real,0,ST,INT,0.7484,সিনেমা ও টিভিতে ৬০ শতাংশ আর্থিক প্রণোদনার ঘোষণা সৌদি আরবের
ST_01_INT_084,Real,0,ST,INT,0.6804,ইরানের ১৪-দফা প্রস্তাব মেনে নেয়া ছাড়া যুক্তরাষ্ট্রের আর কোনো বিকল্প নেই: গালিবফ
ST_01_INT_093,Real,0,ST,INT,0.6477,হরমুজ প্রণালিতে গোয়েন্দা ড্রোন ভূপাতিত করলো ইরান
ST_01_INT_119,Real,0,ST,INT,0.502,ফোনালাপ ফাঁস: যেভাবে খামেনিকে হত্যার ছক কষেছিলেন ট্রাম্প-নেতানিয়াহু
ST_01_INT_126,Real,0,ST,INT,0.6328,রাজনীতিতে আসতে চাপ দেয়ায় মা-বাবার বিরুদ্ধে মামলা করেছিলেন থালাপতি বিজয়
ST_01_INT_128,Real,0,ST,INT,0.5357,"৫০ আমরা হারিনি, ১০০টা আসন লুট করে নেওয়া হয়েছে, নির্বাচন কমিশনই ভিলেন: মমতা বন্দ্যোপাধ্যায়"
ST_01_INT_129,Real,0,ST,INT,0.7177,রাজনৈতিক সংকটের কোনো সামরিক সমাধান হয় না: আরাঘচি
ST_01_INT_130,Real,0,ST,INT,0.5842,হুমকি ট্রাম্পের: মার্কিন জাহাজে হামলা হলে ইরানকে 'পৃথিবীর বুক থেকে মুছে ফেলা হবে'
ST_01_INT_132,Real,0,ST,INT,0.6291,পশ্চিমবঙ্গে 'জয় বাংলা' ও 'জয় শ্রী রাম' স্লোগান দিয়ে মমতা ও মোদির দলের সংঘাত!
ST_01_INT_135,Real,0,ST,INT,0.6787,দক্ষিণ এশিয়ায় পুতিনের সেনারা আসছে? ভারতের চালে আমেরিকাকে পাল্টা মার রাশিয়ার
ST_01_POL_006,Real,0,ST,POL,0.5269,"৫৫ লাখ পরিবারকে ১৫ টাকা কেজিদরে চাল দেবে সরকার, জাতীয় বাজেট ২০২৬-২৭"
ST_01_POL_027,Real,0,ST,POL,0.5028,রাজনীতিতে জড়ানোকে ভুল মনে করেন না সাকিব
ST_01_POL_032,Real,0,ST,POL,0.5719,"এবার এনসিপি থেকে পদত্যাগ করলেন তাজনূভা জাবীন, জানালেন কারণ"
ST_01_POL_082,Real,0,ST,POL,0.6191,ফারাক্কা বাঁধ আন্তর্জাতিক ষড়যন্ত্র: মির্জা ফখরুল
ST_01_POL_094,Real,0,ST,POL,0.5142,প্রতিবেশী দেশের সঙ্গে সম্পর্ক স্থিতিশীল রাখতে চায় সরকার: মির্জা ফখরুল
ST_01_POL_096,Real,0,ST,POL,0.5929,সাত বছর পর রাজনৈতিক কর্মসূচিতে যোগ দিচ্ছেন খালেদা জিয়া
ST_01_POL_098,Real,0,ST,POL,0.5506,৫ আগস্টের মতো গণজোয়ার সৃষ্টির ঘোষণা বৈষম্যবিরোধী ছাত্র আন্দোলনের
ST_01_POL_103,Real,0,ST,POL,0.6331,দেশীয় কি ভারতীয় শাড়ি রাস্তায় ফেলে আগুনে পোড়ালেন রিজভী
ST_01_POL_122,Real,0,ST,POL,0.5648,রাজনীতিতে যোগ দিয়ে পরামর্শ ও সমর্থন চাইলেন ডা. তাসনিম জারা
ST_01_POL_127,Real,0,ST,POL,0.68,পিরোজপুরের বেহাল সড়ক দ্রুত মেরামতের নির্দেশ দিলেন প্রধানমন্ত্রী
ST_01_POL_137,Real,0,ST,POL,0.6219,এনসিপিতে যোগ দিচ্ছেন না দেশের প্রথম ওয়ানডে সেঞ্চুরিয়ান অপি
ST_01_SPT_002,Real,0,ST,SPT,0.5711,প্রথমার্ধে প্যারাগুয়ের জালে যুক্তরাষ্ট্রের তিন গোল
ST_01_SPT_019,Real,0,ST,SPT,0.6186,কক্সবাজারে ৫শতাধিক মোটরসাইকেল নিয়ে আর্জেন্টিনা সমর্থকদের শোডাউন
ST_01_SPT_029,Real,0,ST,SPT,0.5114,এনরিকের সঙ্গে আজীবন চুক্তির কথা ভাবছে পিএসজি
ST_01_SPT_030,Real,0,ST,SPT,0.6456,"প্রীতি ম্যাচের জন্য দল ঘোষণা ব্রাজিলের, দলে ফিরলেন ভিনিসিউস-রদ্রিগো"
ST_01_SPT_044,Real,0,ST,SPT,0.5825,ক্যাম্পে মেসির আলাদা অনুশীলনের কারণ জানাল আর্জেন্টিনা
ST_01_SPT_052,Real,0,ST,SPT,0.534,"ইল্যান্ডকে কিনবেন বলে ঘোষণা রিয়ালের প্রেসিডেন্ট প্রার্থীর, ব্যবস্থা নেবে ম্যানসিটি"
ST_01_SPT_055,Real,0,ST,SPT,0.6286,নারী সাফ চ্যাম্পিয়নশিপ: বাংলাদেশকে বড় ব্যবধানে হারাল ভারত
ST_01_SPT_091,Real,0,ST,SPT,0.5058,বিশ্বকাপের মঞ্চে নেইমারকে দেখতে চান মেসি
ST_01_SPT_095,Real,0,ST,SPT,0.6078,"গত তিন বিশ্বকাপে নির্ভুল ভবিষ্যদ্বাণী করা প্রতিষ্ঠান জানিয়েছে, এবার বিশ্বচ্যাম্পিয়ন হবে নেদারল্যান্ডস"
ST_01_SPT_113,Real,0,ST,SPT,0.5695,একাধিক সুযোগ মিস করে মালদ্বীপের কাছে হারল বাংলাদেশ
ST_01_SPT_131,Real,0,ST,SPT,0.6472,পিএসএল চ্যাম্পিয়ন হয়ে দেশে ফিরলেন নাহিদ রানা
ST_01_SPT_146,Real,0,ST,SPT,0.5889,মালদ্বীপে চার জাতি টুর্নামেন্টে বাংলাদেশ অলিম্পিক দলের কোচের দায়িত্ব পালন করবেন মারুফুল হক
BK_02_CRM_037,Fake,1,BK,CRM,0.6077,"নতুন পোশাকে 'নাইট গার্ড' ভেবে পুলিশকে আক্রমণ, হাত-মুখ বেঁধে মানিব্যাগ ছিনতাই করল অজ্ঞান পার্টি"
BK_02_CRM_040,Fake,1,BK,CRM,0.5284,বেটারি গলিতে গাঁজা বিক্রি করার সময় ধরা খেলেন ছাত্রলীগের এক কর্মী
BK_02_CRM_238,Fake,1,BK,CRM,0.6198,"ভিডিও কলে চুমু না দেওয়ায় ঘুমের ওষুধ খেয়ে আত্মহত্যার চেষ্টা মেঘমল্লার বসুর, হাসপাতালে ভর্তি"
BK_02_ENT_016,Fake,1,BK,ENT,0.6364,"পাছায় ফোঁড়া হওয়ার জন্য ঠিকমতো বসতেও পারি না, খেলতেও পারি না: গোয়া আহসান"
BK_02_ENT_017,Fake,1,BK,ENT,0.6706,৭১-এর প্রতিশোধ নিতে জুটি বাঁধছেন শাকিব-হানিয়া
BK_02_ENT_065,Fake,1,BK,ENT,0.6747,"বিয়ে করেছেন টেক টিউবার স্যাম জোন, বিয়ের রিভিউ চাচ্ছেন ভক্তরা"
BK_02_ENT_087,Fake,1,BK,ENT,0.7068,মিথিলার কালাজাদুতে ভেঙে যাচ্ছে তাহসান-রোজার সংসার
BK_02_ENT_090,Fake,1,BK,ENT,0.6785,পরকীয়া প্রেমের পর অবশেষে বিয়ে করেছেন জেফার ও রাফসান
BK_02_ENT_091,Fake,1,BK,ENT,0.6382,বাসর ঘরে লাইট বন্ধ করায় দেখা যায়নি রাফসানকে
BK_02_ENT_097,Fake,1,BK,ENT,0.6304,ফ্যামিলি কার্ডের আশায় ৭৮ বছরের তরুণীকে বিয়ে করলেন ভারতীয় যুবক
BK_02_ENT_125,Fake,1,BK,ENT,0.5987,গুলশানে পথচারীকে মারধর: সেই রুশ-বাংলা মডেল মনিকাকে সিদ্ধ আলু দিতে লিগ্যাল নোটিশ
BK_02_ENT_143,Fake,1,BK,ENT,0.6925,"মা হচ্ছেন রেশমিকা, মামা হচ্ছেন আমির হামজা"
BK_02_ENT_151,Fake,1,BK,ENT,0.6417,পিতৃপরিচয়হীন শিশু স্বাধীনতা পুরস্কার পেলেন জায়মা রহমান
BK_02_ENT_221,Fake,1,BK,ENT,0.636,"আমি পাকিস্তান থেকে আসা হালাল সাদা পাউডার ও অতিরিক্ত খাজা সেবন করে এই বৃদ্ধা লোকটিকে পিটিয়েছি, আমি আর সাদা পাউডার বা খাজা খেয়ে অভিযান পরিচালনা করতে যাবো না: সর্বমিত্র চাকমা"
BK_02_HLT_178,Fake,1,BK,HLT,0.6199,"চিকিৎসা নিতে সহ-পরিবারে লন্ডনে গেছে রাষ্ট্রপতি চুপনু, ফিরতে লাগবে ১৭ বছর"
BK_02_HLT_193,Fake,1,BK,HLT,0.6028,হাম বিষয়ক সেমিনার করছে হাম্বালীগের নন-ডিগ্রি চিকিৎসা বিশেষজ্ঞ
BK_02_INT_036,Fake,1,BK,INT,0.6561,ভারতের জাতির পিতা ফজলু গান্ধী
BK_02_INT_068,Fake,1,BK,INT,0.6448,পিরিয়ড নিয়ে সাংবাদিকতা করলেন ময়ূখ রঞ্জন চোদন
BK_02_INT_078,Fake,1,BK,INT,0.6563,ভেনেজুয়েলার প্রেসিডেন্ট মাদুরোকে গ্রেফতারের পর হোয়াইট হাউসের পিছনে তাকে সিগারেট খেতে দেখা যায়
BK_02_INT_082,Fake,1,BK,INT,0.5823,"মোদি আমাকে বলেছিলেন, 'আব্বা, আমি কি আপনার সঙ্গে একটু দেখা করতে পারি': ট্রাম্প"
BK_02_INT_116,Fake,1,BK,INT,0.6511,"জাতিসংঘ নির্বাচনের খোঁজখবর রাখছেন নগর ড্যাডি ইসরাক, প্রার্থী হতে পারেন মহাসচিব পদে"
BK_02_INT_119,Fake,1,BK,INT,0.5531,ইরানের অনুরোধে ইসরায়েলের বিরুদ্ধে ক্ষেপণাস্ত্র হামলা চালাবেন উত্তর কোরিয়ার কিম জং উন
BK_02_INT_176,Fake,1,BK,INT,0.5903,বাঙালি মুসলিম অবৈধ অনুপ্রবেশকারী শেখ হাসিনাকে বাংলাদেশে ফেরত পাঠাব: পশ্চিমবঙ্গের মুখ্যমন্ত্রী শুভেন্দু অধিকারী
BK_02_INT_191,Fake,1,BK,INT,0.5953,ছাত্র ইউনিয়নে যোগ দিলেন মার্কিন প্রেসিডেন্ট ডোনাল্ড ট্রাম্প ও ইলন মাস্ক
BK_02_INT_201,Fake,1,BK,INT,0.538,কলকাতার রেড রোডে যোগব্যায়াম করে রাস্তা ছিদ্র করে ফেলেছেন নরেন্দ্র মোদি
BK_02_POL_003,Fake,1,BK,POL,0.6924,তৃতীয় টার্মিনালের শাপলার ছবি দিয়ে এনসিপির নির্বাচনী প্রচারণা
BK_02_POL_004,Fake,1,BK,POL,0.6826,"বিএনপির প্রার্থী এরশাদ নয়, সারোয়ার বাবলাকে লক্ষ্য করে গুলি করা হয়েছে, যারা এটা করেছে আগে আমাকে জানিয়ে করেছে, আমি অনুমতি দিয়েছি, এই ছোট ঘটনায় জাতীয় নির্বাচনে প্রভাব ফেলবে না: হাসিব আজিজ উল্লাহ, চট্টগ্রাম সিএমপি কমিশনার পুলিশ"
BK_02_POL_006,Fake,1,BK,POL,0.5946,১০ বছরেও ক্ষমতায় না পেয়ে রাজনীতি ছেড়ে দিলেন এনসিপির শীর্ষ নেতা নাহিদ
BK_02_POL_013,Fake,1,BK,POL,0.6493,১৩ নভেম্বর: হাসিনা নিজেই ঢাকায় প্যারাগ্লাইড করতে পারেন
BK_02_POL_018,Fake,1,BK,POL,0.6141,"নাম পাল্টাচ্ছে আওয়ামী লীগ, নতুন নাম 'বাংলাদেশ টেলিগ্রাম লীগ'"
BK_02_POL_025,Fake,1,BK,POL,0.6702,"ফেব্রুয়ারিতে গণভোট, জাতীয় নির্বাচন পরের বছর: প্রধান উপদেষ্টা ড. ইউনূস"
BK_02_POL_027,Fake,1,BK,POL,0.6511,"আ.লীগের লকডাউনে থমকে গেছে ঢাকা, নেই কোনো গাড়ি, অফিস-আদালত বন্ধ"
BK_02_POL_029,Fake,1,BK,POL,0.5817,শেখ হাসিনার মামলার রায়: জনসমক্ষে ফাঁসিতে ঝুলিয়ে মৃত্যুদণ্ড কার্যকর
BK_02_POL_030,Fake,1,BK,POL,0.605,ছোটবেলা জানতাম 'শেখ মুজিব আর শেখ হাসিনা জামাই-বউ': বঙ্গবীর কাদের সিদ্দিকী
BK_02_POL_041,Fake,1,BK,POL,0.6364,নির্বাচনী প্রচারণায় নেমে রাশমিকা মান্দানার সমর্থন চাইলেন আমির হামজা
BK_02_POL_042,Fake,1,BK,POL,0.7036,ঝগড়ায় চুল ছেঁড়াছিঁড়ির পরে সবকিছু ভুলে অসুস্থ বান্ধবীকে দেখতে হাসপাতালে হাসিনা
BK_02_POL_046,Fake,1,BK,POL,0.6817,ইন্টারনেট শাটডাউন করে দিলেই তারেক রহমানের রাজনীতি শেষ: নাসির উদ্দীন পাটোয়ারী
BK_02_POL_048,Fake,1,BK,POL,0.6385,"পদত্যাগ করেছেন উপদেষ্টা আসিফ মাহমুদ, যোগ দিতে চান জনকল্যাণ পার্টিতে"
BK_02_POL_050,Fake,1,BK,POL,0.5418,পদত্যাগের পর সাবেক উপদেষ্টা আসিফ মাহমুদকে দুদক তলব
BK_02_POL_052,Fake,1,BK,POL,0.6042,"হাসিনা বেড়ানোর নামে পালাইছে, আমার আর ভালো লাগে না, পদত্যাগ করতে চাই: রাষ্ট্রপতি চুপ্পু"
BK_02_POL_053,Fake,1,BK,POL,0.5785,"তারেক রহমান দেশে ফিরছেন ২৫ ডিসেম্বর, কত সালের ডিসেম্বর তা জানা যায়নি"
BK_02_POL_054,Fake,1,BK,POL,0.6552,হাদীকে গুলি করা ব্যক্তির সাথে একই টেবিলে বসে চা খাচ্ছেন সাদিক কায়েম: রিজভী
BK_02_POL_057,Fake,1,BK,POL,0.6913,সিদ্ধ আলু দেওয়ার জন্য আনিসকে ডিবি কার্যালয়ে আনা হয়েছে
BK_02_POL_058,Fake,1,BK,POL,0.5752,হাদী হত্যাচেষ্টার আসামি ভারতে পালিয়ে সেলফি তুলে স্বরাষ্ট্র উপদেষ্টাকে শুভেচ্ছা জানিয়েছে
BK_02_POL_060,Fake,1,BK,POL,0.6501,ওসমান হাদী হত্যার হুকুমদাতা শেখ হাসিনাকে গ্রেপ্তার করেছে ডিবি হারুন
BK_02_POL_061,Fake,1,BK,POL,0.6249,"হাদির ঘটনা বিচ্ছিন্ন, নির্বাচনের আগে দু-একটা লাশ না পড়লে নির্বাচনের মাঠ জমজমাট হয় না: প্রধান নির্বাচন কমিশনার নাসির উদ্দিন"
BK_02_POL_064,Fake,1,BK,POL,0.6372,"গুলি তো আমিও খেয়েছিলাম, তবে জানাজায় এত বৈষম্য কেন: দেবদাস চক্রবর্তী"
BK_02_POL_070,Fake,1,BK,POL,0.6292,হাসনাতের 'সেভেন সিস্টার্স আলাদা' হুমকির পর এনসিপির সাত নেত্রী আলাদা হয়ে গেছে
BK_02_POL_071,Fake,1,BK,POL,0.5868,শামীম ওসমানের ছোট বোনকে দল থেকে বহিষ্কার করেছে বিএনপি
BK_02_POL_072,Fake,1,BK,POL,0.6103,"অথচ আমার মৃত্যুর খবর শুনলে রাজাকারের বাচ্চারা 'হা হা' রিয়েক্ট দেবে, খিলখিল করে হাসবে: টেলিগ্রাম লাইভে শেখ হাসিনা"
BK_02_POL_073,Fake,1,BK,POL,0.6868,বিএনপি থেকে বহিষ্কারের পর জনকল্যাণ পার্টিতে যোগ দিলেন রুমিন ফারহানা
BK_02_POL_074,Fake,1,BK,POL,0.65,"নির্বাচনী হলফনামায় সালাহউদ্দিনের ৬ কোটি টাকার বার্ষিক আয়, বললেন শিলংয়ে কটেজ আছে"
BK_02_POL_084,Fake,1,BK,POL,0.6292,হাসনাত আব্দুল্লাহকে চিনি না বলায় কুমিল্লা-৪ আসনে বিএনপির মনজুরুল আহসানের মনোনয়ন বাতিল
BK_02_POL_088,Fake,1,BK,POL,0.6082,ব্রিটিশ নাগরিকত্বের তথ্য গোপন করায় তারেক রহমানের মনোনয়নপত্র বাতিল
BK_02_POL_089,Fake,1,BK,POL,0.7152,জামায়াত ক্ষমতায় গেলে ১৬ বছর থেকে বিয়ে করা বাধ্যতামূলক করা হবে: শফিকুর রহমান
BK_02_POL_093,Fake,1,BK,POL,0.6673,জামায়াতে ইসলামীর মনোনয়ন পেলেন একমাত্র নারী প্রার্থী অভিনেত্রী পরীমনি: ফেসবুকে পোস্টে জানালেন পরী
BK_02_POL_094,Fake,1,BK,POL,0.6749,নারীদের জন্য ৩২ ছেড়ে ২৬৮ আসনে একক নির্বাচন করার ঘোষণা ইসলামী আন্দোলনের
BK_02_POL_098,Fake,1,BK,POL,0.6186,রাজনীতি ছেড়ে বিয়ের আসরে বসলেন রুমিন ফারহানা
BK_02_POL_099,Fake,1,BK,POL,0.6493,এমপি নির্বাচিত হলে পাটোয়ারীকে মাথায় তুলে আছাড় মারব: মির্জা আব্বাস
BK_02_POL_105,Fake,1,BK,POL,0.6618,পাটোয়ারীর অভিযোগে অতিষ্ঠ হয়ে নির্বাচন থেকে সরে দাঁড়ালেন ঢাকা-৮-এর মির্জা আব্বাস
BK_02_POL_110,Fake,1,BK,POL,0.6436,সবচেয়ে বেশি বয়সে প্রথম প্রধানমন্ত্রী হচ্ছেন তারেক রহমান
BK_02_POL_111,Fake,1,BK,POL,0.5783,শেখ হাসিনা নিজ হাতে ফুল তুলে দিলেন তারেক রহমানের দিকে
BK_02_POL_117,Fake,1,BK,POL,0.7117,আমার প্ল্যানের একটি অংশ বাংলাদেশ ব্যাংক দখল করা: প্রধানমন্ত্রী তারেক রহমান
BK_02_POL_120,Fake,1,BK,POL,0.5852,খায়রুল্লাহ খামেনির চেয়েও আমাদের প্রধানমন্ত্রী তারেক রহমান অধিক সাহসী নেতা: আবিদুল ইসলাম খান
BK_02_POL_127,Fake,1,BK,POL,0.5947,"শেখ হাসিনার আমলকে ফ্যাসিবাদ বললেন ফ্যাসিস্ট রাষ্ট্রপতি চুপ্পু, প্রতিবাদে সংসদ থেকে বিরোধী দলের ওয়াকআউট"
BK_02_POL_130,Fake,1,BK,POL,0.5832,"নাসিরুদ্দিন পাটোয়ারীকে ঢাকায় অবাঞ্ছিত ঘোষণা করা হলো, তাকে যেখানেই পাওয়া যাবে সেখানেই তার প্রাপ্য বুঝিয়ে দিতে বিএনপির নেতাকর্মীদের অনুরোধ করা হলো!"
BK_02_POL_131,Fake,1,BK,POL,0.6277,রাস্তায় ট্রাক থামিয়ে সমঝোতার ভিত্তিতে চাঁদা তুললেন যুবদল নেতা
BK_02_POL_132,Fake,1,BK,POL,0.6285,প্রধানমন্ত্রী জনাব তারেক রহমানের অনুপস্থিতিতে ভারপ্রাপ্ত প্রধানমন্ত্রী হবেন সালাহউদ্দিন আহমদ
BK_02_POL_136,Fake,1,BK,POL,0.6889,না ফেরার দেশে চলে গেলেন শামীম ওসমান
BK_02_POL_139,Fake,1,BK,POL,0.6194,"সংসদ ভবনের মসজিদ থেকে এমপি পীরজাদা হানজালার জুতা চুরি, অভিযোগ ভাবি হাজ্জাজের দিকে"
BK_02_POL_140,Fake,1,BK,POL,0.6303,জুলাইয়ে নিজেকে জুলাইয়ের জাতির পিতা দাবি করলেন: এমপি ভিপি নূরুল হক নূর
BK_02_POL_142,Fake,1,BK,POL,0.6715,"গত ১৭ বছর ফ্যাসিস্ট সরকার বিএনপির নেতাকর্মীদের কোনো প্রকার টিকা দেয়নি: জাকির খান, সাবেক সভাপতি, ছাত্রদল"
BK_02_POL_145,Fake,1,BK,POL,0.5351,জামায়াত শিবির ইচ্ছে করে পাম্পে ভিড় করছে: জ্বালানি মন্ত্রী টুকু
BK_02_POL_152,Fake,1,BK,POL,0.604,নিজেকে নিরপরাধ দাবি করে নাহিদের আহ্বানে এনসিপিতে যোগ দিতে যাচ্ছেন শেখ হাসিনা
BK_02_POL_153,Fake,1,BK,POL,0.6846,কলম হাতে শিবিরের সন্ত্রাস রুখে দিলো ছাত্রদলের মেধাবী নেতা
BK_02_POL_156,Fake,1,BK,POL,0.628,"'পাথরে লিখো না গুপ্ত, ক্ষয়ে যাবে; খাম্বায় লিখো গুপ্ত, রয়ে যাবে' - কেরালা থেকে ওবায়দুল কাদের"
BK_02_POL_157,Fake,1,BK,POL,0.6263,ভুল-ভাল বানান লেখার কারণে ছাত্রদলের কেন্দ্রীয় কমিটি থেকে বহিষ্কার হলো ৫ কর্মী
BK_02_POL_162,Fake,1,BK,POL,0.6712,মূত্রনালীতে পাথর ঢুকেছে এনসিপি নেতা সার্ভিস আলমের
BK_02_POL_163,Fake,1,BK,POL,0.7371,আওয়ামী লীগ ১৫ বছরে যা পারেনি বিএনপি তা ২ মাসে করে দেখিয়েছে: পরাজিত ভিপি আবিদ
BK_02_POL_164,Fake,1,BK,POL,0.6068,গ্যাসের সমস্যা সমাধানে মা-বোনদের দেওয়া হবে 'গ্যাস্ট্রিক কার্ড': প্রধানমন্ত্রী
BK_02_POL_170,Fake,1,BK,POL,0.6502,আওয়ামী লীগের নতুন পিতা হিসেবে স্বীকৃতি পেলো 'শেখ শুভেন্দু অধিকারী'
BK_02_POL_172,Fake,1,BK,POL,0.6817,ছাত্রদলের সর্বোচ্চ নেতা হতে যাচ্ছেন আবিদউল্লাহ খামেনি
BK_02_POL_173,Fake,1,BK,POL,0.6018,"চলছে এনসিপির বসন্ত, এবার এনসিপিতে যোগ দিচ্ছেন মমতা"
BK_02_POL_175,Fake,1,BK,POL,0.7179,অবিভক্ত পাকিস্তান গড়ার প্রত্যয়ে সমঝোতা স্মারক স্বাক্ষর করলেন সালাহউদ্দিন-নাকভী
BK_02_POL_177,Fake,1,BK,POL,0.5649,রাতে দেশ ছেড়ে পালিয়ে যাবেন সাবেক উপদেষ্টা ও এনসিপি নেতা আসিফ মাহমুদ
BK_02_POL_179,Fake,1,BK,POL,0.678,শেখ হাসিনার আসার খবর শুনে দেশ ছাড়ছেন আসিফ মাহমুদ
BK_02_POL_182,Fake,1,BK,POL,0.6554,স্বদেশ প্রত্যাবর্তন দিবসে আগামীকাল দেশে ফিরছেন শেখ হাসিনা
BK_02_POL_183,Fake,1,BK,POL,0.566,শেখ হাসিনার দেশে ফেরার খবরে রাতেই চীনে পালাচ্ছেন ডাকসু নেতৃবৃন্দ
BK_02_POL_198,Fake,1,BK,POL,0.6656,"সন্ধান চাই। বয়স: আনুমানিক ৬৫ বছর। উচ্চতা: ৫ ফুট ৮ ইঞ্চি। গায়ের রং: ফর্সা। পোশাক: সাদা শার্টের ওপর ব্লেজার। তুমি ফিরে এসো, তোমাকে কিছু বলব না। হারানো বিজ্ঞপ্তি: বাংলাদেশ সরকারের স্বরাষ্ট্রমন্ত্রী সালাউদ্দিন আহমেদকে খুঁজে পাওয়া যাচ্ছে না"
BK_02_POL_200,Fake,1,BK,POL,0.6139,"নাম পাল্টে বিএনপিতে যোগ দিচ্ছেন সিস্টার সেভেন, নতুন নাম জিয়ার সেভেন"
BK_02_POL_202,Fake,1,BK,POL,0.6917,বটবাহিনীর স্বার্থে সিগারেট ও মদপানের বৈষম্যে জামায়াতের বিক্ষোভ - বাজেট ২০২৬-২৭ বাজেটে সিগারেট এবং মদের দাম বৃদ্ধির প্রতিবাদে জামায়াতের বিক্ষোভ
BK_02_POL_206,Fake,1,BK,POL,0.5276,অক্সফোর্ডের সেমিনার শেষে আ.লীগের পোন্দে আঙুল দিলেন হাসনাত আবদুল্লাহ
BK_02_POL_213,Fake,1,BK,POL,0.6432,নিজ দলের মহিলা সংসদ সদস্যের পোশাক দেখে খুশি হলেন মনিরুল ইসলাম
BK_02_POL_226,Fake,1,BK,POL,0.7531,১৯৭১ সালে যুদ্ধের সময় মুক্তিবাহিনীর একটি দুর্লভ ছবি
BK_02_POL_232,Fake,1,BK,POL,0.6562,"নির্বাচনী প্রচারণায় ছাত্রদলের নেতা আবিদুল ইসলাম খান: যার জীবনে একটি ফ্যামিলি কার্ড থাকবে তার জীবনে আর কিছুর প্রয়োজন হবে না, তার পুরো পরিবারের কাউকে আর কাজ করতে হবে না, বসে বসে খাবে তারা!"
BK_02_POL_236,Fake,1,BK,POL,0.5506,"এনসিপির মুখ্য সমন্বয়ক নাসিরুদ্দিন পাটোয়ারী কর্তৃক হেফাজতে ইসলাম বাংলাদেশের সাবেক মহাসচিব ও আমির আল্লামা জুনায়েদ বাবুনগরী (রহ.)-এর বিরুদ্ধে অপবাদ আরোপ ও অসৌজন্যমূলক বক্তব্য দেওয়ার প্রতিবাদে ঢাকা মহানগরে বিক্ষোভ মিছিল: নিজের বিরুদ্ধে বিক্ষোভ মিছিল করতে এলেন নাসিরুদ্দিন পাটোয়ারী, 'আমার ফাঁসি চাই' - বই থেকে অনুপ্রেরণা, জানালেন তিনি"
BK_02_POL_240,Fake,1,BK,POL,0.711,সাত খুন মামলার আসামি বিএনপি নেতা সাখাওয়াত হলেন নারায়ণগঞ্জ সিটির প্রশাসক
BK_02_SPT_002,Fake,1,BK,SPT,0.6838,ত্রয়োদশতম শিরোপা জেতার পর আর কিছু চাওয়ার থাকে না: মেসি
BK_02_SPT_015,Fake,1,BK,SPT,0.5592,গোল দিলেন উড়ন্ত ক্রিস্টিয়ানো হামজা
BK_02_SPT_051,Fake,1,BK,SPT,0.656,মুমতাহিনার সাথে মন ভরে খেলাধুলা করার জন্য ক্রীড়া উপদেষ্টা হলেন আসিফ নজরুল
BK_02_SPT_055,Fake,1,BK,SPT,0.5606,ইন্ডিয়ান যুবতির প্রেমের টানে আর্জেন্টিনা থেকে এক যুবকের আগমন
BK_02_SPT_059,Fake,1,BK,SPT,0.7011,কলকাতার মাঠে লিওনেল মেসির সাথে দেখা করলেন রিপন মিয়া
BK_02_SPT_075,Fake,1,BK,SPT,0.6678,মোস্তাফিজের পরিবর্তে কেকেআর দলে যোগ দিলেন কাটার মাস্টার শেখ হাসিনা
BK_02_SPT_092,Fake,1,BK,SPT,0.6406,এত পরিমাণ গালি বুকে চাপা নিয়েও দর্শকের সঙ্গে ছবি তুলেছি: মেহেদী হাসান মিরাজ
BK_02_SPT_129,Fake,1,BK,SPT,0.6055,মাত্র ৯৯ রানের জন্য সেঞ্চুরি মিস করলেন মেহেদী হাসান মিরাজ
BK_02_SPT_134,Fake,1,BK,SPT,0.6281,"৩২০ মিলিয়ন ডলারের প্রস্তাব, জায়মা রহমানকে চায় বার্সা নারী দল"
BK_02_SPT_137,Fake,1,BK,SPT,0.5778,"ব্রাজিল জাতীয় দলে যোগ দিলেন জায়মা রহমান, খেলবেন বিশ্বকাপ: ফেসবুক পোস্টে জানালেন লামিন ইয়ামালের বয়ফ্রেন্ড ফ্যাব্রিজিও রোমানো"
BK_02_SPT_146,Fake,1,BK,SPT,0.6386,"'দোস্ত, আশেপাশের চাটুকার মানুষের থেকে সাবধানে থাকিস' - ইমরুল কায়েস তেল দিয়ে চাটুকার থেকে দূরে থাকার পরামর্শ দিলেন তামিম ইকবালকে"
BK_02_SPT_169,Fake,1,BK,SPT,0.6453,"গ্যালারিতে বড় ফ্যান লাগিয়ে গিনেস বুকে নাম লেখালেন তামিম ইকবাল, সবাই বলছে 'বিগ ফ্যান'"
BK_02_SPT_181,Fake,1,BK,SPT,0.5277,দৌড় প্রতিযোগিতায় সাদিক কায়েমকে হারিয়ে চ্যাম্পিয়ন আবিদ
BK_02_SPT_189,Fake,1,BK,SPT,0.5681,কারো বাপের ক্ষমতা নাই ব্রাজিলের সামনে থেকে বিশ্বকাপ নেবে: কার্লো
BK_02_SPT_197,Fake,1,BK,SPT,0.575,বাংলাদেশের বিপক্ষে ২-০ তে টেস্ট সিরিজ হেরে যাওয়ায় পাকিস্তানকে সমবেদনা জানালেন ড. শফিকুর রহমান
BK_02_SPT_210,Fake,1,BK,SPT,0.5678,"আর্জেন্টিনার জার্সি গায়ে পলক, জামিনের জন্য আবেদন করবে লিওনেল মেসি"
BK_02_SPT_212,Fake,1,BK,SPT,0.6411,পেনাল্টি সুবিধা না পেলে বিশ্বকাপ বয়কট করবে আর্জেন্টিনা
BK_02_SPT_214,Fake,1,BK,SPT,0.6861,পেনাল্টি কিকে পর্তুগালকে জয় এনে দিলেন প্রধানমন্ত্রী-কন্যা জায়মা রহমান
BK_02_SPT_215,Fake,1,BK,SPT,0.6108,"দল গেল রসাতলে, ব্যক্তিগত মিশন হেক্সা-তেই নেইমার অধিক মনোযোগী"
BK_02_SPT_216,Fake,1,BK,SPT,0.6282,"হ্যাটট্রিক করতে না পেরে শক পেয়ে হাসপাতালে ভর্তি হলো রোনালদো, দেখতে গেলেন মেসি"
BK_02_SPT_218,Fake,1,BK,SPT,0.6806,"পরের ম্যাচেও করব হ্যাটট্রিক, লাইভে এসে মেসির হুঙ্কার"
BK_02_SPT_220,Fake,1,BK,SPT,0.6354,"মাঠে নামছে আলম হোসেন, নেইমারের অনুপস্থিতিতে ব্রাজিলের হয়ে নামছে আলম হোসেন নেইমার"
BK_02_SPT_234,Fake,1,BK,SPT,0.5198,"আর্জেন্টিনা মাঠে নামার আগে ভূমিকম্প, সমর্থকদের দাবি মেসির পায়ের চাপ"
CB_02_BIZ_009,Fake,1,CB,BIZ,0.681,"রিজিকের মালিক আল্লাহ, বিকাশ একটা মাত্র! রাশেদ দোচনা!"
CB_02_BIZ_069,Fake,1,CB,BIZ,0.6229,বাংলাদেশ থেকে ৬ হাজার দক্ষ ড্রাইভার নেবে শ্রমমন্ত্রী নুরুল হক নুর
CB_02_BIZ_100,Fake,1,CB,BIZ,0.6214,"পরীক্ষা চলাকালীন সময়ে চলে গেলো বিদ্যুৎ, বিদ্যুৎ অপচয় রোধ করতে মোমবাতি জ্বালিয়ে এসএসসি পরীক্ষা দিলো ৮৫৪ জন শিক্ষার্থী"
CB_02_BIZ_127,Fake,1,CB,BIZ,0.5441,দেশীয় প্রযুক্তিতে ব্যালিস্টিক বানিয়ে চমকে দিলেন বাংলার স্টিফেন ফাকিং
CB_02_CRM_003,Fake,1,CB,CRM,0.6051,"প্রসাদের নামে দুধের সাথে মাদক মিশিয়ে ধর্ষণ, আইআইটি বাবা গ্রেফতার"
CB_02_CRM_005,Fake,1,CB,CRM,0.7014,মামলার ভয়ে নাম্বার প্লেট ঢেকে রাস্তায় মোটরসাইকেল চালাচ্ছেন রাশেদ দোচনা!
CB_02_CRM_013,Fake,1,CB,CRM,0.5714,মসজিদের টাকায় কুরবানির ছুরি কেনার জেরে দুই গ্রুপের সংঘর্ষ
CB_02_CRM_028,Fake,1,CB,CRM,0.6127,"মোহাম্মদপুরে বাড়ছে কিশোর গ্যাংয়ের দৌরাত্ম্য, আতঙ্কে এলাকাবাসী"
CB_02_CRM_029,Fake,1,CB,CRM,0.5809,"এক মাসের মধ্যে রামিসার হত্যাকারীর সর্বোচ্চ শাস্তি নিশ্চিত করবে সরকার, সেটি হচ্ছে মৃত্যুদণ্ড"
CB_02_CRM_035,Fake,1,CB,CRM,0.5613,শিশু রামিসা হত্যা আসামিদের ডেথ রেফারেন্স হাইকোর্টে পৌঁছেছে
CB_02_CRM_036,Fake,1,CB,CRM,0.5196,প্রবাসীর স্ত্রীর ঘরে আপত্তিকর অবস্থায় আটক পুলিশ সদস্য; প্রবাসীর স্ত্রীর খোঁজখবর নিতে গিয়েছিল পুলিশ সদস্য
CB_02_CRM_058,Fake,1,CB,CRM,0.5521,"হোটেলে যুবদল সভাপতির সাথে সহ-সভাপতির স্ত্রী, স্বামীর হাতে খেলেন ধরা"
CB_02_CRM_062,Fake,1,CB,CRM,0.5514,"পরকীয়াতে জড়িয়ে পড়েছেন, নিচ্ছেন না প্রথম স্ত্রী শ্রীমতি হাসিনার খোঁজ"
CB_02_CRM_088,Fake,1,CB,CRM,0.5474,"কাপাসিয়ায় ৫ খুন, ভাইকে কল করে গৃহকর্তা বলেন 'সবাইকে মেরে ফেলেছি, আমাকে আর পাবি না'"
CB_02_CRM_095,Fake,1,CB,CRM,0.5394,"কাকে করতে চান? রাজাকারের বাচ্চাদের নাকি মুক্তিযুদ্ধকে যে ধারণ করে তাকে?? - ফেসবুক পোস্টে ইসরাফিল, মেয়র পদপ্রার্থী"
CB_02_CRM_098,Fake,1,CB,CRM,0.5595,টাঙ্গাইলে সাত বীরশ্রেষ্ঠের গলায় দড়ি বেঁধে মেলার স্টল
CB_02_CRM_108,Fake,1,CB,CRM,0.5233,চাঁদাবাজদের সাথে ঐক্যবদ্ধ হওয়ার আহ্বান ত্রাণমন্ত্রীর
CB_02_CRM_112,Fake,1,CB,CRM,0.64,"শাহবাগ থানায় শিক্ষার্থীদের উপর আক্রমণ, তৌহিদ আফ্রিদিকে প্রধান করে সদস্যের কমিটি গঠন, সকল পক্ষকে শান্ত থাকার আহ্বান"
CB_02_CRM_118,Fake,1,CB,CRM,0.527,"গতকালকের ঘটনায় ছাত্রদলের হাতে অস্ত্র ছবিটি এআই দিয়ে বানানো, আসলে তারা বই-কলম হাতে নিয়ে রাস্তায় বের হয়েছিল"
CB_02_CRM_143,Fake,1,CB,CRM,0.5845,"এলাকার বড় ভাই বিভিন্নভাবে চেষ্টা করছে তার ভাইদেরকে নকল দেওয়ার জন্য, পরীক্ষা কেন্দ্রে বই বা মোবাইল ফোনের ব্যবহার করছেন তিনি"
CB_02_DIS_026,Fake,1,CB,DIS,0.5598,টাঙ্গাইলে যমুনা সেতুর কাছে রড বোঝাই ট্রাক উল্টে নিহত ১৫
CB_02_ENT_002,Fake,1,CB,ENT,0.5223,টোটাল স্কোর: ২ - অপু বিশ্বাস। অপু বিশ্বাস কি পারবে জোড়া গোল দিতে?
CB_02_ENT_008,Fake,1,CB,ENT,0.5242,কুরবানির মাংস ফ্রিজে রাখার জায়গা না হওয়ায় বউয়ের প্যান্ট ওড়না দিয়ে বেঁধে রাখলেন: নুর
CB_02_ENT_010,Fake,1,CB,ENT,0.5852,"মুখের উপর বসলে তো একটু লাগবেই, কি রাগ করলা?: ফেসবুক পোস্টে - খলনায়িকা মারিয়া মিম"
CB_02_ENT_048,Fake,1,CB,ENT,0.5577,আজ বিশ্ব বাবা দিবস
CB_02_ENT_056,Fake,1,CB,ENT,0.6234,খেলা দেখা বাদ দিয়ে চুমাচুমিতে ব্যস্ত নরওয়ের যুগল
CB_02_ENT_087,Fake,1,CB,ENT,0.5357,"বিশ্ব মা দিবস আজ, মায়ের কথা খুব মনে পড়ছে: ফেসবুক পোস্টে আবেগঘন স্ট্যাটাস নুরুল আলমের"
CB_02_ENT_115,Fake,1,CB,ENT,0.5408,"জীবনের ফার্স্ট টাইম ছিল, সারা রাত ধরে এক্সাইটমেন্টে ছিলাম, ভাবছিলাম মিলনের সময় কঠিন প্রশ্ন পড়বে: সাংবাদিকদের প্রশ্নের জবাবে - শিক্ষার্থী"
CB_02_ENT_133,Fake,1,CB,ENT,0.6335,"এবার বঙ্গমাতার নিচে মিসাইল মারার হলো ক্যামেরাবন্দি, নুসরাত তিশা বলেন - র‍্যান্ডম শাটারের মুহূর্ত"
CB_02_ENT_155,Fake,1,CB,ENT,0.5252,সংবিধানের কোন জায়গায় লেখা আছে একজন কৃষক টিকটকার কন্টেন্ট ক্রিয়েটর হতে পারবে না! - শিক্ষিত কৃষক
CB_02_ENT_158,Fake,1,CB,ENT,0.5326,"যারা প্রশ্ন করেছেন আমি সিকিউরিটির কি বুঝি, তাদেরকে বলি বুঝি না, এমনি খুশির ঠেলায় আনন্দে: মুনামী ম্যাডাম"
CB_02_ENT_169,Fake,1,CB,ENT,0.6131,নতুন মুভিতে অভিনয় করার জন্য ডাক পেয়েই ট্রেন্ডে নিজেকে গা ভাসিয়ে দিলেন তেলবাজ তামি ইকবাল
CB_02_HLT_027,Fake,1,CB,HLT,0.5225,"অ্যালার্জি-চুলকানির সমস্যায় ভুগছেন অভিনেত্রী মারিয়া মিম, গলায় দাগ নিয়ে এলেন পুরস্কার নিতে"
CB_02_HLT_032,Fake,1,CB,HLT,0.6008,অবশেষে ডাক্তার অপারেশন করে রাশেদ দোচনার মেশিন বাঁচিয়ে আংটি বের করেছে
CB_02_HLT_080,Fake,1,CB,HLT,0.5953,হামে আক্রান্ত হয়ে পাগলের মতো অঙ্গভঙ্গি করছেন মুশফিকুর রহিম
CB_02_HLT_174,Fake,1,CB,HLT,0.5376,"শ্রমমন্ত্রীর স্ত্রীকে স্বাস্থ্য বোর্ডে নিয়োগ দেওয়ায় মন্ত্রীকে বরখাস্ত করলেন নেপালের প্রধানমন্ত্রী, আর বাংলাদেশের মন্ত্রীদের চৌদ্দগুষ্টিকেও চাকরি দিলে কোনো সমস্যা নেই"
CB_02_INT_016,Fake,1,CB,INT,0.5785,"থানায় বন্দি ডোনাল্ড ট্রাম্প, কাল হচ্ছে না তার কোরবানি"
CB_02_INT_017,Fake,1,CB,INT,0.532,সালাউদ্দিনের হস্তক্ষেপে কোরবানি হওয়া থেকে প্রাণে বাঁচলেন ডোনাল্ড ট্রাম্প
CB_02_INT_061,Fake,1,CB,INT,0.566,কাজ না থাকায় বাংলাদেশে রিকশা চালিয়ে মানবতার জীবনযাপন করছেন মার্কিন রাষ্ট্রদূত ব্রেন্ট ক্রিস্টেনসেন
CB_02_INT_067,Fake,1,CB,INT,0.657,প্রেমের টানে সুদূর আমেরিকা থেকে এসে বিয়ে করলেন বাংলাদেশি যুবক আবিদকে
CB_02_INT_099,Fake,1,CB,INT,0.6044,মমতার দাঁড়িপাল্লাকে হারিয়ে প্রথমবারের মতো পশ্চিমবঙ্গে ফুটলো শাপলা কলি: ফেসবুক পোস্টে নরেন্দ্র মোদি
CB_02_INT_116,Fake,1,CB,INT,0.554,"চলছে বিধানসভা নির্বাচনের প্রথম দফার ভোটগ্রহণ, ভোট দিলেন শ্রীমতী হাসিনা চক্রবর্তী"
CB_02_INT_128,Fake,1,CB,INT,0.5566,"নিজ হাতে বাটার বান খেলেন মিরাজ আফ্রিদি, বললেন এবার এই হাত দিয়ে ট্রাম্পের বিচি চেপে ধরব!"
CB_02_INT_170,Fake,1,CB,INT,0.542,"সবচেয়ে সুন্দরী নারীকে চাইলেন ভেনেজুয়েলার সেনাপ্রধান, না পেলে ট্রাম্পের পোঁদ মেরে দেওয়ার হুশিয়ারি"
CB_02_POL_004,Fake,1,CB,POL,0.6623,"অবশেষে জাতিসংঘকে নিজেদের দখলে নিলো বিএনপি, ভারত থেকে নিন্দা জানিয়েছে আ.লীগরা"
CB_02_POL_015,Fake,1,CB,POL,0.5742,"তারেক রহমানকে টুপি পড়ালেন বায়তুল মোকাররমের খতিব, নিন্দুকেরা বলছে টাকার অভাবে টুপি কিনতে পারেননি তিনি"
CB_02_POL_018,Fake,1,CB,POL,0.5816,শয়তানকে পাথর নিক্ষেপ করার দিন আজ: ফেসবুক পোস্টে শেখ হাসিনা
CB_02_POL_030,Fake,1,CB,POL,0.6172,বালুর ট্রাক সরানো শিখতে কর্মীদের প্রশিক্ষণ দিচ্ছেন প্রধানমন্ত্রী তারেক রহমান
CB_02_POL_070,Fake,1,CB,POL,0.6542,শেখ হাসিনার দেশে ফিরে আসার খবর শুনে রাতে টিনে পালালেন ডাকসুর ১৫ নেতা-নেত্রী
CB_02_POL_076,Fake,1,CB,POL,0.5322,"জনাব তারেক রহমান ঢাকা বিশ্ববিদ্যালয়ের আইন বিভাগের ছাত্র ছিলেন, আমি তাকে ক্লাস করিয়েছি: স্যার আসিফ নজরুল"
CB_02_POL_078,Fake,1,CB,POL,0.6233,"কীভাবে বাংলাদেশে ঢোকা যায় তার উপায় বই পড়ছেন হাসিনা, যেকোনো সময় ঢুকে যেতে পারেন বাংলাদেশে"
CB_02_POL_084,Fake,1,CB,POL,0.6052,"পুলিশের নাম পরিবর্তন করে রাখা হবে 'বাংলাদেশ জাতীয়তাবাদী পুলিশ দল', না বলা কথা - ডিআইজি ঢাকা রেঞ্জ"
CB_02_POL_101,Fake,1,CB,POL,0.5744,'পতন ঘটাতে বেশি সময় লাগবে না' - এনসিপিতে যোগ দিয়ে বিএনপিকে চরম বার্তা ওবায়দুল কাদেরের!
CB_02_POL_105,Fake,1,CB,POL,0.5942,"কথিত প্রশ্নফাঁসের প্রচারণাটি স্রেফ গুজব, কারণ আমার ছাত্ররা জায়মা রহমানের সাথে রাজনীতি করে: শিক্ষা মন্ত্রী - বলদ মিলন"
CB_02_POL_114,Fake,1,CB,POL,0.5468,শাহবাগ থানায় ছাত্রদলের হামলায় মহামূল্যবান দুইটি দাঁত হারিয়ে ফেলেছে ডাকসু নেতা মোসাদ্দেক
CB_02_POL_134,Fake,1,CB,POL,0.6784,নাহিদের ডাকে সাড়া দিয়ে এনসিপিতে যোগ দিতে চলেছেন চারজন মহান মানুষ
CB_02_POL_137,Fake,1,CB,POL,0.5363,মমতাজের শূন্যতা পূরণ করতে এবার বিএনপির সংরক্ষিত নারী আসনে মনোনীত হলেন মানচুরা মলম
CB_02_POL_141,Fake,1,CB,POL,0.5488,"জ্বালানি মন্ত্রী যে নিজের চরকা আর মেশিনে তেল দেবে সেটাও মজুদ নেই, আবার বড় বড় কথা বলছে: ইমো স্ট্যাটাসে - ওবায়দুল কাদের কাউবয়"
CB_02_POL_144,Fake,1,CB,POL,0.5532,"রাজনীতি করতে এসেছি, কাউকে দিতে আর কারো'টা চুষতে আসিনি: চমক"
CB_02_SPT_038,Fake,1,CB,SPT,0.5883,বঙ্গবন্ধুকে স্মরণ করে বঙ্গবন্ধুর প্রতিকৃতি অঙ্কিত মাঠে খেলা হবে ফিফার প্রথম ম্যাচ
CB_02_SPT_040,Fake,1,CB,SPT,0.5894,কুরাসাওকে ব্রাজিল মনে করে ৭-১ গোল দিয়ে দিলো জার্মানি
CB_02_SPT_044,Fake,1,CB,SPT,0.6263,আজকে গোলকিপার আর ডিফেন্ডারগুলো না থাকলে আমিও হ্যাটট্রিক করতাম: কুষ্টিয়ার রোনালদো
CB_02_SPT_047,Fake,1,CB,SPT,0.6258,প্রিয় দলের পতাকা টাঙাতে গিয়ে গাছ থেকে পড়ে গুরুতর আহত রাশেদ খান মেসি
CB_02_SPT_091,Fake,1,CB,SPT,0.5341,রাজাকারদের কাছে যদি বাংলাদেশ হারে তাহলে আমার মরা মুখ দেখবে: মুক্তিযুদ্ধের বেস্ট কমান্ডার - ফজলু পাগলা
CB_02_SPT_107,Fake,1,CB,SPT,0.5677,এবার বাংলাদেশের হয়ে 'গুপ্ত-১৭ ইন্টারন্যাশনাল' রেসার প্রতিযোগিতায় অংশগ্রহণ করতে চলেছেন বিখ্যাত রেসার অভিক তারেক ম্যান
CB_02_SPT_145,Fake,1,CB,SPT,0.6509,আজ বিকালে বাবার দোয়া ক্রিকেট টিমের বিপক্ষে খেলবে মেসির আর্জেন্টিনা টিম
CB_02_SPT_150,Fake,1,CB,SPT,0.6297,"ম্যাচ শেষে অধিনায়ক মিরাজের সাথে বিসিবি সভাপতি তামি ইকবাল, ম্যাচ হারার কার্ড দেবে সেই ব্যাপারে গুরুত্বপূর্ণ আলোচনা হচ্ছে"
DES_02_BIZ_009,Fake,1,DES,BIZ,0.6863,"ঢাবিতে হওয়া ক্ষুদ্র মাদক ব্যবসায়ীদের উচ্ছেদ, ক্ষুদ্র ঋণ দেবে সরকার - জরুরি বিবৃতিতে সরকারপ্রধান ড. ইউনূস"
DES_02_BIZ_043,Fake,1,DES,BIZ,0.5534,"২৫০ বছর পর আবার ব্রিটিশ উপনিবেশ হতে চলেছে বাংলাদেশ, দাসত্বের বিনিময়ে পাওয়া যাবে ২০২৯ সাল পর্যন্ত শুল্কমুক্ত রপ্তানি সুবিধা। ২০২৯ সাল পর্যন্ত যুক্তরাজ্যে শুল্কমুক্ত রপ্তানি সুবিধা পাবে বাংলাদেশ, নিশ্চিত করলেন ব্রিটিশ হাইকমিশনার"
DES_02_BIZ_084,Fake,1,DES,BIZ,0.6214,"পদে আসীন হয়েই কর্মযজ্ঞে ঝাঁপিয়ে পড়লেন নতুন গভর্নর, দেশ বাঁচাতে বিএনপি নেতা ঋণ পেলেন এক হাজার কোটি টাকা। তারল্য মোকাবেলায় পরিবেশ ও বনমন্ত্রী আব্দুল আউয়াল, ন্যাশনাল ব্যাংককে ১০০০ কোটি টাকা দিচ্ছে বাংলাদেশ ব্যাংক"
DES_02_BIZ_142,Fake,1,DES,BIZ,0.6137,"'মা মাটি মোহনা, ভারত ছাড়া দেবো না' - স্লোগানে আবারও উত্তাল রাজপথ। ৫৫০ মিলিয়ন ডলারে ডেনমার্কের কাছে বন্দর বিক্রির অভিযোগ, বন্দরের সিন্ডিকেট রক্ষায় বন্দর রক্ষায় উত্তাল হচ্ছে রাজপথ, আসছে হরতাল-অবরোধ ও যমুনা ঘেরাও কর্মসূচি। বামপন্থীদের পাশাপাশি মাঠে নামছে ডানপন্থীরাও, জাতীয় স্বার্থে ঐক্যবদ্ধ শ্রমিক সংগঠন"
DES_02_CRM_023,Fake,1,DES,CRM,0.6058,নারী ও শিশু নির্যাতন দমন আইনে করা মামলায় গ্রেফতার মামুনুর রশিদ কাসেমী। জেলের ভেতর মহিলা পুলিশকে বিয়ের (১০ম) প্রস্তাব দেয়ার অভিযোগ
DES_02_CRM_053,Fake,1,DES,CRM,0.6655,"অনলাইনে চাঁদাবাজি করে ২৩ লক্ষ টাকা হাতিয়ে নিলেন তাসনিম জারা, আতঙ্কে ঢাকা-৯ এর বাসিন্দা ও নেটিজেনরা"
DES_02_CRM_069,Fake,1,DES,CRM,0.5404,"জামায়াতের পরিকল্পনাতেই খুন হলেন যশোরের বিএনপি নেতা আলমগীর, শ্যুটারের স্বীকারোক্তি থেকে বেরিয়ে এলো চাঞ্চল্যকর তথ্য। যশোরে বিএনপি নেতা আলমগীর হত্যাকাণ্ডে শ্যুটারের স্বীকারোক্তিমূলক জবানবন্দি, জামায়াতের পরিকল্পনাতেই খুন হন তিনি"
DES_02_CRM_088,Fake,1,DES,CRM,0.5945,"হত্যার হুমকি দেয়ায় আলতো করে বকে দেয়া হলো যুবদল নেতাকে, ঘটনাটি 'পার্ট অব দ্যা প্ল্যান' কি না জানতে চাইলে মন্তব্য পাওয়া যায়নি। বেডরুমে গিয়ে সন্তানসহ হত্যার হুমকি, গ্রেপ্তারের ১৬ ঘণ্টার মধ্যেই জামিন পেলেন অভিযুক্ত যুবদল নেতা"
DES_02_CRM_094,Fake,1,DES,CRM,0.6777,"সিটি কলেজের ১৬০ শিক্ষার্থীকে অপহরণের অভিযোগ, অভিযুক্ত ছাত্রদল নেতা বহিষ্কার। ১৬০ ছিনতাইয়ের অভিযোগ, ছাত্রদল নেতা বহিষ্কার"
DES_02_CRM_138,Fake,1,DES,CRM,0.7334,"বাংলাদেশে থামছে না সংখ্যালঘু হিন্দু নির্যাতন, এবার রুদ্ধ করে দেয়া হলো বাংলাদেশি হিন্দুদের কণ্ঠস্বর"
DES_02_CRM_144,Fake,1,DES,CRM,0.6812,"১৫ জুলাই ঢাবিতে শিক্ষার্থী পিটিয়ে পুলিশ ক্যাডার পেলেন ছাত্রলীগ নেতা, ঢাবি থেকে বহিষ্কৃত হলেও বিসিএস ক্যাডার হতে হয়নি অসুবিধা"
DES_02_CRM_145,Fake,1,DES,CRM,0.7666,"দুর্নীতির মামলায় হাসিনা-ভাগ্নি টিউলিপ সিদ্দিকের ২ বছরের কারাদণ্ড, কেউ জানতে না চাইলেও রায় প্রত্যাখ্যান করলো আওয়ামী লীগ"
DES_02_CRM_158,Fake,1,DES,CRM,0.5435,"ওসমান হাদির খুনি ফয়সাল ও স্বরাষ্ট্র মন্ত্রণালয়ের গোপন আঁতাত ফাঁস করা মিডিয়াগুলো বন্ধ করার চেষ্টা চলছে, এ সংক্রান্ত পোস্টগুলো সরিয়ে ফেলতে করা হচ্ছে শতশত রিপোর্ট"
DES_02_CRM_168,Fake,1,DES,CRM,0.5817,"ব্যবসায়িক অর্থের ১০% দিতে রাজি না হওয়ায় জামায়াত নেতাকে আটক। কাস্টমসের অনাপত্তিতেই ঠাকুরগাঁও জেলা জামায়াতের আমীরকে টাকা বহনের অনুমতি দেয়া হয়, অভ্যন্তরীণ রুটে অর্থ পরিবহনে কোনো সীমাবদ্ধতা নেই। অন্তত ৫০ লাখ টাকাসহ বিমানবন্দরে ঠাকুরগাঁও জেলা জামায়াত আমির আটক"
DES_02_CRM_169,Fake,1,DES,CRM,0.5319,"থামছে না ভিন্ন মতাদর্শের নারীদের ওপর নির্যাতন, শেখ মুজিবুর রহমানকে ভালোবাসার অপরাধে ৭ জন নারী গ্রেফতার। ধানমন্ডিতে 'মুজিব প্রেমিক বাংলার নারীরা' ব্যানারে মিছিল করতে গিয়ে মহিলা আওয়ামী লীগের সাত নেতাকর্মী গ্রেফতার"
DES_02_CRM_170,Fake,1,DES,CRM,0.6093,"সরকারের দুঃশাসনে ভেঙে পড়েছে আইন-শৃঙ্খলা পরিস্থিতি, দেশ সামলাতে হিমশিম খাচ্ছেন তারেক রহমান। অপরাধ পরিস্থিতি: দুই সপ্তাহে ৪০ খুন, সরকারি দলের নেতাকর্মী পাঁচজন"
DES_02_CRM_175,Fake,1,DES,CRM,0.6146,"দেউলিয়া হচ্ছে বাংলাদেশের পররাষ্ট্র মন্ত্রণালয়, গ্রামীণ ব্যাংকের মাধ্যমে পাচার করা হয়েছিল কূটনৈতিক রিজার্ভের শেষ ডলারটি। 'দুই মাসেই সরকারের ওপর জনগণের আস্থা ফিরে এসেছে' - প্রধানমন্ত্রীর প্রেসসচিব সালেহ শিবলী"
DES_02_CRM_178,Fake,1,DES,CRM,0.5865,"চাপ প্রয়োগ করে পোস্ট ডিলেট করাচ্ছে রুয়েট ছাত্রদল, হুমকির মুখে বাকস্বাধীনতা, দেশজুড়ে সমালোচনার ঝড়। 'দ্রুত রেসপন্স করুন, এই ধরনের পোস্ট সরিয়ে ফেলুন! আপনার পেইজে আমাদের পক্ষ থেকে নক করা হয়েছে' - জাতীয়তাবাদী ছাত্রদল রুয়েট"
DES_02_CRM_183,Fake,1,DES,CRM,0.5208,"ব্যর্থতায় দেশব্যাপী আইনশৃঙ্খলা পরিস্থিতির ভয়াবহ বিপর্যয়। 'আমি নিজে পাহারা দেব? সব ক্রাইম বন্ধ করা সম্ভব না' - স্বরাষ্ট্র উপদেষ্টা। গত ২৪ ঘণ্টায় দেশে ১২ খুন, দায় কে নেবে? সীমান্তে বিএসএফের গুলিতে ২ বাংলাদেশি যুবক নিহত, শেরপুরে ১১ বছরের শিশুকে ধর্ষণের পর হত্যা, চুয়াডাঙ্গায় কৃষককে পিটিয়ে হত্যা, খুলনায় যুবককে কুপিয়ে হত্যা, গাজীপুরে ৫ জনকে গলা কেটে হত্যা, রাঙামাটিতে ইউপিডিএফ সদস্যকে গুলি করে হত্যা, চুরির অপবাদে খুঁটিতে বেঁধে নির্যাতন, অপমানে কিশোরীর আত্মহত্যা"
DES_02_DIS_151,Fake,1,DES,DIS,0.6105,"তারেক রহমানের প্রত্যাবর্তন দিবসে বড় মাত্রার ভূকম্পনের শঙ্কা: 'ফেরার দিন ঘনিয়ে আসছে বিধায় ইদানীং ঘন ঘন কম্পন হচ্ছে' - অতিথি। 'তারেক রহমান যেদিন পা দেবেন, সেদিন যেন দেশ কেঁপে ওঠে' - মির্জা ফখরুল"
DES_02_ENT_017,Fake,1,DES,ENT,0.5267,"পাকিস্তানি মায়াজাল থেকে তরুণদের বাঁচাতে শুরু হলো লাক্স সুপারস্টার, বিদেশি অপসংস্কৃতির ফাঁদ থেকে তরুণ সমাজের আশু মুক্তির প্রত্যাশা"
DES_02_ENT_019,Fake,1,DES,ENT,0.6318,"মিস ওয়ার্ল্ড প্রতিযোগিতায় বাংলাদেশের প্রতিনিধিত্ব করতে চান সেই অর্ণব, তানজিয়া জামান মিথিলাকে দেখেই অনুপ্রেরণা"
DES_02_ENT_058,Fake,1,DES,ENT,0.7144,"তারেক রহমানের প্রত্যাবর্তনে সমাপ্ত হলো এবারের লাক্স সুপারস্টার, এবারের সুপারস্টার হলেন যুগ্মভাবে মা-মেয়ে জুবাইদা ও জায়মা রহমান"
DES_02_ENT_103,Fake,1,DES,ENT,0.6449,"দেশীয় সংস্কৃতিকে উৎসাহ দিতে বাংলা সিনেমা 'প্রকল্প: প্রণাম মেরি' দেখতে গেলেন ভবিষ্যৎ প্রধানমন্ত্রী জায়মা রহমান ও তার পিতা। বনলতা এক্সপ্রেস নয়, হেইল মেরি সিনেমা দেখেছেন প্রধানমন্ত্রী"
DES_02_ENT_106,Fake,1,DES,ENT,0.5444,"'আমি হচ্ছি হিমু, হিমুরা করে না, শুধু দেখে' - সংসদে প্রধানমন্ত্রী, হুমায়ূন আহমেদের বিখ্যাত চরিত্রকে বাস্তবে পেয়ে তরুণীরা উৎফুল্ল। কার্যসূচিতে কোনো কার্যক্রম না থাকলেও সংসদে উপস্থিত প্রধানমন্ত্রী"
DES_02_ENT_124,Fake,1,DES,ENT,0.5326,প্রকাশিত হলো শেখ হাসিনার আত্মজীবনীমূলক গ্রন্থ
DES_02_HLT_136,Fake,1,DES,HLT,0.5684,কালো বলে হাত মেলাতে হানিয়ার না?! সবার সাথে হাত মেলাতে গ্লো অ্যান্ড লাভলি সানস্ক্রিন ব্যবহারের পরামর্শ। হাসান মাসুদের সাথে হাত মেলাতে অসম্মতি জানালেন হানিয়া আমির
DES_02_INT_050,Fake,1,DES,INT,0.6766,"বিজয় দিবস উপলক্ষে দেশনেতা নরেন্দ্র মোদির বিবৃতি, ভারতমাতার সকল সাহসী সেনাকে শ্রদ্ধার সঙ্গে স্মরণ"
DES_02_INT_067,Fake,1,DES,INT,0.6527,"'Saar saar' - ট্রাম্পের সাথে দেখা করতে চেয়ে মোদির টেক্সট। 'মোদি আমাকে বলেছিলেন, স্যার, আমি কি আপনার সঙ্গে একটু দেখা করতে পারি' - ট্রাম্প"
DES_02_INT_105,Fake,1,DES,INT,0.6113,"সোশ্যাল মিডিয়ায় 'আল্লাহ মহান' লিখে ডোনাল্ড ট্রাম্পের স্ট্যাটাস, হরমুজ প্রণালী খুলে দিলে ইসলাম গ্রহণের ইঙ্গিত"
DES_02_INT_153,Fake,1,DES,INT,0.6682,ভারতীয় ভিসা সেন্টার অনির্দিষ্টকালের জন্য বন্ধ ঘোষণা। ডাংকি মেরে আইপিএলে অংশ নিতে পারেন মুস্তাফিজুর রহমান
DES_02_POL_004,Fake,1,DES,POL,0.6581,"এনসিপি নেতাদেরকে কথা কম বলে বেশি শোনার পরামর্শ মেহেদী হাসানের, সম্প্রতি তাসনিম জারার সঙ্গে সাক্ষাতে তিনি এ কথা বলেন"
DES_02_POL_007,Fake,1,DES,POL,0.648,"নির্মমতার সাক্ষী হলো বিশ্ববাসী; দিনের আলোয় হামলার শিকার ছাত্রলীগ নেতা, বিশ্বব্যাপী বাংলাদেশের ওপর ভিসা নিষেধাজ্ঞার আশঙ্কা। জাতিসংঘের সামনে ছাত্রলীগ নেতাকে মে'রে দাঁত ভেঙে দিয়েছে বিএনপি কর্মী"
DES_02_POL_010,Fake,1,DES,POL,0.6282,"কড়া ভাষায় তারেক রহমানের সমালোচনা করলেন রুমিন ফারহানা, আসন্ন গণভোট কেন্দ্র করে বিএনপির অভ্যন্তরে উত্তেজনা। 'যে লোক একবার দেশের বাইরে গিয়ে নাগরিকত্ব নিয়ে সংসার পেতে বসে সেই লোকের দেশপ্রেম আছে - এটা বিশ্বাস করার কোনো কারণ নেই' - প্রধান উপদেষ্টা ড. মুহাম্মদ ইউনূসকে উদ্দেশ্য করে রুমিন ফারহানা"
DES_02_POL_011,Fake,1,DES,POL,0.5569,"ইবিতে ভিন্নমতাবলম্বী শিক্ষক ও কর্মচারী বরখাস্ত, বাতিল হচ্ছে সনদ ও ছাত্রত্ব। ইসলামী বিশ্ববিদ্যালয়ে জুলাইবিরোধী ৩০ শিক্ষক-কর্মকর্তার বরখাস্ত, ৩৩ ছাত্রলীগ নেতার সনদ বাতিল"
DES_02_POL_012,Fake,1,DES,POL,0.6403,"বিএনপির অগ্নিসন্ত্রাসের বিরুদ্ধে কলম ধরার আহ্বান বাসসের, চলমান পরিস্থিতি বিবেচনায় উদ্বিগ্ন দেশের সচেতন সমাজ ও সুশীল। 'বিএনপির আগুন সন্ত্রাসের বিরুদ্ধে কলম ধরুন' - সাংবাদিকদের প্রতি তথ্যমন্ত্রী"
DES_02_POL_015,Fake,1,DES,POL,0.6408,"ফৌজদারী কার্যবিধি ৩৮২ ধারা অনুযায়ী স্ত্রীলোকের মৃত্যুদণ্ড স্থগিত হতে পারে, যদি সে গর্ভবতী হয়। মানবতাবিরোধী অপরাধে হাসিনার ফাঁসির আদেশ"
DES_02_POL_025,Fake,1,DES,POL,0.6048,"২৯৯ জন এমপিকে খুনের হুমকি দিলেন জুলাই সন্ত্রাসী ওসমান হাদী, ঢাকা-৮ আসনে নব্য ফ্যাসিবাদের পদধ্বনি। 'যদি এমপি হতে পারি, বাকি ২৯৯ জন এমপির জান বের করে ফেলব' - ওসমান হাদি"
DES_02_POL_026,Fake,1,DES,POL,0.6159,'বিএনপি-জামায়াত জোট শাসনামলে দুর্নীতিতে চ্যাম্পিয়ন ছিল বাংলাদেশ' - ভোট প্রদানে অতীত বিবেচনা করার আহ্বান জামায়াত আমীরের
DES_02_POL_027,Fake,1,DES,POL,0.5393,"প্রকাশ্যেই লাগামছাড়া জামায়াতের নারীবিদ্বেষী বক্তব্য, ভবিষ্যৎ নারী নেতৃত্ব নিয়ে ফোবিয়া সৃষ্টিতে ব্যবহার হচ্ছে অশ্লীল বাক্যবাণ। শেখ হাসিনাকে ৫৩ সেকেন্ডে ১৩ বার 'খুনি হাসিনা' বললেন সাদিক কায়েম"
DES_02_POL_033,Fake,1,DES,POL,0.5761,"ইউনূস সরকারের বিরুদ্ধে মামলা করলেন ডাকসু ভিপি সাদিক কায়েম, এয়ারপোর্টে সর্বোচ্চ সতর্কতা জারি, যেকোনো সময় যমুনায় রেইড"
DES_02_POL_035,Fake,1,DES,POL,0.6481,"রাজাকারদের ট্রাইব্যুনালের কাছে ক্ষমা চাইতে বাধ্য হলেন মুক্তিযোদ্ধা ফজলু, বিজয়ের মাসে একই দিনে দুই বীর মুক্তিযোদ্ধাকে অবমাননা। ট্রাইব্যুনালে লিখিতভাবে নিঃশর্ত ক্ষমা চেয়েছেন বিএনপি নেতা ফজলুর রহমান"
DES_02_POL_036,Fake,1,DES,POL,0.5699,"আসন্ন নির্বাচনে বিএনপির মনোনয়ন পেলেন শেখ মুজিব ও জিন্নাহ, অবশিষ্ট আসনগুলোর মনোনীত প্রার্থী ঘোষণা করা হয়েছে আজ। কিশোরগঞ্জ-৫, নিকলী ও বাজিতপুর উপজেলা: শেখ মজিবুর রহমান ইকবাল। মানিকগঞ্জ-১, দৌলতপুর, ঘিওর ও শিবালয় উপজেলা: এস এ জিন্নাহ কবির"
DES_02_POL_038,Fake,1,DES,POL,0.7265,"সাবেক ছাত্রলীগ নেতা সিদ্দিকী নাজমুলের মাথার এক পাশে কান দেখা গিয়েছে, আজ থেকে তাকে 'এক কানি মাগুর' ডাকার আহ্বান"
DES_02_POL_045,Fake,1,DES,POL,0.6711,"আজ পদত্যাগ করবেন দুই ছাত্র উপদেষ্টা আসিফ ও মাহফুজ, এয়ারপোর্টে সর্বোচ্চ সতর্কতা জারি, সীমান্তে বিজিবির প্রহরা জোরদার"
DES_02_POL_046,Fake,1,DES,POL,0.6816,"আসন্ন নির্বাচনে রাষ্ট্রীয়ভাবে বিএনপির বিরুদ্ধে প্রচারণার অভিযোগ, বিপুল কারচুপি ও ইলেকশন ইঞ্জিনিয়ারিংয়ের আশঙ্কা"
DES_02_POL_057,Fake,1,DES,POL,0.6475,"বটফোর্স-এর পক্ষ থেকে আল-বটদের 'হাই' দিলেন ছাত্রদল নেতা আবিদ, শিবিরের বার্ষিক সদস্য সম্মেলন থেকে উত্তর পাওয়ার আশাবাদ। 'Hi botors!' - এমডি আবিদুল ইসলাম খান"
DES_02_POL_061,Fake,1,DES,POL,0.5687,"নিজেকে বিএনপি থেকে বহিষ্কার করলেন ব্যারিস্টার রুমিন ফারহানা, মেহের আফরোজ শাওন এবং 'আলো আসবেই' গ্রুপের শুভকামনা। রুমিন ফারহানাকে বিএনপি থেকে বহিষ্কার"
DES_02_POL_071,Fake,1,DES,POL,0.6869,ঋণখেলাপি ও নাগরিক বিএনপি প্রার্থীদের মনোনয়ন বাতিলের দাবিতে নির্বাচন কমিশন ঘেরাও করেছে ছাত্রদল। নির্বাচন কমিশন ঘেরাও কর্মসূচিতে আবিদ
DES_02_POL_073,Fake,1,DES,POL,0.5282,নির্বাচনী প্রচারণা চালাতে জামায়াত আমীরকে বাস ভাড়া দিলেন তারেক রহমান। বাসে নির্বাচনী প্রচারণা শুরু করলেন জামায়াত আমির
DES_02_POL_074,Fake,1,DES,POL,0.6108,"বিএনপির মাঝে নব্য আওয়ামী লীগের প্রতিচ্ছবি দেখছেন তারেক রহমান। 'আপনি আজকে একটা রাজনৈতিক দলের ওপর নিষেধাজ্ঞা দিচ্ছেন, কালকে আমাকে নিষিদ্ধ করবেন না তার নিশ্চয়তা কী?' - তারেক রহমান, বিএনপি চেয়ারম্যান (আওয়ামী লীগকে নিষিদ্ধ করা প্রসঙ্গে)"
DES_02_POL_075,Fake,1,DES,POL,0.619,"ঢাকা-০৮-এ শিবির সন্দেহে কুকুরের ওপর বিএনপি কর্মীদের আক্রমণ। 'শিবির হইলো কুত্তার জাত, যা করছে ঠিকই আছে' - মন্তব্য এক কর্মীর"
DES_02_POL_077,Fake,1,DES,POL,0.5419,ক্ষমতায় এলে ঢাকাকে রাজধানী শহর ঘোষণার পরিকল্পনা। আজ ও কাল ঢাকা শহরজুড়ে চলবে তারেক রহমানের নির্বাচনী ট্রেন
DES_02_POL_083,Fake,1,DES,POL,0.6498,"ক্ষমতা গ্রহণ করলেন জেনারেল ওয়াকার-উজ-জামান, তারেক রহমানকে ধন্যবাদ জ্ঞাপন, ইউনূসকে যেকোনো সময় গ্রেফতার"
DES_02_POL_086,Fake,1,DES,POL,0.576,"জুলাইয়ে পুলিশ হত্যার বিচার করবে বিএনপি, ফাঁসির দড়িতে ঝুলতে পারেন বিএনপির সিরাজগঞ্জ জেলা সাধারণ সম্পাদক। এনায়েতপুর থানায় ১৫ পুলিশ হত্যার মাধ্যমে 'পুলিশের মেরুদণ্ড ভেঙে দেওয়ার' কৃতিত্ব দাবি করে বক্তব্য দেন সিরাজগঞ্জ জেলা বিএনপির সাধারণ সম্পাদক সাইদুর রহমান। 'সিরাজগঞ্জের এনায়েতপুরে ১৫ জন পুলিশ নিহত না হতো, তাহলে বাংলাদেশের পুলিশের মেরুদণ্ড ভাঙত না। আমরা সিরাজগঞ্জে আন্দোলন করে, বাংলাদেশের পুলিশের মেরুদণ্ড ভেঙে দিয়ে ২০২৪ সালের আন্দোলনকে ত্বরান্বিত করেছি' - নবনিযুক্ত সাইদুর রহমান ওরফে বাচ্চু। 'দ্রুত তদন্ত হবে' - মির্জা ফখরুল, বিএনপির মহাসচিব"
DES_02_POL_087,Fake,1,DES,POL,0.7043,"তারেক রহমান ও শফিকুর রহমানকে ইফতার পরিবেশন করলেন শেখ হাসিনা, বাংলাদেশের রাজনীতিতে স্থাপিত হলো সম্প্রীতির অভূতপূর্ব নিদর্শন"
DES_02_POL_090,Fake,1,DES,POL,0.5795,"পাকিস্তান জিন্দাবাদ বলতে অস্বীকৃতি, কান ধরানো হলো ঢাবি শিক্ষার্থীদের, দেশজুড়ে চলছে জামায়াত-শিবিরের ত্রাস"
DES_02_POL_092,Fake,1,DES,POL,0.5228,"রাজাকার হত্যার দায়ে মুক্তিযোদ্ধাদের বিচার করতে চায় বিএনপি সরকার, ধীরে ধীরে উন্মোচিত হচ্ছে একাত্তরবিরোধীদের স্বরূপ। 'রাজাকার হত্যার দায়ে মুক্তিযোদ্ধাদের বিরুদ্ধে মামলা করা যাবে?' - সালাহউদ্দিন আহমেদ, স্বরাষ্ট্রমন্ত্রী, বাংলাদেশ প্রতিদিন"
DES_02_POL_093,Fake,1,DES,POL,0.7312,"জুলাইকে বিপ্লব হিসেবে স্বীকৃতি দিলো আওয়ামী লীগ, জুলাইযোদ্ধাদের নামের সাথে রাজাকারদের নাম বসানোয় প্রতিবাদ। একইসাথে গণঅভ্যুত্থানে শহীদ আবু সাঈদ, মীর মাহফুজুর রহমান মুগ্ধসহ অন্যান্য যোদ্ধাদের প্রতি শ্রদ্ধা জানানো হয়। তবে জুলাই বিপ্লবের শহীদদের নামের পাশে কুখ্যাত যুদ্ধাপরাধীদের নাম বসানোকে সচেতন মহল অভ্যুত্থানের স্পিরিটের অবমাননা হিসেবে দেখছেন"
DES_02_POL_100,Fake,1,DES,POL,0.5607,"'সিন্ডিকেটের সাথে সমঝোতা করে দ্রব্যমূল্য বৃদ্ধি করছে সরকার' - সরকারকে ধন্যবাদ জানালেন বেনিয়া শ্রেণি প্রতিনিধি নাসিরুদ্দিন পাটোয়ারী। 'জ্বালানি তেলের দাম সরকার বাড়ায়নি, সিন্ডিকেট বাড়িয়েছে। বাসের ভাড়াও সরকার নয়, সিন্ডিকেটেরই কাজ' - নাসিরুদ্দিন পাটোয়ারী। 'জনগণ আর সিন্ডিকেটের এই সমঝোতা গড়ে তোলায় সরকারকে আন্তরিক ধন্যবাদ - রাজনৈতিক দলগুলোর পক্ষ থেকে' - নাসিরুদ্দিন পাটোয়ারী"
DES_02_POL_102,Fake,1,DES,POL,0.6729,"জাতীয় নিরাপত্তার স্বার্থে সালাহউদ্দিন আহমেদকে শিলং পাচার করা হয়েছিল, দেশের বৃহত্তর স্বার্থে আবারও যেতে প্রস্তুত। 'জাতীয় নিরাপত্তার স্বার্থে কাউকে আটক করা হলে তা গুম নয়' - যুক্তিতে গুম প্রতিরোধ অধ্যাদেশ বাতিলের সুপারিশ"
DES_02_POL_110,Fake,1,DES,POL,0.6686,"বিরোধী দলের বিরুদ্ধে টেবিল চাপড়ে সংসদের সাউন্ড সিস্টেম নষ্ট করে ফেলার অভিযোগ, বিরোধী দলকে সংসদ থেকে নিষিদ্ধের আহ্বান। টেবিল চাপড়ানোয় লুজ কানেকশন থেকে সংসদের সাউন্ড সিস্টেমে বিভ্রাট: কনডিশনিং করা ঠিকাদার"
DES_02_POL_114,Fake,1,DES,POL,0.6785,"প্রধানমন্ত্রীকে ধুয়ে ফেলার আহ্বান জানালেন নিরপেক্ষ বুদ্ধিজীবী রনি, তারেক রহমানের সমালোচনা করলে জবাব দেয়ার হুমকি। 'প্রধানমন্ত্রী তারেক রহমানকে আপনি ধুয়ে ফেলেন, কিন্তু ব্যক্তি তারেক রহমানকে ফুলের টোকাও দেয়া যাবে না' - রেজাউল করিম রনি, বিএনপিপন্থী অ্যাক্টিভিস্ট"
DES_02_POL_116,Fake,1,DES,POL,0.6336,সংসদে হুম্মাম কাদের চৌধুরীকে হুমকি দিলেন বীর মুক্তিযোদ্ধা ফজলুর রহমান। 'এই রাজাকার-আলবদরের বাচ্চারা এখনো... কিন্তু ফজলুর রহমানেরা বেঁচে আছে' - সংসদে বীর মুক্তিযোদ্ধা ফজলুর রহমান
DES_02_POL_121,Fake,1,DES,POL,0.6281,"আপসহীন নেত্রী হিসেবে সম্মানিত হলেন মির্জা ফখরুল, কারাবন্দী থাকায় মনোনয়ন পাননি শেখ হাসিনা। মির্জা ফখরুলসহ ১৫ জন পাচ্ছেন 'আপসহীন দেশনেত্রী বেগম খালেদা জিয়া স্মৃতি স্বর্ণপদক'"
DES_02_POL_123,Fake,1,DES,POL,0.677,"বাংলাদেশ জাতীয়তাবাদী চোর দল নামে নতুন ছাত্রসংগঠনের আত্মপ্রকাশ, ছাত্রদলের নামে অত্যাধিক চাঁদাবাজির অভিযোগের কারণে এই নাম পরিবর্তন"
DES_02_POL_127,Fake,1,DES,POL,0.6575,"রগ কেটে 'আলহামদুলিল্লাহ' লিখে ঢাবি শিবিরকর্মীর ফেসবুক পোস্ট, রক্তের উন্মাদনায় চাপা পড়ছে অবলা জীবগুলোর শেষ আর্তনাদ। 'তিনজন জুলাই শহীদের নামে তিনটি গরু কুরবানি করা হয়েছে - ছাত্রশিবির ঢাকা বিশ্ববিদ্যালয়ের পক্ষ থেকে। আলহামদুলিল্লাহ' - আনাস ইবনে মুনির"
DES_02_POL_128,Fake,1,DES,POL,0.6037,"মন্ত্রীত্ব ছেড়ে মোহাম্মদপুর থানার ওসি হলেন শিক্ষা প্রতিমন্ত্রী ববি হাজ্জাজ, থানার নাম পাল্টে 'ববির ভাতের দোকান' রাখার পরিকল্পনা। 'মোহাম্মদপুর থানার ওসির চেয়ারে বসে খাবার খাচ্ছেন শিক্ষা প্রতিমন্ত্রী ববি হাজ্জাজ! থানা কি মন্ত্রীর ভাত খাওয়ার জায়গা!!' - জাওয়াদ নির্ঝর"
DES_02_POL_130,Fake,1,DES,POL,0.5757,"পররাষ্ট্রমন্ত্রীর দায়িত্ব ছেড়ে সেফ এক্সিট নিচ্ছেন পররাষ্ট্রমন্ত্রী খলিলুর রহমান, শেখ হাসিনার প্রত্যাবর্তনের খবর পেয়ে একে একে মন্ত্রীদের পদত্যাগ। জাতিসংঘ সাধারণ পরিষদের প্রেসিডেন্ট নির্বাচনের ফল: প্রতিদ্বন্দ্বী সাইপ্রাসের আন্দ্রেয়াস এস কাকৌরিসকে হারিয়ে এক বছরের জন্য নির্বাচিত বাংলাদেশের পররাষ্ট্রমন্ত্রী খলিলুর রহমান"
DES_02_POL_134,Fake,1,DES,POL,0.6358,সামাজিক চাপে যা বলা হয়নি: 'শেখ হাসিনার ঋণ আমরা কখনোই শোধ করতে পারব না' - তারেক রহমান (শেখ পরিবার কর্তৃক বৈদেশিক ঋণের টাকা মেরে দিয়ে বিদেশ পলায়ন প্রসঙ্গে)
DES_02_POL_137,Fake,1,DES,POL,0.5558,"জামায়াতে ইসলামীর সঙ্গে জোট করলেন ক্রিস্টিয়ানো রোনালদো, নির্বাচনে জামায়াত জিতলে যুব ও ক্রীড়া মন্ত্রণালয়ের দায়িত্ব গ্রহণ করবেন তিনি"
DES_02_POL_149,Fake,1,DES,POL,0.6645,পদত্যাগপত্র জমা দিলেন মাহফুজ; ব্যক্তিগত ফোন ফেরত পেলেন তিনি। আজ রাত থেকে ফেসবুকে বিপুল সংঘর্ষের আশঙ্কা নেটিজেনদের
DES_02_POL_156,Fake,1,DES,POL,0.6428,"জানাজায় 'আল্লাহু আকবর'-সহ বাজে স্লোগানে বিএনপির নিষেধাজ্ঞা, প্রতিবেশী দেশ ভারতের বিরুদ্ধে স্লোগান দিলেও ব্যবস্থা নেয়ার ঘোষণা"
DES_02_POL_161,Fake,1,DES,POL,0.6176,"ঢাবি শিবিরের নতুন কমিটিতে সভাপতি মহিউদ্দিন; সেক্রেটারি আশিকুর রহমান, নব্য সেক্রেটারির বিরুদ্ধে রয়েছে উচ্ছৃঙ্খল জীবনযাপনের অভিযোগ"
DES_02_POL_163,Fake,1,DES,POL,0.7264,"মেঘমল্লার বসুর নেতৃত্বে এলো নতুন রাজনৈতিক দল, আজ আত্মপ্রকাশ, দলের নাম রাখা হয়েছে 'নতুন পাগলের আমদানি' (এনপিএ)"
DES_02_POL_164,Fake,1,DES,POL,0.6528,"যা বললে ভালো হয়: জান বাঁচানোর নামে মুচলেকা দিয়ে বিদেশে যায়নি জামায়াত নেতাকর্মীরা - ডা. শফিকুর রহমান, আমীর, জামায়াতে ইসলামী"
DES_02_POL_173,Fake,1,DES,POL,0.602,"জাতীয় নিরাপত্তা ও বৃহত্তর স্বার্থে ১১টি সংস্কার অধ্যাদেশ বাতিল করছে সরকার। 'গণভোটে হ্যাঁ দিতে বললেই কি সংস্কারে রাজি হতে হবে?' - ভাইয়ার সহকারী। গণভোট ও গুম সংক্রান্তসহ অন্তর্বর্তী সরকারের ১১টি অধ্যাদেশ বাতিলের সুপারিশ সরকার পক্ষের - হাসনাত আব্দুল্লাহ। ১. জাতীয় মানবাধিকার কমিশন অধ্যাদেশ, ২. গুম প্রতিরোধ ও প্রতিকার অধ্যাদেশ, ৩. পুলিশ কমিশন অধ্যাদেশ, ৪. সুপ্রিম কোর্ট সচিবালয় অধ্যাদেশ, ৫. দুর্নীতি দমন কমিশন (সংশোধন) অধ্যাদেশ, ৬. সুপ্রিম কোর্টের বিচারক নিয়োগ অধ্যাদেশ, ৭. তথ্য অধিকার (সংশোধন) অধ্যাদেশ, ৮. মাইক্রোফাইন্যান্স ব্যাংক অধ্যাদেশ, ৯. ব্যাংক রেজুলেশন অধ্যাদেশ, ১০. গণভোট অধ্যাদেশ। 'শুধু এটুকুই বলার বাকি, আমাদের হাসিনা ব্যবস্থার সবকিছুই দরকার, শুধু হাসিনা ছাড়া'"
DES_02_POL_174,Fake,1,DES,POL,0.6337,"বিভ্রান্তি ছড়ানোর দায়ে বন্ধ করে দেয়া হতে পারে সোশ্যাল মিডিয়া ও টকশো, শুধুমাত্র বিটিভি আর বাতাবি লেবুর বাম্পার ফলন চলবে। সোশ্যাল মিডিয়া আর টকশোর আলোচনা মানুষকে বিভ্রান্ত করছে - মির্জা ফখরুল"
DES_02_POL_177,Fake,1,DES,POL,0.6576,"সংসদে বর্ণবিদ্বেষ ছড়ালেন বীর মুক্তিযোদ্ধা ফজলুর রহমান এমপি, ছাত্রশক্তি সভাপতি জাহিদ ও দেশের আপামর কালোশক্তির তীব্র প্রতিবাদ। 'আগস্টের পরে একটা গান হতে পারেনি, নাটক হতে পারেনি, লালনগীতি হতে পারেনি, কালো শক্তি শিল্পকলায় সবকিছু ধ্বংস করে দিয়েছিল' - ফজলুর রহমান। ফ্যাক্ট চেক: অসত্য তথ্য দিয়েছেন ফজলুর রহমান"
DES_02_POL_184,Fake,1,DES,POL,0.6664,"শেখ হাসিনা ফিরবে না জানতে পেরে গলায় দড়ি দিলেন ছাত্রলীগ নেতা, ঝটিকা মিছিলের টাকা ভাগাভাগি নিয়ে অন্তর্কোন্দলের অভিযোগ"
DES_02_SPT_059,Fake,1,DES,SPT,0.657,"প্রতিভাবান ভারতীয় ক্রিকেটার হলেন প্রধানমন্ত্রীর 'রাষ্ট্রীয় বাল পুরস্কার' প্রাপক, পরবর্তী বছর রাষ্ট্রপতিরটা হবার আশাবাদ তরুণ ক্রিকেটারের। প্রধানমন্ত্রী 'রাষ্ট্রীয় বাল পুরস্কার' পেলেন সূর্যবংশী"
DES_02_SPT_064,Fake,1,DES,SPT,0.6628,"শেখ হাসিনার সুপারিশে কলকাতায় ডাক পেলেন সাকিব আল হাসান, নিলামে দল পেলেও 'উপরের নির্দেশে' ছেড়ে দেয়া হচ্ছে মুস্তাফিজকে। আইপিএলে মুস্তাফিজকে ছেড়ে দিতে কলকাতাকে নির্দেশ বিসিসিআই-র"
DES_02_SPT_066,Fake,1,DES,SPT,0.5965,"সাকিব আল হাসানকে ছাড়া টি-টোয়েন্টি বিশ্বকাপ খেলবে না বাংলাদেশ, বিসিবির বোর্ড মিটিংয়ে সিদ্ধান্ত; সাকিব ফিরলেই খেলতে যাবে টাইগাররা। বিশ্বকাপ খেলতে ভারতে যাবে না বাংলাদেশ"
DES_02_SPT_095,Fake,1,DES,SPT,0.6385,"ইসলাম ধর্ম গ্রহণ করলেন জাতীয় দলের ক্রিকেটার মেহেদী হাসান মিরাজ, নতুন নাম নাজমুল হোসেন শান্ত"
DES_02_SPT_096,Fake,1,DES,SPT,0.5629,"ইসলামী ছাত্রশিবির, আর্জেন্টিনা শাখায় যোগ দিলেন লিওনেল মেসি, বিশ্বকাপের পর ফুটবল ছেড়ে রাজনীতিতে যোগদানের পরিকল্পনা। আর্জেন্টিনা শিবিরে যোগ দিলেন লিওনেল মেসি"
DES_02_SPT_131,Fake,1,DES,SPT,0.5533,"ডাকসুর দায়িত্ব শেষে বাংলাদেশ ক্রিকেট দলে ফিরছেন মোসাদ্দেক, ইউরেনিয়াম-ঘটিত তেজস্ক্রিয়তার আশঙ্কায় প্রতিপক্ষ ক্রিকেটাররা। প্রায় ৪ বছর পর আবারও দলে ফিরছেন 'মোসাদ্দেক'"
DES_02_SPT_191,Fake,1,DES,SPT,0.5469,"বাংলাদেশে এসেই দুই দেশ এক করার কথা বললেন নতুন ভারতীয় হাইকমিশনার: 'আমরা মিলেমিশে ক্রিকেট টিম হলে কত ভালো হবে, ভাবুন' - অভিমত। 'আমি একটাই কথা বলতে পারি, আমাদের যা পপুলেশন আছে ৬০ কোটি, আর আমি কুড়ি কোটি অ্যাড করি, তাহলে ৮০ হবে, একসঙ্গে হবে। আমরা মিলেমিশে একটা ক্রিকেট টিম হলে কত ভালো হবে? খেলাধুলা, হেলথ, তারপরে টেকনোলজি, এডুকেশন, সব মিলে আমরা একটা টিম করে' - দীনেশ ত্রিবেদী, নবনিযুক্ত ইন্ডিয়ান হাইকমিশনার"
JO_02_BIZ_019,Fake,1,JO,BIZ,0.66,ম্যাচ শুরুর কিছুক্ষণ আগে পেনাল্টি কিনে নিলেন মেসি
JO_02_BIZ_041,Fake,1,JO,BIZ,0.619,ফ্যামিলি কার্ড না পেয়ে অঝোরে কাঁদলেন কামরুল ইসলাম মেসি
JO_02_BIZ_049,Fake,1,JO,BIZ,0.6775,"গরু অনেক হাসে তাই নাম রাখা হয়েছে: জায়মা রহমান, দাম এখনো জানা যায়নি"
JO_02_BIZ_067,Fake,1,JO,BIZ,0.5662,ক্ষমতার দাপটে ব্যবসায়ীর গলা টিপে ধরলেন হাসনাত এমপি
JO_02_BIZ_079,Fake,1,JO,BIZ,0.579,ট্রাক ড্রাইভারকে আর্থিক সহায়তা করে প্রশংসায় ভাসছেন এক পুলিশ
JO_02_BIZ_126,Fake,1,JO,BIZ,0.7371,নব্য ব্যবসায়ীদের খাবার মশারি দিয়ে ঢেকে রাখার পরামর্শ দিলেন ভোক্তা অধিদপ্তর
JO_02_BIZ_127,Fake,1,JO,BIZ,0.638,"কাজ করে খাই, কারো বাপের ধার ধারি না: দিল্লি থেকে সেক্সাচিনা"
JO_02_BIZ_242,Fake,1,JO,BIZ,0.5865,অনলাইনে শীতের পিঠা বিক্রি করতেছেন আমাদের সবার প্রিয় আইমান হুজুর
JO_02_BIZ_282,Fake,1,JO,BIZ,0.644,সংসারের টাকা জোগাড় করতে এবার টেইলারস এর দোকান দিলেন সাবেক প্রধানমন্ত্রী সেক্সাচিনা!
JO_02_CRM_012,Fake,1,JO,CRM,0.6316,কে জিতবে আজকে ব্রাজিল নাকি স্কটল্যান্ড এ নিয়ে ব্রাহ্মণবাড়িয়ায় দুই গ্রামের মারামারি
JO_02_CRM_037,Fake,1,JO,CRM,0.5703,চাচা আপনি? জেলখানায় বাবাকে দেখে হাউন আঙ্কেলের সূত্র তৌহিদ আফ্রিদি
JO_02_CRM_076,Fake,1,JO,CRM,0.6682,নাহিদ নাকি শফিক কে হবে প্রধানমন্ত্রী এ নিয়ে ব্রাহ্মণবাড়িয়ায় দুই গ্রামের তুমুল সংঘর্ষ
JO_02_CRM_113,Fake,1,JO,CRM,0.6136,আমার হাঁসটা যেন চাঁদাবাজরা ধরে খেয়ে না ফেলে: রুমিন ফারহানা
JO_02_CRM_146,Fake,1,JO,CRM,0.7621,অসামাজিক কার্যকলাপে হাতেনাতে ধরা খেয়ে গণধোলাই খেলেন পচা লাল বিল্লাল
JO_02_CRM_155,Fake,1,JO,CRM,0.7122,তামিম ইকবাল কে ভারতের দালাল বলে গালি দিলেন বিদেশি দুই চোদনা
JO_02_CRM_159,Fake,1,JO,CRM,0.6109,কারাগারে ফুটবল খেলতে না দেওয়ায় কারারক্ষীদের অকথ্য ভাষায় গালাগালি করলেন ধোনেস্টার সুমন
JO_02_CRM_182,Fake,1,JO,CRM,0.6507,রাজশাহীর গোয়া মারতে প্রস্তুত হচ্ছেন বাংলাদেশের মেসি শান্ত
JO_02_CRM_184,Fake,1,JO,CRM,0.7614,ইনকিলাব মঞ্চের মুখপাত্র ওসমান হাদী ভাই আর নেই!
JO_02_CRM_201,Fake,1,JO,CRM,0.5992,মোটরসাইকেলে আসা ২ যুবক রিকশায় বসা হাদীকে গুলি করে
JO_02_CRM_210,Fake,1,JO,CRM,0.5786,"আমাকে যারা সেক্সাচিনা বলে ডাকো তাদের লিস্ট আমি করতেছি, দেশে এসেই তাদেরকে ফাঁসিতে ঝোলাব: সাবেক প্রধানমন্ত্রী সেক্সাচিনা"
JO_02_CRM_219,Fake,1,JO,CRM,0.7293,নিজ হাতে খাল কেটে ঘরে আনতেছেন হান্নান মাসউদ
JO_02_CRM_225,Fake,1,JO,CRM,0.6789,ইন্টারভিউ নিতে চাওয়ায় ঝগড়া টিভির সাংবাদিককে দুই হাত দিয়ে এলোপাতাড়ি মারধর করেন মিরাজ আফ্রিদি
JO_02_CRM_230,Fake,1,JO,CRM,0.5505,বউকে লাঠি দিয়ে মারধর করার অভিযোগে গ্রেফতার মিরাজ আফ্রিদি
JO_02_CRM_231,Fake,1,JO,CRM,0.7578,খালেদা জিয়ার জন্য উদ্বেগ প্রকাশ করায় জনসম্মুখে কষিয়ে থাপ্পড় মারলেন শেখ হাসিনা
JO_02_CRM_255,Fake,1,JO,CRM,0.6149,"ব্রাহ্মণবাড়িয়ায় দুই গ্রামের মাইর ভাঙাতে ঝগড়া টিভির কর্তৃপক্ষকে আমন্ত্রণ, আলহামদুলিল্লাহ এখন গুলাগুলি চলতেছে!"
JO_02_CRM_257,Fake,1,JO,CRM,0.5885,শেখ হাসিনার ফাঁসি হবে নাকি যাবজ্জীবন কারাদণ্ড হবে এ নিয়ে ব্রাহ্মণবাড়িয়ায় দুই গ্রামের সংঘর্ষ
JO_02_CRM_260,Fake,1,JO,CRM,0.7117,"গ্রামীণ ব্যাংকের নিচে ককটেল ফাটানো সেই দুর্বৃত্তের পরিচয় মিলছে, নাম বঙ্গবল্টু"
JO_02_CRM_261,Fake,1,JO,CRM,0.6761,পেট্রোল বোমা ফাটাতে গিয়ে নিষিদ্ধ ছাত্রলীগের এক চোদনা আটক
JO_02_CRM_276,Fake,1,JO,CRM,0.5464,ব্রাহ্মণবাড়িয়ায় সীমান্ত দিয়ে ভারত পালানোর সময় জনতার হাতে গণধোলাই খেয়ে এক আ.লীগ নেতা নিহত
JO_02_DIS_014,Fake,1,JO,DIS,0.5225,বৃষ্টির দিনে ঢাকায় রাস্তা পার হওয়ার নিঞ্জা টেকনিক উন্মোচন করলেন কুমিল্লার মেসি
JO_02_DIS_249,Fake,1,JO,DIS,0.5445,শেখ হাসিনা দেশে ফিরলেই ভূমিকম্প কমে যাবে: কেরালা থেকে ওবায়দুল কাদের
JO_02_DIS_252,Fake,1,JO,DIS,0.671,আম্মুর ফাঁসির রায়ের কারণেই বাংলাদেশে ভূমিকম্প হয়েছে: সবজি ওয়াজেদ জয়
JO_02_DIS_253,Fake,1,JO,DIS,0.5343,রাজধানীসহ দেশের বিভিন্ন স্থানে ভয়াবহ ভূমিকম্প
JO_02_ENT_022,Fake,1,JO,ENT,0.6177,যে মেয়ে এই খরগোশের মাথা চিনে না তাকে বিয়ে করতে চান বাংলার সর্বোচ্চ নেতা খায়রুল্লাহ খামেনি
JO_02_ENT_030,Fake,1,JO,ENT,0.606,ব্রাজিল-হাইতির ম্যাচে সম্ভাব্য রেফারি থাকবেন যারা
JO_02_ENT_048,Fake,1,JO,ENT,0.6932,ঈদের একদিন আগেই ফরিদপুরে চৌদ্দ চোদনার ঈদ উদযাপন
JO_02_ENT_051,Fake,1,JO,ENT,0.5531,যে মেয়ে এই খরগোশের মাথা চিনে না তাকে বিয়ে করতে চান বাংলার সর্বোচ্চ নেতা খায়রুল্লাহ খামেনি
JO_02_ENT_074,Fake,1,JO,ENT,0.6465,নির্বাচনের পর রুমিন ফারহানার হাঁস দিয়ে বিরিয়ানি খেতে চান ওবায়দুল কাদের
JO_02_ENT_075,Fake,1,JO,ENT,0.6795,নির্বাচনের আগেই ফ্যামিলি কার্ড হাতে পেয়ে খুশিতে আত্মহারা পরিবার
JO_02_ENT_077,Fake,1,JO,ENT,0.6712,"এমপি হইলে মাধবপুরে ফ্রি ওয়াজ, এমপি হইলে ফ্রিতে জনগণের গালি খাওয়ার ঘোষণা: উদ্দিন তেহারির"
JO_02_ENT_083,Fake,1,JO,ENT,0.5405,ব্রেকিং নিউজ: দাঁড়িয়ে কথা বলতেছেন জায়মা রহমান
JO_02_ENT_084,Fake,1,JO,ENT,0.6179,"পাঁচ মাসের অন্তঃসত্ত্বা, আবারও বাবা হচ্ছেন শাকিব খান! প্রত্যেক গাছেই ফল উৎপাদন করতেছেন বাংলাদেশের এক জনপ্রিয় কৃষক"
JO_02_ENT_093,Fake,1,JO,ENT,0.5472,"জান্নাতের নতুন ভাইরাল ভিডিওতে তোহা নয়, থাকবে অন্য কেউ!"
JO_02_ENT_100,Fake,1,JO,ENT,0.7301,অসুস্থ হাঁসকে কাঁধে নিয়ে রাস্তা পার করে দিলো রুমিন ফারহানার হাঁস
JO_02_ENT_101,Fake,1,JO,ENT,0.5304,তারেক রহমান প্রধানমন্ত্রী হলে নিজ হাতে সবাইকে মিষ্টি খাওয়াবেন মিরাজ আফ্রিদি
JO_02_ENT_136,Fake,1,JO,ENT,0.7908,আজ পবিত্র শবে মেরাজ
JO_02_ENT_140,Fake,1,JO,ENT,0.7264,"সমস্যা নাই, রোজা গেছে ঈদ আসবে: তাহসান খান"
JO_02_ENT_147,Fake,1,JO,ENT,0.6165,"মাতাল অবস্থায় কখন কি বলে ফেলি, কেউ সিরিয়াসলি নিবেন না: সবজি ওয়াজেদ জয়"
JO_02_ENT_181,Fake,1,JO,ENT,0.6269,হিরো আলমকে নিরাপত্তা দিতে ইচ্ছা প্রকাশ করলেন গানম্যান মিরাজ
JO_02_ENT_189,Fake,1,JO,ENT,0.5417,ডি পলের মতো দেখতে অবিকল এক চেহারা বাংলাদেশি যুবকের! নেট দুনিয়ায় আলোচনার ঝড়!
JO_02_ENT_192,Fake,1,JO,ENT,0.7128,"আজ মহান বিজয় দিবস। পৃথিবীটা শুধু মানুষের নয়, প্রতিটা পাখি কুকুর-বিড়ালেরও। আসুন থার্টি ফার্স্ট নাইটে ফানুস ও আতশবাজি না ফুটাই"
JO_02_ENT_204,Fake,1,JO,ENT,0.6065,খাটে ওঠার জন্য মই কিনলেন সবার প্রিয় আইমান হুজুর
JO_02_ENT_256,Fake,1,JO,ENT,0.5569,"আমি ওইদিন হাসি নাই, আমার চেহারাটাই এমন: আমির হুসেন, শেখ হাসিনার আইনজীবী"
JO_02_ENT_266,Fake,1,JO,ENT,0.694,এবার পাকিস্তানে নিষিদ্ধ হলেন জনপ্রিয় অভিনেতা সালমান খান
JO_02_ENT_271,Fake,1,JO,ENT,0.5575,"'অভিনেতা নয়, এখন থেকে আমি অভিনেত্রী' - বললেন আফরান নিশো!"
JO_02_ENT_284,Fake,1,JO,ENT,0.6685,আইনি জটিলতার কারণে বাবা হতে পারছেন না ভারতের কিংবদন্তি সালমান খান
JO_02_ENT_296,Fake,1,JO,ENT,0.6504,আকাশে দেখা মিললো ব্লাড মুন
JO_02_ENT_301,Fake,1,JO,ENT,0.6254,বউয়ের বাচ্চার ডেলিভারির দায়িত্ব নিজ পেটে তুলে নিলো বাবা আফ্রিদি
JO_02_HLT_056,Fake,1,JO,HLT,0.7129,পুত্র মামুনকে বশে আনতে শরীর থেকে তেল কমাচ্ছেন: লায়লা
JO_02_HLT_097,Fake,1,JO,HLT,0.6328,শিক্ষার্থীদের মাদকমুক্ত রাখতে সব ইয়াবা খেয়ে ফেললেন এক শিক্ষক
JO_02_HLT_119,Fake,1,JO,HLT,0.647,বুকে টিউমার নিয়ে কষ্টে দিন পার করছেন ছিদ্রনায়িকা দিঘি
JO_02_HLT_142,Fake,1,JO,HLT,0.6529,নিজেকে সুস্থ রাখতে প্রতিদিন এইভাবে ব্যায়াম করার পরামর্শ দিলেন ডা: মিরাজ আফ্রিদি
JO_02_HLT_167,Fake,1,JO,HLT,0.6033,উন্নত চিকিৎসার জন্য ওবায়দুল কাদেরকে দেশে ফিরিয়ে দেয়ার আহ্বান জানালেন হিরো আলম
JO_02_HLT_183,Fake,1,JO,HLT,0.5961,রোনালদোর মতো হতে দিনরাত নিয়মিত জিম করছে এক আচোদা বলদ
JO_02_HLT_264,Fake,1,JO,HLT,0.6155,মোদির অনুরোধে গোবর খেয়ে মরণব্যাধি পাতলা পায়খানার সাথে পাঞ্জা লড়ছেন ক্ষমতাচ্যুত সাবেক প্রধানমন্ত্রী সেক্সাচিনা
JO_02_INT_031,Fake,1,JO,INT,0.5207,দেশে স্বজন হারানোর বেদনায় কান্না করতে করতে মারা গেলেন এক যুবতী
JO_02_INT_035,Fake,1,JO,INT,0.6437,এবার একই পরিবারের দুই বোনকে বিয়ে করলেন ভারতীয় যুবক নরেন্দ্রনাথ মুচি
JO_02_INT_054,Fake,1,JO,INT,0.7332,শফিকুল্লাহ খামেনির মধ্যস্থতায় যুদ্ধ বন্ধে রাজি হয় ইরান
JO_02_INT_061,Fake,1,JO,INT,0.8157,ইসরাইলের হলে ইরানকে গোবর হামলার হুমকি: কর্নেল শেখ মুদি
JO_02_INT_186,Fake,1,JO,INT,0.6959,হাসিনাকে দেশে ফেরাতে মোদির সঙ্গে ফোন আলাপে ব্যস্ত সবার প্রিয় আইমান হুজুর
JO_02_INT_190,Fake,1,JO,INT,0.6612,১৯৭১ সালে যুদ্ধের সময় মুক্তিবাহিনীর এক দুর্লভ ছবি প্রকাশ করলো ভারত
JO_02_INT_195,Fake,1,JO,INT,0.6266,মেসি হতে গিয়ে 'ভাত শামীম' হয়ে ট্রলের শিকার ভারত
JO_02_INT_198,Fake,1,JO,INT,0.6069,ভারতে মেসির সঙ্গে দেখা করতে না পেরে কান্নায় ভেঙে পড়লেন শ্রীমতী হাসিনা
JO_02_INT_208,Fake,1,JO,INT,0.6844,কিম জংয়ের সাথে খেলবেন বলে ঘোষণা দিয়েছেন মিরাজ আফ্রিদি
JO_02_INT_239,Fake,1,JO,INT,0.634,বাংলাদেশকে কেনিয়া মনে করে মারধর করছে আয়ারল্যান্ড
JO_02_INT_246,Fake,1,JO,INT,0.6695,আমার বউয়ের গোপন 'সোনায়' হাত দেয়ার শাস্তি ড. ইউনূসকে পেতেই হবে!
JO_02_INT_250,Fake,1,JO,INT,0.7178,বাংলাদেশের সাথে যুদ্ধ করতে এবার নতুন পাইলট নিয়োগ দিলো ভারত
JO_02_INT_251,Fake,1,JO,INT,0.596,ঢাকায় এসে প্রধান উপদেষ্টার সাথে দেখা করলেন ভুটানের প্রধানমন্ত্রী
JO_02_INT_262,Fake,1,JO,INT,0.5536,ভারতে কয়লার খনি থেকে ১৩৫ কেজির বিরল কয়লা উদ্ধার
JO_02_INT_269,Fake,1,JO,INT,0.5987,ইতালিতে প্রধান উপদেষ্টার সাথে দেখা করে জুলাই গ্রাফিতি গ্রহণ করলেন ওবায়দুল কাদের!
JO_02_INT_280,Fake,1,JO,INT,0.5316,এবার পাকিস্তানকে 'একেবারে মুছে ফেলার হুমকি' দিলেন ভারতের সেনাপ্রধান
JO_02_INT_281,Fake,1,JO,INT,0.5857,আপার জন্মদিনে নাচতে না পেরে কষ্টে বুক ফেটে যাচ্ছে দিঘির
JO_02_INT_285,Fake,1,JO,INT,0.5593,এবার নির্বাচনে লড়বেন নেপালের জেন-জি আন্দোলনের নেতা সুদন গুরুং
JO_02_INT_294,Fake,1,JO,INT,0.5862,এবার ভারতের মিডিয়াতে নতুন রূপে দেখা মিললো এঞ্জেল সেক্সাচিনাকে
JO_02_INT_302,Fake,1,JO,INT,0.5844,"ট্রাম্পের ট্যাক্স আরও বাড়তে পারে, কিন্তু সমস্যা নেই আমরা ট্যাক্স সহ্য করা শিখে গেছি: বললেন নরেন্দ্রনাথ মুচি"
JO_02_POL_004,Fake,1,JO,POL,0.7006,এবার ফাঁস হলো জামায়াতের এক গুপ্ত নেতার ফোনালাপ
JO_02_POL_008,Fake,1,JO,POL,0.5624,"ইলন মাস্কের নতুন উড়ন্ত গাড়ি ড্রাইভ করে দেশে আসবেন শেখ হাসিনা, রয়টার্সকে দেওয়া এক সাক্ষাৎকারে এ কথা জানান তিনি"
JO_02_POL_009,Fake,1,JO,POL,0.7097,"বিরিয়ানি খাওয়ার লোভ দেখিয়ে 'জয় বাংলা' স্লোগান, আটক দুই আওয়ামী লীগ কর্মী"
JO_02_POL_013,Fake,1,JO,POL,0.678,আল্লাহর ওয়াস্তে জামায়াতে যোগ দিলেন কিলিয়ান কালা বপ্পি
JO_02_POL_017,Fake,1,JO,POL,0.6195,আ.লীগের প্রতিষ্ঠাবার্ষিকী পালন করতে নিজে বিমান চালিয়ে দেশের উদ্দেশ্যে রওনা দিলেন শেখ হাসিনা!
JO_02_POL_032,Fake,1,JO,POL,0.675,এবার সেক্সাচিনার দ্রুত বিচারের দাবি জানালেন পর্তুগাল ছাত্রদলের সহ-সভাপতি পিপ্স রোনালদো
JO_02_POL_064,Fake,1,JO,POL,0.7568,বাংলার সর্বোচ্চ নেতা শফিকুল্লাহ খামেনি
JO_02_POL_070,Fake,1,JO,POL,0.6618,ঢাকা-৮ আসনে ভূমিধস বিজয়ের অপেক্ষায় নাসিরুদ্দিন আব্বাস
JO_02_POL_071,Fake,1,JO,POL,0.6919,যৌবনের প্রথম ভোট দিতে বাসে চড়ে ভোট কেন্দ্রে আসতে দেখা যায় ওবায়দুল কাদেরকে
JO_02_POL_073,Fake,1,JO,POL,0.6309,মির্জা আব্বাসের ভোট গণনার দায়িত্ব পেলেন শুটার মিরাজ আব্বাস
JO_02_POL_086,Fake,1,JO,POL,0.6538,পাটোয়ারি সকালে ঘুম থেকে উঠেই বিসমিল্লাহতে আমাকে গালি দেয়: মির্জা চাঁদাবাজ
JO_02_POL_094,Fake,1,JO,POL,0.5818,প্রকাশ্যে এলো জামায়াতের দুই গুপ্ত নেতা
JO_02_POL_098,Fake,1,JO,POL,0.6475,"আসন্ন ২০২৬ ফিফা বিশ্বকাপ, ব্রাজিল-১০ আসনে মনোনীত প্রার্থী মাটিও মানুষের নেতা নেইমার দা সিলভা সান্তোস; ছাগল মার্কায় ভোট দিয়ে জয়যুক্ত করুন, ব্রাজিল ১০ আসনের প্রার্থী নেইমার সান্তোসকে ভোট দিয়ে জয়যুক্ত করুন"
JO_02_POL_099,Fake,1,JO,POL,0.6702,জামায়াতের আমিরের এক্স অ্যাকাউন্ট ফিরিয়ে আনতে বাংলাদেশি এক হ্যাকারের আপ্রাণ চেষ্টা
JO_02_POL_102,Fake,1,JO,POL,0.5675,"শেখ হাসিনা পালিয়ে যায়নি, ভারতে হিজরতে গেছেন: শেখ মুজিব"
JO_02_POL_104,Fake,1,JO,POL,0.6454,জামায়াতকে কটাক্ষ চরমোনাই পীরের
JO_02_POL_112,Fake,1,JO,POL,0.6321,"আমি তো আর কোনো নেতা না, তাই এনআইডি কার্ডে এখনও নাম আনারস খান"
JO_02_POL_114,Fake,1,JO,POL,0.5279,এমপি নির্বাচিত হলে পাটোয়ারিকে মাথায় তুলে আছাড় মারব: মির্জা আব্বাস
JO_02_POL_115,Fake,1,JO,POL,0.6756,জামায়াত থেকে নমিনেশন না পেয়ে বুক ভরা বেদনা নিয়ে দেশ ছাড়লেন কামরুল ইসলাম মেসি
JO_02_POL_117,Fake,1,JO,POL,0.6482,ইনসাফের প্রতীক দাঁড়িপাল্লায় ভোট দিবেন রোনালদো
JO_02_POL_120,Fake,1,JO,POL,0.6915,ইসলামী জামায়াতকে ভোট না দিলে নির্বাচনের পর ধরে ধরে রগ কেটে দেওয়ার হুমকি
JO_02_POL_124,Fake,1,JO,POL,0.6233,বাংলাদেশ ভারতে খেলতে আসলে সব ধরনের নিরাপত্তা দেবে ছাত্রলীগ: ওবায়দুল কাদের
JO_02_POL_130,Fake,1,JO,POL,0.6361,বাংলাদেশে নিষিদ্ধ থাকায় এবার কলকাতায় কার্যালয় খুলে সক্রিয় হচ্ছে আওয়ামী লীগ
JO_02_POL_173,Fake,1,JO,POL,0.6572,"অথচ আমার মৃত্যুর খবর শুনলে রাজাকারের বাচ্চারা 'হা হা' রিয়েক্ট দিবে, খিলখিল করে হাসবে: মেসেঞ্জার লাইভে শেখ হাসিনা। পৃথিবীটা শুধু মানুষের নয়, প্রতিটা পাখি কুকুর-বিড়ালেরও। আসুন থার্টি ফার্স্ট নাইটে ফানুস ও আতশবাজি না ফুটাই"
JO_02_POL_174,Fake,1,JO,POL,0.667,আমি মারা গেলে মনিক অ্যাভিনিউতে ডিজে গান লাগিয়ে নাচবে রাজাকারের বাচ্চারা
JO_02_POL_175,Fake,1,JO,POL,0.5912,ভিড়ের মাঝেও একা হয়ে গেলেন তারেক রহমান
JO_02_POL_176,Fake,1,JO,POL,0.6115,খালেদা জিয়ার জানাজা পড়াতে ইচ্ছা প্রকাশ করলেন আওয়ামী লীগের দুই পীরে কামেল
JO_02_POL_177,Fake,1,JO,POL,0.6682,বেরিয়ে এলো জোবাইদা রহমানের কাঁধে হাত রাখা সেই ব্যক্তির ছবি
JO_02_POL_178,Fake,1,JO,POL,0.6165,তারেক রহমানকে নিরাপত্তা দিতে হাতে লাঠি নিয়ে সঙ্গে থাকবেন মিরাজ আফ্রিদি
JO_02_POL_179,Fake,1,JO,POL,0.6152,বর্ষসেরা অ্যাওয়ার্ড ২০২৫: বর্ষসেরা ধোঁকাবাজ অ্যাওয়ার্ড পেলেন মেথর ইশরাক
JO_02_POL_203,Fake,1,JO,POL,0.7582,তারেক রহমান দেশে আসলে আবারও ভূমিকম্প হবে: শাহ-উদ্দিন
JO_02_POL_212,Fake,1,JO,POL,0.7578,ব্যাটারির চার্জ শেষ হওয়ায় খালেদা জিয়ার জন্য এয়ার অ্যাম্বুলেন্স আসছে না
JO_02_POL_216,Fake,1,JO,POL,0.6659,ক্রিকেট ছেড়ে জামায়াতে ইসলামীতে যোগ দিলেন বিশাল
JO_02_POL_220,Fake,1,JO,POL,0.7145,"মেডিকেলে খালেদা জিয়াকে দেখে হাসিনা বলেন, স্বজন হারানোর বেদনা আমি"
JO_02_POL_221,Fake,1,JO,POL,0.5691,এবার আল্লাহর ওয়াস্তে জামায়াতে ইসলামীতে যোগ দিলেন: লিটন মাহমুদ
JO_02_POL_224,Fake,1,JO,POL,0.6779,খালেদা জিয়াকে দেখতে নিজেই বিমান চালিয়ে দেশে আসছেন শ্রীমতী হাসিনা
JO_02_POL_226,Fake,1,JO,POL,0.7211,খালেদা জিয়াকে দেখতে আজ রাতে স্বামীকে নিয়ে বাপের বাড়ি আসছেন শেখ হাসিনা
JO_02_POL_229,Fake,1,JO,POL,0.651,আগামী নির্বাচনে নিজ হাতে জামায়াতকে ২টা ভোট দেবেন মিরাজ আফ্রিদি
JO_02_POL_245,Fake,1,JO,POL,0.6742,এনসিপিতে মনোনয়ন পেতে কান্নায় ভেঙে পড়লেন নায়ক রিয়াজ
JO_02_POL_263,Fake,1,JO,POL,0.6464,আসনে দাঁড়িপাল্লার হয়ে লড়বেন আওয়ামী লীগের এক পীরে কামেল
JO_02_POL_270,Fake,1,JO,POL,0.6305,"বিক্ষোভের মুখে দেশ ছেড়ে পালালেন মাদাগাস্কারের প্রেসিডেন্ট। হায় আল্লাহ, এবার যদি মাদাগাস্কারের প্রধানমন্ত্রী হতে পারতাম তাহলে মানুষের জন্য জীবন দিয়ে দিতাম: আসিফ নজরুল"
JO_02_POL_300,Fake,1,JO,POL,0.6933,"১০টা হোন্ডা, ২০টা গোন্ডা - নির্বাচন ঠান্ডা, বলে বিএনপিকে হুমকি দিলেন ড. ইউসুফ"
JO_02_SPT_006,Fake,1,JO,SPT,0.5428,ব্রাজিল নাকি আর্জেন্টিনা জিজ্ঞাসা করায় ঝগড়া টিভির সাংবাদিককে এলোপাতাড়ি মারধর করেন মিরাজ আফ্রিদি
JO_02_SPT_007,Fake,1,JO,SPT,0.6308,কান ধরে আর্জেন্টিনাকে বিদায় জানিয়ে ব্রাজিলে যোগ দিলেন সানি লিয়নেল মেসি
JO_02_SPT_010,Fake,1,JO,SPT,0.6581,ব্রাজিলের খেলা দেখে এক আর্জেন্টিনা দর্শকের শক লেগে মৃত্যু: ঝগড়া টেলিভিশন
JO_02_SPT_026,Fake,1,JO,SPT,0.6835,মেসিকে বেঁধে কারাগারে পাঠালো পুলিশ
JO_02_SPT_034,Fake,1,JO,SPT,0.5472,আমাকে হানিয়া আমিরের মতো দেখা যায়: লায়লা
JO_02_SPT_133,Fake,1,JO,SPT,0.6067,এবার ঢাকা ক্যাপিটালস এর উইকেটকিপার হয়ে মাঠ কাঁপাবেন বেকার আলী মিরাজ
JO_02_SPT_134,Fake,1,JO,SPT,0.5279,গুয়ায় ঘি লাগিয়ে রেডি থাকার জন্য একের পর এক হুমকি পাচ্ছেন হস্তমৈথুন আলী
JO_02_SPT_137,Fake,1,JO,SPT,0.6538,আল্লাহর ওয়াস্তে জামায়াতে যোগ দিলেন কিলিয়ান কালা বপ্পি
JO_02_SPT_138,Fake,1,JO,SPT,0.6335,পারফরম্যান্স অনুযায়ী বেতন দিলে আমার পরিবার না খেয়ে মরবে: কালামানিক জাকের
JO_02_SPT_158,Fake,1,JO,SPT,0.5715,বাংলাদেশকে বয়কট করে ইন্ডিয়ার দলে নাম লেখালেন তামিম: ঝগড়া টিভি নিউজ
JO_02_SPT_160,Fake,1,JO,SPT,0.6132,বলে ৩০ রান করে নিজ ঘরে ফিরলেন বাংলাদেশের মেসি শান্ত
JO_02_SPT_161,Fake,1,JO,SPT,0.6164,বলে ৬০ রান করে বিশ্ব রেকর্ড করলেন সুমাইয়া সরকার
JO_02_SPT_163,Fake,1,JO,SPT,0.5973,কাটার মাস্টার বলেন্দ্র মুদির সম্মানার্থে নাইপিএলের নতুন লোগো দিলো ভারত
JO_02_SPT_165,Fake,1,JO,SPT,0.5239,মোস্তাফিজের পরিবর্তে কেকেআরে যোগ দিলেন কাটার মাস্টার বলেন্দ্র মুচি
JO_02_SPT_169,Fake,1,JO,SPT,0.6499,মোস্তাফিজের পরিবর্তে নাইপিএল খেলবেন বলেন্দ্র মুচি
JO_02_SPT_170,Fake,1,JO,SPT,0.5875,এবার বিপিএল খেলতে আসছেন নোয়াখালীর পেস বোলার আলম আর্চার
JO_02_SPT_188,Fake,1,JO,SPT,0.6146,৭৫ হাজার কোটি রুপিতে মিরাজ আফ্রিদিকে দলে ভেড়ালো কলকাতা
JO_02_SPT_200,Fake,1,JO,SPT,0.633,রোমান রেইন্সের সাথে বক্সিং খেলতে আগ্রহ প্রকাশ করেছেন মিরাজ আফ্রিদি
JO_02_SPT_206,Fake,1,JO,SPT,0.5733,রশিদ খান মেননের মতো গুগলি বোলার পেলো বাংলাদেশ
JO_02_SPT_217,Fake,1,JO,SPT,0.5934,দল ভাগ হয়ে বিজয় দিবস উপলক্ষে ম্যাচ খেলবেন বউয়ের দোয়া ক্রিকেট টিম
JO_02_SPT_227,Fake,1,JO,SPT,0.5441,বিপিএলে ২ কোটি ৫৯ লাখ টাকায় নোয়াখালী এক্সপ্রেসে ভারতের ওবায়দুল
JO_02_SPT_236,Fake,1,JO,SPT,0.5906,৩৫ লাখ টাকায় শুকনা কাঠ কিনলো নোয়াখালী এক্সপ্রেস
JO_02_SPT_237,Fake,1,JO,SPT,0.606,বাংলাদেশের নাম্বার ওয়ান ব্যাডমিন্টন প্লেয়ার মিরাজ আফ্রিদি
JO_02_SPT_243,Fake,1,JO,SPT,0.6367,১৬ বলে ২০০ রান করে প্রশংসায় ভাসছেন জাকের আলী খনিক
JO_02_SPT_267,Fake,1,JO,SPT,0.5469,ব্রাহ্মণবাড়িয়ায় টর্চ লাইট জ্বালিয়ে চলছে দুই দল গ্রামবাসীর নাইট রেসলিং প্রতিযোগিতা!
JO_02_SPT_275,Fake,1,JO,SPT,0.5425,রশিদ খানকে ১ বলে দুই ছক্কা মারার উপায় খুঁজতেছেন বাংলাদেশের হ্যান্ডেল হিটার জাকের
JO_02_SPT_277,Fake,1,JO,SPT,0.6096,১৬ বলে ১০০ রান করে ইতিহাসের সেরা রেকর্ড গড়লেন বাংলাদেশের জাকের আলী খনিক
JO_02_SPT_290,Fake,1,JO,SPT,0.6917,ষষ্ঠ ফরাসি ফুটবলার হিসেবে ব্যালন ডি'অর জিতলেন ভারতের কাদের দেম্বেলে
PU_02_BIZ_050,Fake,1,PU,BIZ,0.6963,বাংলাদেশ ব্যাংকের নতুন গর্ভনরকে অভিনন্দন জানালেন ঋণখেলাপিরা
PU_02_BIZ_113,Fake,1,PU,BIZ,0.637,বিক্রি হতে যাচ্ছে দেশের সবচেয়ে জনপ্রিয় দুই মিম পেজ
PU_02_CRM_004,Fake,1,PU,CRM,0.6416,দিনে দুপুরে বঙ্গবন্ধুকে যৌন হয়রানির অভিযোগ ছাত্রলীগ নেতার বিরুদ্ধে
PU_02_CRM_012,Fake,1,PU,CRM,0.5971,"আজ আন্তর্জাতিক অপরাধ ট্রাইব্যুনাল এই রায় দেন, BREAKING NEWS শেখ হাসিনার মামলার রায়: জনসমক্ষে ফাঁসিতে ঝুলিয়ে মৃত্যুদণ্ড কার্যকর"
PU_02_CRM_059,Fake,1,PU,CRM,0.5454,প্রথম আলো ও ডেইলি স্টারের অফিসে আগুনের ঘটনায় প্রথম আলু খুব কষ্ট পাচ্ছে
PU_02_CRM_061,Fake,1,PU,CRM,0.6271,"যে দেশে পড়াশোনা করে কিছু হয় না, তাই ৫৬৪ কেজি পাঠ্যবই বিক্রি করেন প্রধান শিক্ষক"
PU_02_CRM_065,Fake,1,PU,CRM,0.6989,জামাতের পতন চাওয়ার পর রাশেদ খাঁনের অণ্ডকোষের উপর হামলা করে ছাত্রশিবির
PU_02_CRM_103,Fake,1,PU,CRM,0.6607,গলা চেপে ধরে চাঁদা আদায় করছে কুমিল্লার এমপি হাসনাত আবদুল্লাহ
PU_02_CRM_114,Fake,1,PU,CRM,0.5338,'রাগ করলা' বলাকে কেন্দ্র করে ব্রাহ্মণবাড়িয়া দুই গ্রুপের সংঘর্ষে আহত অন্তত ৩০ জন
PU_02_CRM_123,Fake,1,PU,CRM,0.6303,বরিশালে বি এস আর এম বাঁশ দিয়ে তৈরি হচ্ছে ব্রিজ
PU_02_DIS_101,Fake,1,PU,DIS,0.5835,রাজধানী ঢাকায় তারেক রহমানের আগমনের সঙ্গে সঙ্গেই ৯.৭ মাত্রার ভূমিকম্প অনুভূত
PU_02_ENT_015,Fake,1,PU,ENT,0.5576,জামার ওপর অন্তর্বাস পরায় বিএনপির মনোনয়ন পেলেন না অভিনেত্রী চমক
PU_02_ENT_018,Fake,1,PU,ENT,0.6025,হিরো আলমের নিরাপত্তার জন্য গানম্যান হচ্ছে মিরাজ আফ্রিদি
PU_02_ENT_079,Fake,1,PU,ENT,0.592,গুলশানে পথচারীকে মারধর: সেই রুশ-বাংলা মডেল মনিকাকে সিদ্ধ আলু দিতে লিগ্যাল নোটিশ
PU_02_ENT_088,Fake,1,PU,ENT,0.5742,কাঠি আম্বানিকে বাঘ শিকার করে আনতে বলেন প্রিয়সী বিথি আম্বানি
PU_02_ENT_096,Fake,1,PU,ENT,0.5649,৭১-এর প্রতিশোধ নিতে জুটি বাঁধছেন শাকিব-হানিয়া
PU_02_ENT_138,Fake,1,PU,ENT,0.5488,নির্বাচনী প্রচারণায় নেমে রাসমিকা মান্দানার সমর্থন চাইলেন আমির হামজা
PU_02_ENT_142,Fake,1,PU,ENT,0.6247,দুধে জল মেশাচ্ছে ডিগবাজি জায়েদ খান
PU_02_ENT_147,Fake,1,PU,ENT,0.6456,সাদিক কায়েমের পরে আমেরিকা প্রবাসী মেয়েকে বিয়ে করছে ছাত্রদল নেতা আবিদ
PU_02_HLT_058,Fake,1,PU,HLT,0.5639,হাম বিষয়ক সেমিনার করছে হাম্বালীগের নন-ডিগ্রি চিকিৎসা বিশেষজ্ঞ
PU_02_INT_007,Fake,1,PU,INT,0.5774,উগান্ডায় পালিত হচ্ছে কালা বৈশাখ
PU_02_INT_042,Fake,1,PU,INT,0.7531,বেগম জিয়ার সুস্থতা কামনা করায় মোদির উপর ক্ষেপে আগুন শেখ হাসিনা
PU_02_INT_056,Fake,1,PU,INT,0.6172,নারায়ণগঞ্জ ভাইরাল মহিষ ডোনাল্ড ট্রাম্পকে দেখতে আসতেছে মার্কিন প্রেসিডেন্ট ট্রাম্প
PU_02_INT_062,Fake,1,PU,INT,0.6036,"দুবাই এয়ার শোতে তেজস ক্র্যাশ, উন্মোচিত হলো পাইলটের পরিচয়"
PU_02_INT_068,Fake,1,PU,INT,0.7205,বাঙালি মুসলিম অবৈধ অনুপ্রবেশকারী শেখ হাসিনাকে বাংলাদেশে ফেরত পাঠাবো - পশ্চিমবঙ্গের মুখ্যমন্ত্রী শুভেন্দু অধিকারী
PU_02_INT_075,Fake,1,PU,INT,0.7153,ইরানের অনুরোধে ইজরাইলের বিরুদ্ধে ক্ষেপণাস্ত্র হামলা চালাবেন উত্তর কোরিয়ার কিম জং উন
PU_02_INT_108,Fake,1,PU,INT,0.5484,ছাত্র ইউনিয়নে যোগ দিলেন মার্কিন প্রেসিডেন্ট ডোনাল্ড ট্রাম্প ও ইলন মাস্ক
PU_02_INT_119,Fake,1,PU,INT,0.6012,বাংলাদেশ আমাকে প্রধানমন্ত্রী বানাতে চেয়েছিল; আমি না বলে দিয়েছি: ট্রাম্প
PU_02_INT_130,Fake,1,PU,INT,0.5248,পৃথিবীর একমাত্র পারমাণবিক কেন্দ্র যেটা নিয়ে ট্রাম্পের কোনো মাথাব্যথা নেই
PU_02_INT_140,Fake,1,PU,INT,0.6657,"বাংলাদেশ যদি ভারতে খেলতে না আসে, তাহলে আমি হাসিনাকে তালাক দেব - নরেন্দ্র মোদি"
PU_02_POL_001,Fake,1,PU,POL,0.6324,রাতে দেশ ছেড়ে পালিয়ে যাবে সাবেক উপদেষ্টা ও এনসিপি নেতা আসিফ মাহমুদ
PU_02_POL_002,Fake,1,PU,POL,0.7404,শেখ হাসিনার আসার খবর শুনে দেশ ছাড়ছেন আসিফ মাহমুদ
PU_02_POL_010,Fake,1,PU,POL,0.6371,"আওয়ামিলীগ ১৫ বছরে যা পারেনি, বিএনপি তা ২ মাসে করে দেখিয়েছে - পরাজিত ভিপি আবিদ"
PU_02_POL_011,Fake,1,PU,POL,0.7123,নকল বাবাকে দেখে হাততালি দিলেন মাননীয় প্রধানমন্ত্রী তারেক রহমান
PU_02_POL_013,Fake,1,PU,POL,0.5328,শেখ হাসিনা নিজ হাতে একটি ফুল তুলে দিলেন তারেক রহমানের দিকে
PU_02_POL_014,Fake,1,PU,POL,0.6044,শেখ হাসিনা ফেরার খবরে নদীপথে মিয়ানমার পালাচ্ছেন সাদিক কায়েম
PU_02_POL_024,Fake,1,PU,POL,0.6116,"এমপি হতে পারি, বাকি ২৯৯ জন যদি এমপিকে খুন করে ফেলব - ঢাকা ৮ আসনের স্বতন্ত্র প্রার্থী হাদী"
PU_02_POL_031,Fake,1,PU,POL,0.6149,বিএনপি সরকারের স্বরাষ্ট্রমন্ত্রী হতে যাচ্ছে লুৎফুজ্জামান বাবর
PU_02_POL_041,Fake,1,PU,POL,0.7545,রাষ্ট্রপতি চুপ্পুর সাধারণ ক্ষমা পেলেন মৃত্যুদণ্ডপ্রাপ্ত শেখ হাসিনা
PU_02_POL_044,Fake,1,PU,POL,0.5302,আমি মারা গেলে লাশ কাঁধে নিয়ে যেন 'জয় বাংলা' পড়া হয়: সাকিব
PU_02_POL_053,Fake,1,PU,POL,0.6226,"নির্বাচনী হলফনামায় সালাহউদ্দিনের ৬ কোটি টাকার বার্ষিক আয় বললেন, শিলংয়ে কটেজ আছে"
PU_02_POL_054,Fake,1,PU,POL,0.5374,বিশেষ ব্যক্তিদের জন্য বিএনপি নিয়ে এলো 'দুর্বল মুহূর্তে' হারবাল কার্ড
PU_02_POL_057,Fake,1,PU,POL,0.542,শামিম ওসমানের ছোটবোনকে দল থেকে বহিষ্কার করেছে বিএনপি
PU_02_POL_063,Fake,1,PU,POL,0.6086,যুবদল লিডারের অপেক্ষায় যুবদল নেতা রহমান - শফিকুর
PU_02_POL_069,Fake,1,PU,POL,0.6063,বেগম রোকেয়ার চেয়ে জায়মা রহমান নারীদের বেশি এগিয়ে নিয়ে গেছেন - ছাত্রদল আবিদ
PU_02_POL_072,Fake,1,PU,POL,0.5546,স্বদেশ প্রত্যাবর্তন দিবসে আগামীকাল দেশে ফিরছেন শেখ হাসিনা
PU_02_POL_077,Fake,1,PU,POL,0.7041,বুকে পাথর চাপা দিয়ে 'জয় বাংলার' পরিবর্তে 'বাংলাদেশ জিন্দাবাদ' বলতে হয় - শাহাবুদ্দিন চুপ্পু
PU_02_POL_084,Fake,1,PU,POL,0.5461,"নাম পাল্টাচ্ছে আওয়ামী লীগ, নতুন নাম 'বাংলাদেশ টেলিগ্রাম লীগ'"
PU_02_POL_087,Fake,1,PU,POL,0.5534,"অথচ আমার মৃত্যুর খবর শুনলে রাজাকারের বাচ্চারা হাহা রিয়েক্ট দিবে, খিলখিল করে হাসবে - টেলিগ্রাম লাইভে শেখ হাসিনা"
PU_02_POL_089,Fake,1,PU,POL,0.5319,স্বাধীনতার ঘোষকের ব্যাপারে আমরা বিএনপির সংবিধান মানি না - স্বরাষ্ট্রমন্ত্রী সালাউদ্দিন আহমেদ
PU_02_POL_094,Fake,1,PU,POL,0.5767,বিএনপি থেকে বহিষ্কারের পর জনকল্যাণ পার্টিতে যোগ দিলেন রুমিন ফারহানা
PU_02_POL_109,Fake,1,PU,POL,0.5464,আমার প্ল্যানের একটি অংশ বাংলাদেশ ব্যাংক দখল করা: প্রধানমন্ত্রী তারেক রহমান
PU_02_POL_112,Fake,1,PU,POL,0.5936,মন্ত্রীত্বের লোভে বিএনপিতে যোগ দিলেন জামায়াত নেতা শফিকুল ইসলাম মাসুদ
PU_02_POL_120,Fake,1,PU,POL,0.5829,"হায় আল্লাহ, আমি যদি রাষ্ট্রপতি হতাম, জীবন দিয়ে কাজ করতাম আর শুধু মানুষের ভালোবাসা নিতাম - আসিফ নজরুল"
PU_02_POL_128,Fake,1,PU,POL,0.5965,"বিএনপি যদি পুলিশ হত্যার বিচার করে, তাহলে আমরা ১৯৭১ সালের রাজাকার হত্যার বিচার করবো"
PU_02_POL_133,Fake,1,PU,POL,0.6144,"হাসপাতালে ভর্তি মির্জা আব্বাস, দায়ী করলেন নাসিরউদ্দিন পাটোয়ারীকে"
PU_02_POL_134,Fake,1,PU,POL,0.6342,"নাসিরউদ্দিন পাটোয়ারীকে ঢাকায় অবাঞ্ছিত ঘোষণা করা হলো, ওরে যেখানেই পাওয়া যাবে সেখানেই ওর প্রাপ্য বুঝিয়ে দিতে বিএনপির নেতাকর্মীদের অনুরোধ করা হলো"
PU_02_POL_136,Fake,1,PU,POL,0.5747,বাসর ঘরে লাইট বন্ধ করায় দেখা যায়নি রাফসানকে
PU_02_POL_137,Fake,1,PU,POL,0.5938,তারেক রহমানকে 'মাননীয় প্রধানমন্ত্রী' না বলায় হামিমকে সাময়িক অব্যাহতি দিলো ছাত্রদল
PU_02_POL_141,Fake,1,PU,POL,0.6702,প্রধানমন্ত্রী জনাব তারেক রহমানের অনুপস্থিতিতে ভারপ্রাপ্ত প্রধানমন্ত্রী হবেন সালাহউদ্দিন আহমদ
PU_02_POL_144,Fake,1,PU,POL,0.6119,এমপি মন্ত্রী পদে থেকেও রাষ্ট্রপতি একইসাথে মেয়র নির্বাচন করার ঘোষণা দিলেন ইশরাক হোসেন
PU_02_POL_146,Fake,1,PU,POL,0.5995,আওয়ামী লীগের নতুন পিতা হিসেবে স্বীকৃতি পেলো 'শেখ শুভেন্দু অধিকারী'
PU_02_SPT_045,Fake,1,PU,SPT,0.6531,কলকাতার মাঠে লিওনেল মেসির সাথে দেখা করলেন রিপন মিয়া
PU_02_SPT_048,Fake,1,PU,SPT,0.5388,উড়ন্ত গোল দিলেন ক্রিস্টিয়ানো হামজা
PU_02_SPT_052,Fake,1,PU,SPT,0.7539,কারো বাপের ক্ষমতা নাই ব্রাজিলের সামনে থেকে বিশ্বকাপ নিবে: কার্লো
PU_02_SPT_064,Fake,1,PU,SPT,0.5874,বাংলাদেশের কাছে পাকিস্তান হেরে যাওয়ায় মন খারাপ জামাত-শিবিরের কর্মীদের
PU_02_SPT_074,Fake,1,PU,SPT,0.6046,তেল কায়েস তেল দিয়ে চাটুকার থেকে দূরে থাকার পরামর্শ দিলেন তামিম ইকবালকে
PU_02_SPT_086,Fake,1,PU,SPT,0.578,পেনাল্টি সুবিধা না পেলে বিশ্বকাপ বয়কট করবে আর্জেন্টিনা
PU_02_SPT_090,Fake,1,PU,SPT,0.68,"হ্যাটট্রিক করতে না পেরে 'Suuu' বলে হাসপাতালে এডমিট হলো রোনালদো, দেখতে গেলেন মেসি"
PU_02_SPT_093,Fake,1,PU,SPT,0.6569,৭১-এর পরে তামিমের নেতৃত্বে আবারো পাকিস্তানকে পরাজিত করলো বাংলাদেশ
PU_02_SPT_107,Fake,1,PU,SPT,0.7705,"যৌন হয়রানির শিকার ক্রিকেটার নাসির, সাকিবাল হাসানের বিরুদ্ধে তামিমার মামলা"
