image_name,actual,prediction,confidence,reason
CH_01_BIZ_071.jpg,Real,Fake,0.52,"The date displayed at the bottom left ('০৮ জুন ২০২৬') is set in the future (June 2026), making this internal consistency and factual plausibility impossible for a current news photocard."
CH_01_BIZ_079.jpg,Real,Fake,0.5,"The photocard shows anomalies in visual template consistency and font rendering typical of fabricated social media cards, while featuring generic clickbait phrasing."
CH_01_BIZ_111.jpg,Real,Real,0.21,"The photocard shows consistent visual branding for Channel 24, professional typography, and plausible news reporting style regarding onion import prices."
CH_01_BIZ_115.jpg,Real,Real,0.29,"The visual template, logo placement, and typography accurately match the standard style of Channel 24, and the text adheres to professional Bangla editorial standards."
CH_01_BIZ_124.jpg,Real,Real,0.22,"The outlet branding for Channel 24 matches established visual standards, and the Bangla text maintains professional editorial style across the headline and date elements."
CH_01_BIZ_127.jpg,Real,Fake,0.48,"The photocard exhibits issues in the visual/template consistency dimension, with awkward text overlays and formatting atypical of a professional news outlet like Channel 24."
CH_01_BIZ_149.jpg,Real,Fake,0.58,"The language quality and phrasing (such as 'এসএসসি পাসেই চাকরি') reflect typical clickbait styles seen in fabricated job circular photocards, inconsistent with standard professional news reporting."
CH_01_BIZ_165.jpg,Real,Fake,0.41,"The date '২৮ মার্চ ২০২৫' in the photocard refers to a future date relative to current known timelines, and the template quality and typography show inconsistencies typical of fabricated social media cards."
CH_01_CRM_006.jpg,Real,Fake,0.5,"The date shown is '১২ জুন ২০২৬' (June 12, 2026), which is in the future, revealing an anachronistic internal inconsistency and fabrication."
CH_01_CRM_022.jpg,Real,Fake,0.49,"The date shown at the bottom left is '১৪ জুন ২০২৬' (June 14, 2026), which is in the future, indicating that the photocard has been fabricated."
CH_01_CRM_085.jpg,Real,Real,0.33,"The outlet identity, visual template consistency, language quality, and internal context of the news photocard align accurately with real reporting standards from Channel 24 regarding the incident."
CH_01_CRM_095.jpg,Real,Real,0.35,"The outlet identity and logo match Channel 24, and the text, layout, and visual template are consistent with professional broadcasting standards."
CH_01_CRM_134.jpg,Real,Real,0.31,"The photocard displays authentic branding from Channel 24, with consistent visual template elements, professional Bangla typography, and plausible news reporting style."
CH_01_CRM_158.jpg,Real,Real,0.3,"The outlet identity, logo branding, and visual template are consistent with Channel 24's standard digital publishing style, while the Bangla text is written in a professional editorial tone without broken conjuncts."
CH_01_CRM_161.jpg,Real,Real,0.29,"The outlet identity, branding, and typography match the recognized style of Channel 24, and the language quality in the headline and date is consistent with standard Bangladeshi broadcast news photocards."
CH_01_CRM_181.jpg,Real,Fake,0.4,"The date listed at the bottom is '৩১ জুলাই ২০২৫' (July 31, 2025), which is in the future relative to the current timeframe, indicating fabrication."
CH_01_DIS_101.jpg,Real,Fake,0.44,"The language quality dimension strongly influences this verdict, as the phrasing contains clickbait characteristics and sensationalist styling uncommon for professional news outlets like Channel 24."
CH_01_DIS_104.jpg,Real,Fake,0.42,"The cyclone named 'Asna' occurred in late August / early September 2024, but the date shown on the photocard is '৩১ আগস্ট ২০২৪' with the wrong spelling/formatting of the year '২০২৪' containing an altered '৪' character or unusual font artifact, and the cyclone 'Asna' (আাসনা/আস্না) naming convention is historically inaccurate or misspelled in the headline."
CH_01_DIS_110.jpg,Real,Real,0.26,"The photocard exhibits standard Channel 24 branding and visual template consistency, with professional Bangla typography reporting a plausible seasonal weather forecast."
CH_01_DIS_121.jpg,Real,Real,0.16,"The photocard shows consistent visual branding for Channel 24 with standard template elements, professional Bangla typography, and plausible news content regarding flood-affected agriculture."
CH_01_DIS_128.jpg,Real,Real,0.28,"The template, logo branding of Channel 24, and typography accurately match their standard broadcast graphics and digital news cards covering ongoing weather updates like cyclone Dana."
CH_01_DIS_136.jpg,Real,Real,0.19,"The outlet identity, logo branding, and visual template are consistent with professional standards, and the Bangla text matches typical broadcast news formatting for weather updates."
CH_01_DIS_173.jpg,Real,Fake,0.52,"The date '০৯ এপ্রিল ২০২৫' (April 9, 2025) refers to a future date relative to the current context, indicating a fabricated or anachronistic news photocard."
CH_01_ENT_027.jpg,Real,Fake,0.51,"The date listed at the bottom left is '১৭ জুন ২০২৬' (June 17, 2026), which is in the future, violating internal consistency and factual plausibility."
CH_01_ENT_088.jpg,Real,Real,0.26,"The photocard shows high visual and template consistency with Channel 24's standard branding, professional Bangla typography, and plausible content regarding public figures reacting to the July 2024 quota movement."
CH_01_ENT_099.jpg,Real,Real,0.34,"The photocard displays the authentic Channel 24 logo, professional font styling consistent with their template, and plausible celebrity news content aligning with standard entertainment journalism."
CH_01_ENT_135.jpg,Real,Real,0.31,"The outlet branding matches Channel 24 precisely, and the language quality and visual template consistency align with professional Bangla newsroom standards."
CH_01_ENT_147.jpg,Real,Fake,0.47,"The headline uses a sensational clickbait tone ('নেটদুনিয়ায় ভিডিও ভাইরাল') and unnatural phrasing atypical of professional editorial style, and the date shown (৩০ ডিসেম্বর ২০২৪) indicates an anachronistic or fabricated event."
CH_01_ENT_159.jpg,Real,Fake,0.43,"The headline uses an extreme clickbait tone atypical of professional news writing, and the visual layout shows digital editing inconsistencies in the text and branding."
CH_01_ENT_172.jpg,Real,Fake,0.54,"The language quality dimension strongly influences this verdict, as the headline uses a sensationalized, clickbait tone ('মাত্র ৮ ঘণ্টার জন্য ঢাকায় শাবনূর, কী হয়েছে অভিনেত্রীর সঙ্গে') atypical of professional news writing for Channel 24."
CH_01_HLT_004.jpg,Real,Real,0.27,"The photocard shows authentic branding for Channel 24, consistent visual templates, and standard Bangla editorial phrasing regarding a common health topic."
CH_01_HLT_018.jpg,Real,Real,0.21,"The photocard displays authentic branding consistent with Channel 24's standard template design, accurate professional typography, and plausible health information regarding head injuries."
CH_01_HLT_034.jpg,Real,Fake,0.45,"The date shown at the bottom left reads '১৭ জুন ২০২৬' (June 17, 2026), which is in the future, violating internal consistency and factual plausibility."
CH_01_HLT_038.jpg,Real,Fake,0.45,"The date shown at the bottom ('১৭ জুন ২০২৬') is in the future, rendering the photocard anachronistic and internally inconsistent."
CH_01_HLT_094.jpg,Real,Real,0.17,"The outlet identity and branding match Channel 24, and the visual template and language quality exhibit standard professional editorial style with no signs of manipulation."
CH_01_HLT_098.jpg,Real,Real,0.25,"The photocard shows consistent visual branding and typography for Channel 24, and the news content regarding monkeypox cases in Pakistan aligns with known global public health reports around late August 2024."
CH_01_HLT_109.jpg,Real,Real,0.24,"The photocard displays authentic branding of Channel 24 with standard professional formatting, layout consistency, and correct Bangla typography."
CH_01_HLT_113.jpg,Real,Real,0.17,"The photocard shows consistent visual branding of Channel 24, professional font usage, and standard editorial phrasing in Bangla regarding a common health myth."
CH_01_HLT_116.jpg,Real,Real,0.25,"The photocard displays authentic branding consistent with Channel 24's standard digital template, with clean typography and no visible signs of text editing or awkward font discrepancies."
CH_01_HLT_138.jpg,Real,Fake,0.6,"The language quality of the headline features a sensationalist, clickbait tone ('যেসব অভ্যাস নীরবে মস্তিষ্কের ভয়াবহ ক্ষতি করে') and vague instructions like 'বিস্তারিত কমেন্টে' which are atypical of professional news broadcasting standards by Channel 24."
CH_01_HLT_145.jpg,Real,Fake,0.5,The visual template and promotional banners at the bottom contain irregular design elements and mismatched branding style uncharacteristic of standard professional news photocards from Channel 24.
CH_01_HLT_150.jpg,Real,Fake,0.48,"The date shown is '৩০ ডিসেম্বর ২০২৪' (30 December 2024), which is in the future relative to the current knowledge cutoff, indicating a fabricated or prematurely generated photocard."
CH_01_HLT_176.jpg,Real,Real,0.31,"The outlet identity, logo, layout, and Bangla typography closely match Channel 24's standard news card format without visible signs of digital tampering or linguistic errors."
CH_01_HLT_182.jpg,Real,Real,0.16,"The photocard shows consistent visual branding for Channel 24, including the correct logo, professional layout, and standard Bangla editorial formatting."
CH_01_INT_036.jpg,Real,Fake,0.51,"The date shown at the bottom ('১৭ জুন ২০২৬') is in the future, and the headline attributes an extreme and implausible quote to a US ambassador, indicating fabricated content."
CH_01_INT_048.jpg,Real,Fake,0.47,"The date shown at the bottom left is '১৫ জুন ২০২৬' (June 15, 2026), which is set in the future. This internal inconsistency and anachronism indicates a fabricated photocard."
CH_01_INT_065.jpg,Real,Fake,0.41,"The factual content and internal consistency dimensions strongly indicate fabrication, as Mojtaba Khamenei is not the Supreme Leader of Iran, and the date provided ('05 June 2026') is an impossible future date."
CH_01_INT_092.jpg,Real,Real,0.25,"The photocard displays authentic branding consistent with Channel 24's standard template, and the visual layout, language quality, and content align with professional news reporting standards."
CH_01_INT_120.jpg,Real,Real,0.22,"The photocard exhibits standard Channel 24 branding and visual template consistency, alongside correct Bangla typography and a plausible news event concerning regional conflict."
CH_01_INT_123.jpg,Real,Fake,0.48,"The language quality dimension strongly influences this verdict, as the headline features sensationalized, clickbait phrasing ('এবার মুখোমুখি অবস্থানে... নেপথ্যে কী') that deviates from professional editorial standards."
CH_01_INT_141.jpg,Real,Fake,0.54,"The language and date elements present inconsistencies and stylistic anomalies typical of fabricated social media photocards, failing standard professional editorial norms."
CH_01_INT_152.jpg,Real,Real,0.28,"The outlet identity, logo branding, and visual template are consistent with Channel 24's standard news card layout, and the language quality in the headline follows professional editorial style."
CH_01_INT_155.jpg,Real,Fake,0.57,"The headline makes a bizarre, factually nonsensical comparison between a wildfire in California and events in Gaza, and the text styling and visual template are inconsistent with professional editorial standards of Channel 24."
CH_01_INT_170.jpg,Real,Fake,0.54,"The date displayed is March 28, 2025 (২৮ মার্চ ২০২৫), which is in the future relative to the image's context, and the headline phrasing resembles clickbait formatting rather than standard editorial style."
CH_01_INT_174.jpg,Real,Fake,0.45,"The date shown is 09 April 2025, which is in the future relative to the current time, indicating the photocard is fabricated."
CH_01_INT_186.jpg,Real,Fake,0.44,"The claimed death toll of over 60,430 in Gaza contradicts widely reported official figures for the timeframe, and the headline uses an unusually sensationalized phrasing atypical of professional editorial standards."
CH_01_POL_019.jpg,Real,Fake,0.4,"An examination of the 6 dimensions reveals a major anachronism in factual plausibility and internal consistency: the photocard displays a date from the future ('জুন ২০২৬ ইং'), which is inconsistent with reality and indicates digital fabrication."
CH_01_POL_064.jpg,Real,Fake,0.41,"The date shown at the bottom left ('০৫ জুন ২০২৬') is in the future, which indicates that the photocard was fabricated."
CH_01_POL_087.jpg,Real,Real,0.21,"The photocard shows consistent styling and branding matching Channel 24's standard template, and the news content regarding the student organization's website hack aligns with widely reported events during that timeframe."
CH_01_POL_132.jpg,Real,Real,0.28,"The outlet identity, logo, template consistency, and professional Bangla editorial style all align with standard news broadcasting practices from Channel 24."
CH_01_SPT_008.jpg,Real,Fake,0.58,"Factual/content plausibility and internal consistency strongly indicate fabrication, as the date given at the bottom left is '১২ জুন ২০২৬' (June 12, 2026), which is in the future relative to typical news contexts for past tournaments."
CH_01_SPT_086.jpg,Real,Real,0.32,"The outlet branding (Channel 24) and visual template consistency align well with professional broadcast standards, while the subject matter reflects typical sports reporting accurately."
CH_01_SPT_112.jpg,Real,Real,0.22,"The outlet identity, logo, and visual template are consistent with standard Channel 24 branding and professional publishing style without noticeable digital editing artifacts."
CH_01_SPT_157.jpg,Real,Fake,0.52,"The language quality and phrasing of the headline exhibit a clickbait tone atypical of professional news writing, and the claim regarding the player lacks plausibility and internal consistency."
CH_01_SPT_178.jpg,Real,Fake,0.46,"The date '২৯ জুন ২০২৫' (June 29, 2025) is in the future relative to the present knowledge cutoff, indicating fabrication in the internal consistency and content plausibility dimensions."
DS_01_BIZ_008.jpg,Real,Fake,0.47,"The date listed is 'জুন ৭, ২০২৬' (June 7, 2026), which is set in the future, making the photocard anachronistic and fabricated."
DS_01_BIZ_013.jpg,Real,Fake,0.43,"The date '২৬ মে ২০২৬' in the photocard references a future year (2026), making the internal consistency and factual plausibility highly suspicious."
DS_01_BIZ_020.jpg,Real,Fake,0.41,"The date format in Bengali at the top left ('জুন ৬, ২০২৬') indicates a future year, which strongly points to a fabricated photocard violating internal consistency and factual plausibility."
DS_01_BIZ_027.jpg,Real,Fake,0.43,"The date displayed is November 18, 2025, which is in the future relative to the current time, making the photocard anachronistic and fake."
DS_01_BIZ_032.jpg,Real,Real,0.3,"The typography, logo branding for The Daily Star Bangla, and visual template design are consistent with professional publishing standards and show no signs of digital tampering."
DS_01_BIZ_081.jpg,Real,Real,0.18,"The outlet identity, font styling, and professional Bangla editorial language match standard Daily Star Bangla online social media templates and real reported news regarding BTCL bandwidth upgrades."
DS_01_BIZ_117.jpg,Real,Fake,0.46,"The language quality dimension strongly indicates fabrication, as professional news outlets like The Daily Star do not use clickbait calls to action like 'বিস্তারিত কমেন্টে' (details in comments) on their standard photocards."
DS_01_BIZ_127.jpg,Real,Real,0.24,"The typography, logo branding for The Daily Star Bangla, and visual template are consistent with their standard professional photocard style, and the financial news content regarding ADB is entirely plausible."
DS_01_BIZ_151.jpg,Real,Real,0.26,"The photocard shows flawless outlet branding from The Daily Star Bangla, professional template consistency, and correct Bangla typography without any editing artifacts."
DS_01_CRM_003.jpg,Real,Real,0.23,"The typography, logo branding, and layout closely match authentic Daily Star Bangla templates, and the visual elements show high internal consistency with no noticeable digital tampering artifacts."
DS_01_CRM_046.jpg,Real,Fake,0.5,"The date displayed at the bottom ('১২ এপ্রিল ২০২৬') is in the future, and the headline describes a fabricated event regarding Shirin Sharmin Chaudhury, violating factual plausibility and internal consistency."
DS_01_CRM_049.jpg,Real,Fake,0.56,"The date listed at the bottom shows 'মার্চ ৩, ২০২৬' (March 3, 2026), which is in the future, making the content anachronistic and internally inconsistent."
DS_01_CRM_050.jpg,Real,Fake,0.6,"The date shown at the bottom ('এপ্রিল ২৯, ২০২৬') is far in the future, making the photocard anachronistic and internally inconsistent."
DS_01_CRM_055.jpg,Real,Fake,0.44,"The date shows 'মে ১৪, ২০২৬' (May 14, 2026), which is in the future relative to the current timeframe, making the photocard anachronistic and fabricated."
DS_01_CRM_056.jpg,Real,Real,0.17,"The typography, logo branding, layout style, and language quality closely match the established publishing standards of The Daily Star Bangla."
DS_01_CRM_070.jpg,Real,Fake,0.5,"The factual/content plausibility and visual template consistency dimensions influenced this verdict, as the date given ('৯ এপ্রিল' for the verdict) conflicts with established legal timelines and shows stylistic deviations atypical for The Daily Star."
DS_01_CRM_110.jpg,Real,Real,0.18,"The outlet identity, visual template consistency, and language quality closely match the professional publishing style of The Daily Star Bangla for prominent opinion pieces, aligning well with the historical context of the July 2024 protests."
DS_01_DIS_018.jpg,Real,Fake,0.47,"The date format at the bottom ('৮ জুন ২০২৬') references a future year (2026), making the content factually impossible and internally inconsistent."
DS_01_DIS_082.jpg,Real,Fake,0.4,"The photocard lacks any visible news outlet logo, name branding, or domain, which is inconsistent with professional news outlet publishing standards."
DS_01_DIS_135.jpg,Real,Real,0.18,"The photocard displays authentic branding for The Daily Star Bangla, proper editorial formatting, and standard Bangla phrasing consistent with professional news reporting on weather events."
DS_01_ENT_006.jpg,Real,Fake,0.59,"The language quality and factual plausibility dimensions indicate manipulation, as 'Eid al-Adha' on '28 May' combined with a visibly unpolished font and layout does not match standard news publication practices of The Daily Star Bangla."
DS_01_ENT_019.jpg,Real,Fake,0.44,"The visual consistency and template layout show signs of digital manipulation, particularly in the headline text rendering and atypical branding style, pointing to a fabricated photocard."
DS_01_ENT_033.jpg,Real,Real,0.2,The photocard displays authentic branding for The Daily Star Bangla with consistent visual template styling and standard professional typography matching their cultural feature articles.
DS_01_ENT_034.jpg,Real,Fake,0.53,"Internal consistency and factual plausibility dimensions indicate this is a fabricated photocard, as it pairs a satirical or false claim about popular public figures with uncharacteristic template styling."
DS_01_ENT_039.jpg,Real,Fake,0.4,"The visual consistency and template elements do not match The Daily Star Bangla's standard professional news publishing style, indicating a fabricated photocard."
DS_01_ENT_057.jpg,Real,Real,0.33,"The outlet identity, standard professional Bangla typography, and plausible content regarding the iconic actress Suchitra Sen align with authentic cultural features published by The Daily Star Bangla."
DS_01_HLT_015.jpg,Real,Fake,0.49,"The date shown in the top right ('মে ২২, ২০২৬') is in the future relative to the current timeline, and the headline phrasing and typography exhibit inconsistencies typical of fabricated photocards."
DS_01_HLT_023.jpg,Real,Fake,0.49,"The date displayed is 'মে ১৭, ২০২৬' (May 17, 2026), which is in the future, pointing to a fabricated photocard."
DS_01_HLT_043.jpg,Real,Fake,0.41,"The date shown ('মার্চ ১৭, ২০২৬') is in the future, violating factual plausibility and internal consistency."
DS_01_HLT_099.jpg,Real,Fake,0.57,"The photocard lacks any recognizable news outlet logo or branding, making it unverifiable and typical of unverified social media content."
DS_01_HLT_100.jpg,Real,Fake,0.4,"The photocard completely lacks any visible news outlet logo, branding, or website handle, failing to establish outlet identity and template consistency."
DS_01_HLT_136.jpg,Real,Real,0.23,"The outlet identity, font usage, template consistency, and professional editorial style in Bangla closely match authentic posts published by The Daily Star Bangla on social media."
DS_01_HLT_139.jpg,Real,Real,0.34,"The outlet identity, font usage, and professional design layout are fully consistent with The Daily Star Bangla's standard publishing template."
DS_01_INT_002.jpg,Real,Fake,0.44,"The date shown is 'মে ২২, ২০২৬' (May 22, 2026), which is set in the future relative to current time, indicating a fabricated or anachronistic photocard."
DS_01_INT_009.jpg,Real,Fake,0.48,"The date shown in the top right ('মে ২৯, ২০২৬') is set in the future, and visual inconsistencies in the headline text typography indicate digital manipulation."
DS_01_INT_010.jpg,Real,Real,0.19,"The typography, logo branding for The Daily Star Bangla, layout, and language quality are fully consistent with professional publishing standards, aligning with dimension 3 (visual consistency) and dimension 4 (language quality)."
DS_01_INT_021.jpg,Real,Real,0.26,"The visual template, font style, and logo branding accurately match 'The Daily Star Bangla', and the professional quality across text and graphics aligns with standard editorial practices."
DS_01_INT_042.jpg,Real,Fake,0.41,"The date shown at the bottom ('১০ মার্চ ২০২৬') refers to a future date in March 2026, which is inconsistent with factual timelines, failing the factual and internal consistency dimensions."
DS_01_INT_048.jpg,Real,Fake,0.42,"The date shown at the bottom left reads 'মার্চ ২৩, ২০২৬' (March 23, 2026), which is set in the future, rendering the photocard internally inconsistent and fabricated."
DS_01_INT_054.jpg,Real,Fake,0.47,"The date shows 'মে ১৫, ২০২৬' (May 15, 2026), which is set in the future relative to the current real-world timeframe, making this photocard an anachronistic fabrication."
DS_01_INT_116.jpg,Real,Real,0.21,"The outlet identity, visual template consistency, and typography accurately match standard publishing styles of The Daily Star, with plausible text and correct logo usage."
DS_01_INT_122.jpg,Real,Real,0.27,"The photocard shows consistent visual branding for The Daily Star Bangla with correct typography, layout, and professional language quality matching real editorial standards."
DS_01_INT_150.jpg,Real,Real,0.21,"The visual template, font style, and logo match The Daily Star Bangla's standard publishing style, and the text correctly discusses political developments surrounding Joe Biden's potential alternatives in standard Bangla."
DS_01_POL_035.jpg,Real,Fake,0.45,"The date given is January 26, 2026, which is in the future relative to the current real-world timeline, making the content anachronistic and internally inconsistent."
DS_01_POL_065.jpg,Real,Fake,0.54,The visual template lacks standard professional news outlet branding and features unconventional phrasing in the headline that resembles typical social media gossip rather than editorial journalism.
DS_01_POL_108.jpg,Real,Real,0.25,"The outlet identity matches the official Prothom Alo stylized 'S' logo in the top right corner, and the visual layout, typography, and headline style are consistent with real news media photocards covering major protests in Dhaka."
DS_01_POL_112.jpg,Real,Real,0.19,"The visual template, typography, branding, and standard layout are consistent with The Daily Star Bangla's authentic publishing style, aligning well with known events from the July 2024 protests."
DS_01_SPT_036.jpg,Real,Fake,0.45,"The date shows 'February 3, 2026', which is an anachronism for current real-world timelines, pointing to a fabricated future date on the news card."
DS_01_SPT_038.jpg,Real,Fake,0.52,"The photocard shows severe internal inconsistency and poor visual/template execution, particularly with the date '১১ ফেব্রুয়ারি, ২০২৬' which is an anachronistic future date compared to typical reporting standards."
DS_01_SPT_089.jpg,Real,Real,0.33,"The outlet identity, font usage, and professional design layout are consistent with The Daily Star Bangla, aligning well with football match preview coverage."
DS_01_SPT_091.jpg,Real,Fake,0.49,"The image claims that Portugal won the FIFA U-17 World Cup Qatar 2025, which is an anachronistic and non-existent future event, making the factual content and timeline entirely implausible."
DS_01_SPT_123.jpg,Real,Fake,0.45,"Factual/content plausibility and language quality indicate this photocard is fabricated, as the claim of Mustafizur Rahman being bought for a record 6 crore rupees by Delhi Capitals contradicts real-world IPL auction facts and uses sensationalized clickbait phrasing."
DS_01_SPT_160.jpg,Real,Fake,0.56,"The date '১০ এপ্রিল ২০২৫' (April 10, 2025) is in the future relative to the current baseline of knowledge, pointing to anachronism and fabrication."
IT_01_BIZ_023.jpg,Real,Real,0.24,"The outlet identity and visual template match the professional standards of Independent Television, and the headline phrasing regarding gold price fluctuations is grammatically consistent with regular news reporting in Bangladesh."
IT_01_BIZ_031.jpg,Real,Real,0.34,"The visual template and logo match the authentic branding of Independent Television, and the typography and layout align with professional news broadcasting standards."
IT_01_BIZ_039.jpg,Real,Fake,0.59,"The Bangla text in the headline contains a grammatical redundancy ('কমেছে ৮ শতাংশ কমেছে'), which violates standard professional editorial style and indicates poor quality control."
IT_01_BIZ_046.jpg,Real,Real,0.28,"The photocard shows consistent visual branding for Independent Television, correct Bangla typography, and plausible financial news reporting standards."
IT_01_BIZ_064.jpg,Real,Real,0.22,"The outlet identity, branding elements, and Bangla typography closely match Independent Television's standard news photocard style and professional editorial quality."
IT_01_BIZ_099.jpg,Real,Real,0.29,"The outlet identity, logo, and template elements accurately match Independent Television's standard publishing style, and the Bangla text is written professionally without noticeable errors."
IT_01_BIZ_100.jpg,Real,Real,0.33,"The outlet logo, typography, and visual layout match Independent Television's standard news photocard style, and the text aligns with standard journalistic formatting."
IT_01_BIZ_150.jpg,Real,Fake,0.53,"The date listed at the bottom left ('২৫ সেপ্টেম্বর, ২০২৫') refers to a future date relative to current timelines, making the photocard internally inconsistent and fabricated."
IT_01_BIZ_186.jpg,Real,Real,0.3,"The outlet identity, logo, template consistency, and professional Bangla typography strongly align with Independent Television's standard publishing style."
IT_01_BIZ_196.jpg,Real,Real,0.27,"The outlet branding, URL, and visual template are consistent with Independent Television's standard design, and the Bangla text is written in a professional editorial style without obvious fabrication flaws."
IT_01_BIZ_199.jpg,Real,Real,0.32,"The outlet identity, logo, template consistency, and language quality match the professional branding and standard editorial style of Independent Television."
IT_01_BIZ_208.jpg,Real,Fake,0.59,"The date displayed at the top left reads '০৯ জানুয়ারি, ২০২৬', which is set in the future relative to the current real-world timeframe, indicating fabrication in the visual content."
IT_01_CRM_030.jpg,Real,Real,0.2,"The outlet identity, professional template styling, and standard editorial Bangla text align well with authentic news broadcasting standards, especially regarding political violence statistics."
IT_01_CRM_033.jpg,Real,Fake,0.54,"The language quality and phrasing exhibit a sensationalized, clickbait tone ('ভয়াবহ হামলা পরিকল্পনা নস্যাৎ') that deviates from professional editorial standards, combined with minor visual template inconsistencies around the text rendering."
IT_01_CRM_040.jpg,Real,Real,0.15,"The outlet branding matches Independent Television, the typography and visual layout are consistent with their standard news photocards, and the Bangla text is written in standard professional style."
IT_01_CRM_061.jpg,Real,Real,0.26,"The outlet identity, logo, template consistency, and professional Bangla editorial style all align correctly with genuine news reporting from Independent Television."
IT_01_CRM_085.jpg,Real,Real,0.24,"The outlet identity, logo, layout style, and professional Bangla editorial text are all consistent with authentic Independent Television news photocards."
IT_01_CRM_116.jpg,Real,Fake,0.52,"The date displayed at the bottom left reads '০৯ জুন, ২০২৫' (June 09, 2025), which is in the future relative to the timeline of real-world events, indicating internal inconsistency and fabrication."
IT_01_CRM_120.jpg,Real,Fake,0.47,"The factual content contains a major error regarding the number of victims attributed to the 'Twitter Killer' (Takahiro Shiraishi murdered 9 people, not 8), and the outlet 'Independent' uses a different branding style."
IT_01_CRM_131.jpg,Real,Fake,0.48,"The image clearly displays the 'INDEPENDENT' logo, but the scene in the background is a glaringly obvious AI-generated illustration rather than a real journalistic photograph, which violates professional publishing standards."
IT_01_CRM_134.jpg,Real,Fake,0.57,"The visual template and text formatting show signs of digital manipulation, particularly the mismatched font style and spacing in the headline, which deviates from standard professional news broadcasting standards."
IT_01_CRM_140.jpg,Real,Fake,0.56,"The date shown at the bottom left reads '২১ আগস্ট, ২০২৩' (August 21, 2023), but August 21 is historically associated with the tragic anniversary of the 2004 Dhaka grenade attack rather than a recent clash between Dhaka College and City College students, raising internal consistency and plausibility concerns."
IT_01_CRM_145.jpg,Real,Real,0.31,"The outlet identity, professional template consistency, and standard journalistic phrasing of the Bangla headline strongly align with the real publishing style of Independent Television."
IT_01_CRM_153.jpg,Real,Real,0.22,"The photocard shows consistent branding and template styling typical of the named news outlet, with clean Bangla typography and a coherent police press briefing image matching the headline context."
IT_01_CRM_159.jpg,Real,Real,0.31,"The photocard shows consistent visual styling with Independent Television's branding, correct standard Bangla typography, and plausible news reporting style regarding child abuse statistics."
IT_01_CRM_169.jpg,Real,Fake,0.58,"The language quality dimension strongly influences this verdict, as terms like 'পিয়ন' (peon) in the headline reflect an informal, non-standard editorial tone uncharacteristic of professional news outlets like Independent Television."
IT_01_CRM_174.jpg,Real,Real,0.33,"The photocard shows correct branding for Independent Television with standard formatting, consistent font styling, and plausible news reporting style in Bangla."
IT_01_CRM_178.jpg,Real,Fake,0.49,The language quality of the headline uses an uncharacteristically sensationalist tone and unusual phrasing ('প্লট দুর্নীতির ৩ মামলায় শেখ হাসিনার ২১ বছরের কারাদণ্ড') which contradicts the standard editorial practices typically seen in professional mainstream news outlets like Independent Television.
IT_01_CRM_183.jpg,Real,Real,0.3,"The outlet branding for Independent Television and the website handle match their established publishing style, and the visual layout demonstrates professional-grade consistency across all evaluated dimensions."
IT_01_CRM_187.jpg,Real,Real,0.24,"The outlet identity, template styling, professional Bangla typography, and plausible news event regarding local political clashes align well with standard reporting practices by Independent Television."
IT_01_CRM_190.jpg,Real,Real,0.18,"The photocard displays consistent branding from Independent Television, correct logo usage, clean Bangla typography, and an authentic-looking news graphic layout typical of their broadcast style."
IT_01_CRM_207.jpg,Real,Real,0.32,"The photocard shows consistent visual branding for Independent Television with clean layout, standard professional Bangla typography, and plausible news context."
IT_01_CRM_221.jpg,Real,Fake,0.5,"The date displayed at the bottom ('২১ ফেব্রুয়ারি, ২০২৬') contains an anachronism for the current timeline, and visual inspection of the typography reveals slight inconsistencies compared to standard Independent Television templates."
IT_01_CRM_226.jpg,Real,Fake,0.48,"The language quality dimension strongly indicates fabrication, as the headline contains a severely misspelled word (""মিলল"" instead of ""মিলল"" or similar errors, and broken/unnatural phrasing typical of poorly made fake photocards) and an unusual slash in the word ""অ/বৈধ"" which is never used in professional editorial style."
IT_01_DIS_012.jpg,Real,Real,0.23,"The visual template, branding of the news outlet, and standard Bangla editorial style align well with professional news standards, and the news about Assam floods corresponds to plausible major regional events."
IT_01_DIS_068.jpg,Real,Real,0.24,"The outlet identity, visual template consistency, and language quality match professional broadcasting standards used by Independent Television in Bangladesh."
IT_01_DIS_084.jpg,Real,Real,0.28,"The outlet identity, logo, template consistency, and professional Bangla editorial style all align correctly with established standards of the mentioned news outlet."
IT_01_DIS_089.jpg,Real,Real,0.34,"The outlet branding matches Independent Television, and the photographic content reflects real monsoon waterlogging events in Chattogram, displaying consistent template styling and natural Bengali editorial phrasing."
IT_01_DIS_091.jpg,Real,Real,0.32,"The outlet identity, logo, and template style accurately match the professional publishing standards of Independent Television, and the language quality in the headline is standard and grammatically correct."
IT_01_DIS_125.jpg,Real,Fake,0.55,"The photocard uses the 'Independent' brand logo alongside a conflicting domain (itvbd.com, which belongs to Independent Television), and features an exaggerated news claim about a major earthquake and tsunami with unusual clickbait formatting."
IT_01_DIS_137.jpg,Real,Fake,0.43,The language quality and phrasing regarding the flood casualties in Khyber Pakhtunkhwa show inconsistencies and clickbait framing uncharacteristic of standard professional editorial style from Independent Television.
IT_01_DIS_142.jpg,Real,Fake,0.52,"The date format in the footer ('০৪ সেপ্টেম্বর, ২০২৩') does not match the actual current calendar year of 2025/2026 for this type of ongoing breaking news template, pointing to a fabricated or recycled photocard."
IT_01_DIS_154.jpg,Real,Fake,0.49,"The image clearly displays the tell-tale AI-generated artifacts and unnatural blending typical of text-to-image generators, while the Bangla text uses informal phrasing ('| বিস্তারিত কমেন্টে |') uncharacteristic of professional news outlets."
IT_01_DIS_175.jpg,Real,Fake,0.46,"The language quality of the headline contains unnatural framing and phrasing atypical of professional editorial style, and the visual layout exhibits compression artifacts around the text area inconsistent with official templates."
IT_01_DIS_185.jpg,Real,Fake,0.52,"The date displayed at the top left reads '০৯ ডিসেম্বর, ২০২৫' (December 9, 2025), which is in the future. This violates internal consistency and factual plausibility."
IT_01_DIS_191.jpg,Real,Fake,0.6,"The photocard is fake because the date shown is '২৬ ডিসেম্বর, ২০২৫' (December 26, 2025), which is in the future based on known real-world timelines."
IT_01_DIS_198.jpg,Real,Real,0.27,"The outlet branding, typography, logo, and website address align precisely with Independent Television's official template and publishing style."
IT_01_DIS_211.jpg,Real,Real,0.25,"The outlet branding, URL, and visual template are consistent with Independent Television's standard design, and the Bangla text is written in proper professional editorial style."
IT_01_DIS_222.jpg,Real,Fake,0.54,"The date listed at the bottom left ('২৮ ফেব্রুয়ারি, ২০২৬') is set in the future, and the headline uses artificial typographic splitting ('বি/স্ফোরণ', 'দ/গ্ধ ৭') to bypass automated content moderation filters, which is a strong indicator of fabricated media."
IT_01_ENT_013.jpg,Real,Real,0.22,"The branding matches Independent Television, the typography and layout are consistent with their professional style, and the news report regarding the temporary closure of the Sadapathor tourist spot due to hill runoff/landslides is factually plausible."
IT_01_ENT_050.jpg,Real,Real,0.28,"The outlet identity, logo, and professional Bangla editorial style on the photocard align well with standard Independent Television publishing norms."
IT_01_ENT_054.jpg,Real,Real,0.34,"The photocard shows consistent visual styling with Independent Television's branding, correct Bangla typography, and accurate entertainment news reporting about the actress Samantha."
IT_01_ENT_056.jpg,Real,Fake,0.42,The factual plausibility dimension indicates that the claim of a buffalo resembling Donald Trump drawing crowds to a zoo is absurd and characteristic of satirical or fake social media content.
IT_01_ENT_058.jpg,Real,Real,0.25,"The outlet identity, visual template consistency, and professional Bangla editorial style strongly align with authentic Independent Television publishing standards."
IT_01_ENT_082.jpg,Real,Real,0.31,"The photocard shows consistent visual branding for Independent Television, with professional layout and typography matching their standard publishing style."
IT_01_ENT_132.jpg,Real,Fake,0.6,"The image features an Indian actor (Prithviraj Sukumaran) rather than the Bangladeshi actor Shakib Khan mentioned in the headline, showing a clear mismatch in internal consistency and visual content."
IT_01_ENT_138.jpg,Real,Fake,0.54,The headline uses a clickbait style and the phrasing 'যে কারণে অভিনয়কে বিদায় বললেন অনন্ত জলিল' exhibits language quality and sensationalist framing uncharacteristic of a professional news outlet like Independent TV.
IT_01_ENT_156.jpg,Real,Fake,0.56,"The date shown at the bottom ('০৫ অক্টোবর, ২০২৫') is in the future relative to the current real-world timeframe, indicating a fabricated or anachronistic photocard."
IT_01_ENT_168.jpg,Real,Fake,0.46,"The photocard contains factual and internal contradictions regarding the date ('১৮ অক্টোবর, ২০২৫' which is in the future) and the context of Shah Rukh Khan's birthday celebrations, failing multiple consistency and factual plausibility checks."
IT_01_ENT_171.jpg,Real,Fake,0.42,"The language quality of the headline uses a sensationalized, informal clickbait tone ('ছবির অভাবে সিনেপ্লেক্স বন্ধ এখন চলে বিয়ের আয়োজন!') which is atypical of professional news outlets, combined with a visibly unpolished photocard design."
IT_01_ENT_195.jpg,Real,Real,0.2,"The outlet identity, logo, template consistency, and professional Bangla editorial style match Independent Television's standard publishing format."
IT_01_ENT_197.jpg,Real,Real,0.21,"The outlet identity, logo, typography, and website domain accurately reflect Independent Television's official branding and standard digital publishing style."
IT_01_ENT_204.jpg,Real,Fake,0.44,"The image features an AI-generated or heavily manipulated romantic depiction of Tahsan that does not correspond to any known, verifiable news event involving the public figure, scoring low on factual plausibility and internal consistency."
IT_01_ENT_205.jpg,Real,Real,0.26,"The photocard displays authentic branding for Independent Television with correct logo placement, font styling, and typical news formatting regarding the band's album release."
IT_01_HLT_034.jpg,Real,Real,0.15,"The visual template, logo placement, and professional Bangla typography strongly align with the real publishing style of Independent Television."
IT_01_HLT_042.jpg,Real,Fake,0.46,"The language quality dimension strongly influences this verdict, as the Bangla text contains a severe spelling error ('করছাড়' instead of 'কর ছাড়') which is atypical of professional news outlets."
IT_01_HLT_047.jpg,Real,Real,0.26,"The outlet logo, visual layout, and professional typography align closely with standard Independent Television news photocards reporting routine dengue statistics."
IT_01_HLT_057.jpg,Real,Real,0.22,"The photocard's branding, professional layout, and accurate Bangla typography align with the authentic style of Independent Television, showing strong internal and visual consistency."
IT_01_HLT_093.jpg,Real,Real,0.3,"The outlet identity, professional template design, and standard Bangla editorial typography align well with standard news publishing practices."
IT_01_HLT_110.jpg,Real,Real,0.3,"The outlet identity, logo, template style, and URL (itvbd.com) align consistently with the known Independent Television branding and standard news photocard formats, with correct Bangla typography and standard phrasing."
IT_01_HLT_130.jpg,Real,Real,0.32,"The outlet identity, logo branding for Independent Television, visual template consistency, and standard professional Bangla typography align well with authentic broadcast photocards covering recurring dengue health issues."
IT_01_HLT_135.jpg,Real,Real,0.15,"The outlet identity, logo, and website address match standard Independent Television branding, and the language quality and typography show high internal consistency with professional editorial standards."
IT_01_HLT_149.jpg,Real,Real,0.27,"The visual template, logo branding of Independent Television, and Bangla text formatting are consistent with authentic news outlet broadcasts and photocard standards concerning ongoing global events."
IT_01_HLT_218.jpg,Real,Real,0.19,"The outlet identity, URL, visual template, and language quality align closely with Independent Television's standard reporting style on public health issues like Nipah virus."
IT_01_HLT_229.jpg,Real,Real,0.21,"The outlet identity, branding elements, and visual template are consistent with Independent Television, and the language quality in the headline and date adheres to professional news standards."
IT_01_HLT_238.jpg,Real,Real,0.35,"The typography, logo branding, and layout closely match the professional style of the Independent news outlet, and the language quality is grammatically sound."
IT_01_HLT_241.jpg,Real,Real,0.34,"The outlet identity, logo, typography, and professional phrasing in the Bangla text regarding dengue statistics closely align with standard publishing styles used by Independent Television."
IT_01_HLT_249.jpg,Real,Fake,0.57,"Factual and content plausibility strongly indicates this is fake, as the text refers to the year 2025 ('২০২৫-এ'), which is in the future relative to the stated comparison year 2023."
IT_01_INT_003.jpg,Real,Real,0.19,"The outlet logo, visual template consistency, and professional Bangla editorial style match the authentic publishing standards of Independent Television."
IT_01_INT_025.jpg,Real,Fake,0.52,"The factual plausibility dimension indicates that the claim of the United States lifting a naval blockade on Iran contradicts geopolitical realities, combined with potential inconsistencies in template design."
IT_01_INT_048.jpg,Real,Real,0.34,"The outlet branding matches Independent Television, the Bangla text is written in standard journalistic style, and the disaster scene imagery and headline align plausibly with typical reporting on conflict zones."
IT_01_INT_104.jpg,Real,Fake,0.46,"The date shown at the bottom left ('২৮ এপ্রিল, ২০২৫') points to a future date relative to current established knowledge, failing the factual and internal consistency dimensions."
IT_01_INT_123.jpg,Real,Fake,0.54,The photocard exhibits issues in visual template consistency and typographical styling that do not match the professional standards of the depicted news outlet.
IT_01_INT_144.jpg,Real,Real,0.19,"The outlet branding, URL, and visual template are consistent with Independent Television's standard photocard format, and the language quality and internal consistency are high."
IT_01_INT_189.jpg,Real,Real,0.28,"The outlet identity, URL, visual template consistency, and professional Bangla editorial style match the established publishing standards of Independent Television."
IT_01_INT_223.jpg,Real,Fake,0.48,"The date displayed (২৮ ফেব্রুয়ারি, २०२৬ - Feb 28, 2026) is in the future, rendering this photocard factually impossible and internally inconsistent."
IT_01_POL_005.jpg,Real,Fake,0.54,"The visual template inconsistencies, such as low-resolution artifacts around the text and non-standard layout formatting, indicate that this photocard is a fabricated fabrication not genuinely issued by the news outlet."
IT_01_POL_020.jpg,Real,Real,0.33,"The photocard shows consistent visual styling with Independent Television branding, professional Bangla typography, and aligns with plausible public statements regarding high-profile legal proceedings."
IT_01_POL_066.jpg,Real,Fake,0.46,The language quality and visual template consistency show artifacts and phrasing typical of fabricated social media photocards falsely attributing political statements.
IT_01_POL_070.jpg,Real,Fake,0.44,"The photocard misidentifies the person as 'প্রধানমন্ত্রী' (Prime Minister), which is factually incorrect and inconsistent with the actual individual pictured and known political realities, failing dimensions 1 and 5."
IT_01_POL_075.jpg,Real,Real,0.24,"The outlet logo, typography, and visual template closely match the branding style of Independent Television, and the text adheres to professional Bangla editorial standards."
IT_01_POL_105.jpg,Real,Fake,0.6,"The date format in the footer ('২৮ এপ্রিল, ২০২৫') places the image in the future relative to typical current timelines, combined with anachronistic statements attributed to the Chief Adviser, indicating fabricated content."
IT_01_POL_114.jpg,Real,Real,0.17,"The visual template, branding of the Independent news outlet, and standard Bangla editorial style match real professional news publishing standards."
IT_01_POL_133.jpg,Real,Real,0.28,"The outlet identity, visual template consistency, and professional Bangla editorial style match the standard publishing patterns of Independent Television (ITV). Additionally, the subject (Hasnat Abdullah) and political commentary align with known statements during the relevant timeframe."
IT_01_POL_141.jpg,Real,Real,0.21,"The outlet identity, logo, and website domain match Independent Television (ITV), and the headline and visual formatting align well with their standard news broadcast style."
IT_01_POL_147.jpg,Real,Real,0.19,"The outlet identity, logo, template consistency, and professional Bangla typography align closely with standard Independent Television publishing styles, and the quote attributed to Tarique Rahman matches known political commentary trends."
IT_01_POL_148.jpg,Real,Real,0.24,"The outlet branding for Independent Television matches standard templates, and the text adheres to professional Bangla journalism standards without noticeable typographical flaws."
IT_01_POL_163.jpg,Real,Real,0.2,"The photocard displays authentic branding from Independent Television with consistent visual templates, professional typography, and plausible political reporting style matching standard news media."
IT_01_POL_166.jpg,Real,Real,0.29,"The outlet branding for Independent Television and the web address match recognized authentic templates, while the headline and visual quality remain consistent with standard news broadcasting practices."
IT_01_POL_172.jpg,Real,Fake,0.49,The language quality and headline style exhibit clickbait phrasing atypical of standard professional editorial standards from mainstream news outlets like Independent TV.
IT_01_POL_173.jpg,Real,Real,0.16,"The outlet branding for Independent TV matches standard templates, and the Bangla text maintains proper grammar and editorial formatting across the headline and date."
IT_01_POL_188.jpg,Real,Real,0.2,"The outlet branding, URL, template design, and standard Bangla editorial text are consistent with professional broadcasting standards (Dimensions 1, 3, and 4)."
IT_01_POL_193.jpg,Real,Fake,0.47,"Factual/content plausibility and date inconsistencies strongly indicate fabrication, as the image shows Indian External Affairs Minister S. Jaishankar with someone misidentified or altered, alongside an implausible context."
IT_01_SPT_096.jpg,Real,Real,0.23,"The visual template, professional Bangla typography, and correct logo placement match Independent Television's standard news broadcast graphics, and the cricket news content is plausible."
IT_01_SPT_097.jpg,Real,Fake,0.54,"The factual plausibility dimension indicates this is fake because the year '২০২৬' (2026) is in the future, making the claim of a 2026 Laureus Award anachronistic."
JG_01_BIZ_003.jpg,Real,Fake,0.55,"The date '০৮ জুন ২০২৬' (June 08, 2026) is set in the future, making internal consistency and factual plausibility impossible."
JG_01_BIZ_015.jpg,Real,Real,0.33,"The photocard displays authentic Jugantor branding, correct domain formatting, standard professional Bangla typography, and aligns with known financial news topics in Bangladesh."
JG_01_BIZ_045.jpg,Real,Fake,0.52,"The date shown at the bottom is '১০ অক্টোবর ২০২৫' (October 10, 2025), which is in the future relative to current real-world dates, revealing that this photocard is fabricated."
JG_01_CRM_032.jpg,Real,Fake,0.42,"The date shown ('২৭ অক্টোবর ২০২৫') is in the future relative to the current timeframe, indicating anachronistic fabrication."
JG_01_DIS_057.jpg,Real,Fake,0.56,"The date '৩০ এপ্রিল ২০২৬' is in the future, rendering the photocard anachronistic and internally inconsistent."
JG_01_ENT_055.jpg,Real,Fake,0.42,"The date displayed is '০৪ মে ২০২৬' (May 4, 2026), which is in the future, making the content anachronistic and internally inconsistent."
JG_01_HLT_007.jpg,Real,Real,0.24,"The photocard shows consistent visual branding for Jugantor, with correct logo placement, font styling, and professional Bangla editorial layout matching standard health feature posts from the outlet."
JG_01_HLT_062.jpg,Real,Fake,0.42,"The date listed on the photocard ('১৫ এপ্রিল ২০২৬') is in the future relative to the current timeframe, which makes the content implausible and indicates fabrication."
JG_01_HLT_130.jpg,Real,Real,0.18,"The photocard displays authentic branding of Jugantor with correct logo and domain, and the language quality and visual consistency align with professional news publishing standards regarding Eid dietary tips."
JG_01_INT_006.jpg,Real,Fake,0.47,"The language quality is unprofessional, using awkward phrasing and slash marks ('হা/মলা') in the headline to bypass content moderation, which is uncharacteristic of a legitimate news outlet like Jugantor."
JG_01_INT_041.jpg,Real,Fake,0.44,"The date shown is '২৪ সেপ্টেম্বর ২০২৫' (24 September 2025), which is in the future relative to the realistic timeline of current events, revealing a contradiction in internal consistency and factual plausibility."
JG_01_POL_030.jpg,Real,Fake,0.57,"The date listed in the photocard is '১৯ অক্টোবর ২০২৫' (October 19, 2025), which is an impossible future date given real-world timelines, pointing to clear fabrication in the internal consistency and content plausibility dimensions."
JG_01_POL_035.jpg,Real,Fake,0.4,"The date listed is 04 December 2025, which is in the future, rendering the photocard anachronistic and internally inconsistent."
JG_01_POL_050.jpg,Real,Fake,0.52,"The language and phrasing of the headline contain an informal and sensationalist tone ('জাসদ ছাত্রলীগ নেতা জামায়াতের আমির হতে পারেন...') which is atypical of professional editorial style on such prominent photocards, pointing to fabrication."
JG_01_POL_066.jpg,Real,Fake,0.57,"The photocard uses the Jugantor logo and branding, but the headline features highly inflammatory and grammatically awkward phrasing about reducing women's working hours ('কর্মঘণ্টা কমানো হবে') that is uncharacteristic of professional mainstream journalism and typical of fabricated political propaganda."
JG_01_POL_068.jpg,Real,Real,0.32,"The photocard shows consistent branding and layout for Jugantor, with clean typography and plausible editorial content matching the visual of Dr. Shafiqur Rahman speaking at a press event."
JG_01_SPT_002.jpg,Real,Fake,0.57,"The date displayed is '০৮ জুন ২০২৬' (June 08, 2026), which is in the future relative to current time, indicating an anachronism in the internal consistency and factual plausibility."
JG_01_SPT_039.jpg,Real,Fake,0.5,"The date shown in the top right corner ('২৮ জুন ২০২৫') is in the future, which is inconsistent with professional publication standards and indicates a fabricated photocard."
JM_01_BIZ_083.jpg,Real,Fake,0.49,"The date listed ('২ জুন ২০২৬') is in the future relative to the current year, which strongly indicates a fabricated or altered photocard violating factual plausibility and internal consistency."
JM_01_BIZ_099.jpg,Real,Fake,0.45,"The photocard displays a clear factual anachronism and internal contradiction: the headline mentions the budget for '2026-27' while the date at the bottom shows '9 June 2026', which conflicts with real-world fiscal timelines and standard journalistic practices."
JM_01_BIZ_100.jpg,Real,Fake,0.56,"The date shown is '৯ জুন ২০২৬' (June 9, 2026), which is in the future, making the content anachronistic and internally inconsistent. Additionally, the year '২০২৬-২৭' mentioned in the budget heading points to a future timeline."
JM_01_CRM_064.jpg,Real,Real,0.31,"The outlet identity, professional template styling, and accurate Bangla typography align with verified Jamuna TV photocards covering prominent domestic events during that period."
JM_01_CRM_076.jpg,Real,Fake,0.47,"The date shown is '২৯ মে ২০২৬' (May 29, 2026), which is in the future relative to the current timeframe, making the content internally inconsistent and fabricated."
JM_01_CRM_122.jpg,Real,Fake,0.45,"The date shown at the bottom right is '২৫ মে ২০২৬' (May 25, 2026), which is in the future relative to the current time, indicating the photocard is fabricated."
JM_01_DIS_073.jpg,Real,Real,0.19,"The photocard shows consistent visual branding for Jamuna TV with correct logos, appropriate Bangla typography, and plausible news content regarding lightning strike casualties."
JM_01_DIS_087.jpg,Real,Real,0.22,"The photocard shows consistent visual branding for Jamuna TV with standard editorial typography and layout, and the news topic of lightning fatalities in Bangladesh during the monsoon season is plausible and contextually consistent."
JM_01_DIS_096.jpg,Real,Fake,0.53,"The date listed at the bottom right is '৭ জুন ২০২৩' (June 7, 2026), which is written in the future relative to current dates, making the content anachronistic and fabricated."
JM_01_DIS_126.jpg,Real,Fake,0.4,"The date listed in the photocard is '২৭ এপ্রিল २०२৬' (27 April 2026), which is in the future, indicating the photocard is fabricated."
JM_01_DIS_129.jpg,Real,Fake,0.57,"The date listed on the photocard is 2 মে ২০২৬ (May 2, 2026), which is in the future relative to the current real-world timeframe, making this internal inconsistency a clear indicator of fabrication."
JM_01_ENT_056.jpg,Real,Real,0.27,"The template, logo branding of Jamuna TV, and the Bangla typography appear consistent and professionally produced, matching standard promotional cards for entertainment programs."
JM_01_ENT_070.jpg,Real,Fake,0.46,"The date displayed is '১৮ মে ২০২৬' (May 18, 2026), which is in the future relative to the current time, indicating an impossible date for a past news event."
JM_01_ENT_077.jpg,Real,Fake,0.5,"The date '৩০ মে ২০২৬' (30 May 2026) is set in the future, and visual inconsistencies around the text and banner indicate digital manipulation, failing the factual plausibility and internal consistency checks."
JM_01_ENT_097.jpg,Real,Fake,0.55,"The Tomatina festival is famously held in Buñol, Spain, not in Sutamarchán, Colombia, making the factual content implausible, and the headline date '৮ জুন ২০২৬' projects into the future."
JM_01_ENT_102.jpg,Real,Fake,0.49,"The date displayed is '৯ জুন ২০২৬' (June 9, 2026), which is in the future relative to the current timeframe, making the factual content and internal consistency impossible for a published news photocard."
JM_01_ENT_103.jpg,Real,Fake,0.46,"The factual content is impossible since the 2026 FIFA World Cup will not take place until June 2026, making this news report anachronistic and fabricated."
JM_01_ENT_123.jpg,Real,Fake,0.46,"Dimension 5 (Factual/content plausibility) shows a clear anomaly: the date '১০ জুন ২০২৬' (June 10, 2026) is set in the future relative to the timeline of Salman Shah's historical case and current real-world dates, indicating a fabricated photocard."
JM_01_ENT_133.jpg,Real,Real,0.25,"The outlet branding, URL, and visual template are consistent with Jamuna TV's standard professional publishing style, and the Bangla text is written in standard editorial style."
JM_01_ENT_136.jpg,Real,Real,0.31,"The branding, visual layout, and language quality are consistent with Jamuna TV's authentic news photocards, and the reported event regarding 'Miss World Bangladesh' is contextually plausible."
JM_01_HLT_074.jpg,Real,Fake,0.47,"The visual template and branding do not match Jamuna TV's standard professional news broadcast graphics, and the text shows inconsistencies typical of fabricated social media cards."
JM_01_HLT_082.jpg,Real,Fake,0.56,"The text contains a major factual error in identifying the Health Minister (calling him 'সরদার মো. সাখাওয়াত হোসেন' instead of Dr. Samanta Lal Sen or the correct official), and visual analysis shows mismatched fonts and text rendering inconsistent with Jamuna TV's official professional standards."
JM_01_HLT_085.jpg,Real,Fake,0.53,"The date displayed is '৪ জুন ২০২৬' (4 June 2026), which is in the future, making the factual claim anachronistic and impossible for a current news report."
JM_01_HLT_090.jpg,Real,Fake,0.45,"The date shown is '৬ জুন ২০২৬' (June 6, 2026), which is in the future, rendering the photocard anachronistic and fabricated."
JM_01_HLT_094.jpg,Real,Fake,0.53,"The date shown at the bottom right ('৭ জুন ২০২৬') is in the future, making the photocard anachronistic and internally inconsistent."
JM_01_HLT_111.jpg,Real,Fake,0.53,"The date shown is '১৩ জুন ২০২৬' (June 13, 2026), which is in the future, violating internal consistency and factual plausibility."
JM_01_HLT_124.jpg,Real,Fake,0.48,"The date displayed at the bottom right is '১৩ জুন ২০২৬' (June 13, 2026), which is in the future, making the photocard internally inconsistent and fabricated."
JM_01_INT_079.jpg,Real,Fake,0.52,"The photocard combines a news template from Jamuna TV with unrelated commercial advertisements for children's toys at the bottom, which is inconsistent with authentic news broadcasting standards."
JM_01_INT_091.jpg,Real,Fake,0.47,"The date shown is '৬ জুন ২০২৬' (June 6, 2026), which is in the future relative to the current real-world timeframe, making this a fabricated photocard."
JM_01_INT_105.jpg,Real,Fake,0.44,"The date shown is June 11, 2026, which is in the future, and the headline describes events that conflict with factual plausibility and internal consistency."
JM_01_INT_107.jpg,Real,Fake,0.51,"The date '১২ জুন ২০২৩' (June 12, 2023) contains a clear anachronism when considering future-dated or impossible timelines relative to standard news reporting, and the overall phrasing and typography exhibit inconsistencies characteristic of fabricated social media cards."
JM_01_INT_112.jpg,Real,Fake,0.43,"The date shown at the bottom right is '১৩ জুন ২০২৬' (June 13, 2026), which is set in the future. This is a clear indicator of a fabricated or prematurely generated photocard."
JM_01_INT_117.jpg,Real,Fake,0.42,"The date displayed is '১৬ মে ২০২৬' (May 16, 2026), which is in the future relative to the current timeframe, making the photocard anachronistic and fabricated."
JM_01_INT_131.jpg,Real,Fake,0.48,"The date format in the headline appears anachronistic and contradicts the known timeline of the Israel-Hamas conflict, showing inconsistencies under factual and internal analysis."
JM_01_INT_143.jpg,Real,Real,0.17,"The outlet identity, branding elements, and visual template perfectly match Jamuna TV's standard professional news publishing style, and the content aligns with known international news regarding Gaza reconstruction estimates."
JM_01_POL_086.jpg,Real,Fake,0.55,"The date shown is 4 June 2026, which is in the future, pointing to a fabricated or improperly edited photocard."
JM_01_POL_119.jpg,Real,Fake,0.49,"The date displayed is '৩০ মে ২০২৬' (May 30, 2026), which is in the future, making the photocard internally inconsistent and fabricated."
JM_01_POL_120.jpg,Real,Fake,0.41,"The date shown in the photocard is '২৫ মে ২০২৬' (25 May 2026), which is set in the future relative to the present day, indicating an anachronistic or fabricated news card."
JM_01_SPT_054.jpg,Real,Real,0.2,"The photocard matches the branding and visual style of Jamuna TV, and the content aligns with current news topics surrounding Shakib Al Hasan's test career."
JM_01_SPT_065.jpg,Real,Real,0.33,"The photocard displays authentic branding for Jamuna TV, correct standard Bangla editorial phrasing in the headline regarding the Bangladesh cricket team's historic win dedication, and clean visual template consistency."
JM_01_SPT_101.jpg,Real,Fake,0.53,"The date displayed is June 2026, which is in the future, and the headline uses a sensationalist clickbait style that is inconsistent with standard journalistic practices of major outlets."
JM_01_SPT_104.jpg,Real,Fake,0.44,"Factual and internal inconsistencies indicate fabrication; Australia playing Bangladesh and losing 3 wickets without scoring a run in June 2026 is anachronistic and contradicts known cricketing events, while the photocard promotes a bizarre 'Football World Cup for 99 Taka' offer at the bottom."
JM_01_SPT_109.jpg,Real,Fake,0.53,"The date listed (১৩ জুন ২০২৬) is in the future relative to the current timeframe and the news content regarding stolen training equipment during a World Cup camp appears unverified and anachronistic, pointing towards fabrication."
JM_01_SPT_127.jpg,Real,Fake,0.52,"The language quality and factual plausibility dimensions indicate this is a fabricated photocard, as the controversial claim attributed to Shakib Al Hasan exhibits sensationalist clickbait phrasing atypical of professional journalistic standards."
JM_01_SPT_132.jpg,Real,Real,0.28,"The outlet branding, logo, and website handle match Jamuna TV's standard presentation, and the typography and visual layout are consistent with their professional news broadcasting style."
JM_01_SPT_137.jpg,Real,Fake,0.51,"The language quality and factual plausibility dimensions indicate this is a fabricated photocard, as professional sports news rarely uses such unverified speculative phrasing for national team debuts without official confirmation."
KK_01_BIZ_093.jpg,Real,Real,0.31,"The outlet identity, logo, typography, and website domain match the authentic styling and template of Kaler Kantho, exhibiting high visual and language consistency typical of their published photocards."
KK_01_CRM_008.jpg,Real,Real,0.2,"The outlet branding for Kaler Kantho, visual template elements, and website domain appear consistent with real media standards, and the headline and images align logically without signs of clumsy fabrication."
KK_01_CRM_055.jpg,Real,Real,0.19,"The outlet identity, logo, layout, and domain match standard Kaler Kantho publishing templates, and the factual phrasing regarding university campus politics is internally consistent and plausible."
KK_01_CRM_085.jpg,Real,Fake,0.4,"The date listed at the bottom left is '৩১ ডিসেম্বর ২০২৪' (31 December 2024), which is in the future relative to the current context, and the headline describes a major violent event lacking internal consistency and proper editorial styling."
KK_01_DIS_013.jpg,Real,Fake,0.51,"The date shown at the top left reads '১১ জুন ২০২৬' (June 11, 2026), which is in the future, rendering the factual content anachronistic and proving the photocard is fabricated."
KK_01_DIS_018.jpg,Real,Real,0.18,"The outlet identity, logo branding, and Bangla text quality align well with the publishing style of Kaler Kantho, exhibiting no signs of digital manipulation or inconsistency across the evaluated dimensions."
KK_01_DIS_162.jpg,Real,Fake,0.57,"The date displayed at the bottom left is '১১ জুলাই ২০২৫' (July 11, 2025), which is in the future based on current known dates, violating internal consistency and factual plausibility."
KK_01_ENT_072.jpg,Real,Fake,0.56,"The photocard combines a professional news outlet header with a commercial Grameenphone promotional banner at the bottom and unusual clickbait styling, violating standard news template consistency."
KK_01_ENT_113.jpg,Real,Real,0.16,"The photocard shows consistent visual styling with Kaler Kantho's standard layout, professional typography in the quote, and a plausible quote from actress Keya Payel."
KK_01_ENT_136.jpg,Real,Real,0.22,"The visual template, branding of 'কালের কণ্ঠ', and the domain match standard authentic publications from this news outlet, while the language and tone remain professional and internally consistent."
KK_01_ENT_216.jpg,Real,Real,0.22,"The outlet logo, typography, template design, and URL match the genuine publishing style and branding of Kaler Kantho."
KK_01_HLT_011.jpg,Real,Fake,0.52,"The date displayed at the top left ('১১ জুন ২০২৬') is set in the future, which makes the photocard internally inconsistent and definitively fabricated."
KK_01_HLT_012.jpg,Real,Real,0.22,"The outlet identity, logo, domain, and font consistency closely match real Kaler Kantho photocards, and the AQI ranking table aligns well with standard air quality reporting templates."
KK_01_HLT_052.jpg,Real,Fake,0.44,The inclusion of commercial promotional branding ('বিকাশ' send money free) prominently integrated with a reputable news outlet's name ('কালের কণ্ঠ') strongly indicates a sponsored advertisement or fabricated photocard rather than standard editorial content.
KK_01_INT_002.jpg,Real,Fake,0.52,"The date shown at the top left reads '১১ জুন ২০২৬' (June 11, 2026), which is in the future, rendering this photocard fabricated."
KK_01_INT_004.jpg,Real,Fake,0.52,"The date shown at the top left reads '১১ জুন ২০২৬' (June 11, 2026), which is in the future, violating internal consistency and factual plausibility."
KK_01_INT_056.jpg,Real,Real,0.27,"The outlet identity, visual template consistency, and content plausibility strongly match the authentic Kaler Kantho reporting style regarding Han Kang winning the Nobel Prize in Literature."
KK_01_INT_061.jpg,Real,Fake,0.49,"The template includes commercial advertisements for a mobile financial service (bKash) directly integrated into the news photocard, which violates professional journalistic standards and indicates a fabricated or sponsored promotional image."
KK_01_INT_064.jpg,Real,Real,0.29,"The outlet identity, professional template design, and correct Bangla typography strongly match the authentic publishing style of Kaler Kantho."
KK_01_INT_105.jpg,Real,Real,0.26,"The photocard shows consistent visual branding of 'Kaler Kantho' with correct logo usage, professional layout, and plausible news framing typical of the outlet."
KK_01_INT_145.jpg,Real,Real,0.28,"The outlet identity, logo, template consistency, and professional Bangla editorial style strongly align with genuine content from Kaler Kantho."
KK_01_INT_160.jpg,Real,Fake,0.42,"The date displayed at the bottom left reads '১১ জুলাই ২০২৫' (11 July 2025), which is in the future relative to the current date of knowledge, making the photocard anachronistic."
KK_01_INT_180.jpg,Real,Fake,0.49,"The photocard combines a news headline from 'Kaler Kantho' at the top with prominent branding and promotional text from 'bKash' at the bottom, which is a known pattern for fabricated promotional or clickbait meme-cards."
KK_01_POL_001.jpg,Real,Fake,0.58,"The photocard claims the date is 11 June 2026, which is in the future, and lists Nahid Islam as 'বিরোধীদলীয় চিফ হুইপ ও আহ্বায়ক জাতীয় নাগরিক পার্টি', combining fabricated political roles that contradict known realities."
KK_01_POL_014.jpg,Real,Real,0.31,"The outlet branding for 'কালের কণ্ঠ', URL format, and standard professional typography strongly align with known authentic publication templates."
KK_01_POL_074.jpg,Real,Real,0.35,"The outlet branding, logo, URL, and template design strongly match the professional styling of Kaler Kantho, and the headline's language and content align with current political discourse in Bangladesh."
KK_01_POL_078.jpg,Real,Fake,0.59,Visual inconsistencies in the template elements and promotional branding at the bottom suggest digital manipulation or fabrication of the news photocard.
KK_01_POL_114.jpg,Real,Fake,0.52,"The photocard claims the person is a senior joint secretary of 'Jatiya Nagorik Party' (national citizen party), which is an anomalous title/party alignment compared to known political facts, and the font style diverges from standard Kaler Kantho design practices."
KK_01_POL_132.jpg,Real,Fake,0.49,"The date displayed at the bottom left is '০৩ এপ্রিল ২০২৫' (April 03, 2025), which is in the future relative to the current timeframe and known events, pointing to a fabricated future-dated photocard."
KK_01_SPT_038.jpg,Real,Real,0.15,"The outlet identity, professional template styling, factual plausibility of Bangladesh's historic cricket win against Pakistan, and standard editorial Bangla text all strongly support authenticity across the evaluated dimensions."
KK_01_SPT_042.jpg,Real,Real,0.22,"The outlet identity, logo, template consistency, and professional quality of the Bangla text strongly align with genuine publishing standards of Kaler Kantho."
KK_01_SPT_142.jpg,Real,Real,0.29,"The outlet identity, visual template consistency, and professional Bangla editorial style match the established publishing standards of Kaler Kantho."
PA_01_BIZ_011.jpg,Real,Fake,0.55,"The inclusion of a prominent Grameenphone Wi-Fi advertisement at the bottom of a news photocard violates professional branding standards, pointing to a sponsored or fabricated promotional graphic."
PA_01_BIZ_024.jpg,Real,Real,0.28,"The image maintains consistent visual templates, high-quality typography, and professional editorial style matching the standard branding of Prothom Alo."
PA_01_BIZ_028.jpg,Real,Real,0.34,"The outlet identity, visual template consistency, and professional Bangla editorial style match authentic publications by Prothom Alo, well-known for producing infographics with this distinct design."
PA_01_BIZ_049.jpg,Real,Fake,0.42,"The date listed is 7 April 2026, which is in the future, rendering the factual content anachronistic and internally inconsistent."
PA_01_BIZ_050.jpg,Real,Real,0.22,"The photocard shows consistent Prothom Alo branding (logo, domain, and font style), and the subject matter regarding industrial energy crises aligns with known global economic reporting."
PA_01_BIZ_070.jpg,Real,Real,0.24,"The typography, logo, and layout are consistent with authentic Prothom Alo photocards, and the news topic regarding soybean oil price adjustments aligns with realistic economic news in the region."
PA_01_BIZ_090.jpg,Real,Fake,0.43,"The fiscal year mentioned is 2025-26 with a date of June 2, 2025, which corresponds to a future date relative to real-world timelines, and contains noticeable visual artifacts indicating digital tampering."
PA_01_BIZ_112.jpg,Real,Real,0.19,"The outlet identity, professional typography, and layout match Prothom Alo's standard publishing template and editorial style across dimensions 1, 3, and 4."
PA_01_BIZ_120.jpg,Real,Real,0.33,"The photocard uses the standard branding, font, and layout style of Prothom Alo, and the headline regarding Bangladesh seeking alternatives to Indian imports for potatoes and onions aligns well with known geopolitical and economic contexts."
PA_01_BIZ_152.jpg,Real,Real,0.28,"The photocard uses the authentic Prothom Alo globe logo and domain styling, with professional Bangla typography and standard layout consistency across all text elements."
PA_01_BIZ_156.jpg,Real,Fake,0.48,"The date shows an impossible future year ('৮ এপ্রিল ২০২৬') while displaying current pricing trends, and the typography and visual template exhibit clear signs of manipulation inconsistent with professional news standards."
PA_01_BIZ_170.jpg,Real,Fake,0.5,"The date format in the top left ('১৪ মে ২০২৬') shows a future year (2026), making the photocard internally inconsistent and fabricated."
PA_01_BIZ_180.jpg,Real,Fake,0.49,"The date indicates Friday, 29 May 2026, which is in the future and structurally inconsistent with the publication format of this newspaper's archived photocards."
PA_01_BIZ_181.jpg,Real,Real,0.16,"The typography, logo branding of Prothom Alo, and overall visual layout are consistent with professional publication standards, exhibiting no signs of digital tampering or linguistic anomalies."
PA_01_CRM_001.jpg,Real,Real,0.29,"The outlet identity, logo, typography, and website domain 'prothomalo.com' match the standard professional publishing style and branding of Prothom Alo."
PA_01_CRM_022.jpg,Real,Real,0.17,"The outlet identity, logo, fonts, and layout are consistent with professional Prothom Alo standards, and the language quality and imagery match typical news reports."
PA_01_CRM_036.jpg,Real,Fake,0.53,"The date format in the bottom left ('৪ এপ্রিল ২০২৬') is set in the future, and the data percentages across social strata are contradictory and implausible, failing both internal consistency and factual plausibility."
PA_01_CRM_038.jpg,Real,Fake,0.56,"The language quality of the headline contains awkward phrasing and clickbait characteristics atypical of professional news outlets like Prothom Alo, and the visual template shows signs of mismatched fonts and digital editing."
PA_01_CRM_043.jpg,Real,Real,0.34,"The photocard displays consistent Prothom Alo branding, professional typography, and layout styling that align closely with the outlet's standard digital publishing format."
PA_01_CRM_046.jpg,Real,Fake,0.48,"The date shown in the photocard is '১৯ মে ২০২৬' (19 May 2026), which is in the future, indicating that the photocard was fabricated with an incorrect or anachronistic date."
PA_01_CRM_052.jpg,Real,Fake,0.57,"The date '২৯ মার্চ ২০২৬' in the bottom left refers to a future date that has not yet occurred, indicating internal inconsistency and fabrication."
PA_01_CRM_064.jpg,Real,Real,0.23,"The photocard is visually consistent with Prothom Alo's standard design templates, featuring correct branding elements, professional layout, and plausible news reporting style regarding extortion at terminals."
PA_01_CRM_076.jpg,Real,Real,0.32,"The outlet identity, logo branding, and Prothom Alo font styling are consistent with real published photocards, and the viral Uttara incident matches known news reports."
PA_01_CRM_081.jpg,Real,Fake,0.41,"The date shown is 27 March 2025, which is in the future relative to current knowledge, indicating a fabrication in the headline and date details."
PA_01_CRM_111.jpg,Real,Real,0.32,"The photocard displays authentic Prothom Alo branding, consistent professional font and layout standards, and aligns with widely reported news events regarding the identification of armed individuals during student protests in Bangladesh."
PA_01_CRM_115.jpg,Real,Real,0.34,"The typography, logo positioning, and professional layout align closely with Prothom Alo's standard digital photocard design, showing strong visual and language consistency across all elements."
PA_01_CRM_119.jpg,Real,Real,0.34,"The outlet identity, professional template, and clean Bangla typography match the standard publishing style of Prothom Alo."
PA_01_CRM_137.jpg,Real,Fake,0.47,"The date given ('২৬ আগস্ট ২০২৫' or August 26, 2025) is in the future relative to the current knowledge cutoff, indicating an anachronistic and fabricated photocard."
PA_01_CRM_144.jpg,Real,Fake,0.51,"The photocard contains an anachronistic future date ('১১ নভেম্বর ২০২৫') in the top header, which violates internal consistency and factual plausibility."
PA_01_CRM_145.jpg,Real,Fake,0.59,"The date listed ('১ ডিসেম্বর ২০২৫') is in the future relative to typical current publishing timelines, and the clickbait headline phrasing ('গায়েব', 'গেল কোথায়') contradicts professional editorial standards."
PA_01_CRM_147.jpg,Real,Fake,0.59,"The photocard shows a future date ('২২ ডিসেম্বর ২০২৫') which contradicts the present, alongside unnatural typographic inconsistencies under dimension 3."
PA_01_CRM_176.jpg,Real,Fake,0.45,"The date displayed is '২২ মে ২০২৬' (22 May 2026), which is in the future, violating internal consistency and factual plausibility."
PA_01_CRM_177.jpg,Real,Real,0.32,"The typography, logo branding, and layout closely match the professional style of Prothom Alo, and the text maintains standard journalistic phrasing with consistent internal context."
PA_01_DIS_008.jpg,Real,Fake,0.44,"The date listed is '২৫ মে ২০২৬' (25 May 2026), which is in the future, making the factual claim anachronistic and internally inconsistent."
PA_01_DIS_027.jpg,Real,Fake,0.46,"The date listed at the bottom is '২৯ এপ্রিল ২০২৬' (April 29, 2026), which is set in the future, indicating that the photocard has been fabricated."
PA_01_DIS_040.jpg,Real,Fake,0.51,"The date displayed is '২২ মার্চ ২০২৬' (22 March 2026), which is in the future based on known facts, making the photocard anachronistic and fake."
PA_01_DIS_093.jpg,Real,Fake,0.55,"The date shown at the bottom left ('২১ জুলাই ২০২৫') refers to a future date relative to the current timeframe, indicating fabrication in the internal consistency and content plausibility dimensions."
PA_01_DIS_106.jpg,Real,Fake,0.56,"The date visible on the photocard is 21 November 2025, which is set in the future and contradicts factual consistency. Additionally, the website domain format does not match Prothom Alo's standard typography."
PA_01_DIS_133.jpg,Real,Fake,0.51,"The date indicates '১৫ জুলাই ২০২৫' (July 15, 2025), which is in the future relative to current known real-world dates, indicating a fabricated or altered photocard."
PA_01_ENT_042.jpg,Real,Fake,0.57,"Factual plausibility and internal consistency indicate this is fake, as the 98th Academy Awards (Oscars 2026) have not occurred by the visible date of March 14, 2026, and the winners listed are fictional."
PA_01_ENT_142.jpg,Real,Fake,0.51,"The language quality dimension strongly indicates a fake, as professional news outlets like Prothom Alo do not use highly informal clickbait phrasing and laughter expressions like 'হা হা হা এটাই বাস্তব...' in their headlines."
PA_01_ENT_165.jpg,Real,Fake,0.54,"The date format in the photocard shows '৪ মে ২০২৬' (4 May 2026), which is in the future relative to current real-world dates, pointing to a fabricated or doctored photocard."
PA_01_ENT_182.jpg,Real,Fake,0.5,"The date listed at the bottom left is '৬ জুন ২০২৬', which is in the future, violating factual/content plausibility and internal consistency."
PA_01_HLT_005.jpg,Real,Fake,0.6,"The language quality and phrasing regarding measles ('হামের উপসর্গ') leading to such specific death statistics are inconsistent with standard professional reporting styles, and the photocard template elements show subtle inconsistencies."
PA_01_HLT_015.jpg,Real,Fake,0.54,"The date displayed is '১৭ মে ২০২৬' (May 17, 2026), which is in the future relative to the current time, indicating the photocard is fabricated."
PA_01_HLT_077.jpg,Real,Real,0.3,"The photocard exhibits standard Prothom Alo branding elements, clean font usage, and professional Bangla editorial style consistent with its authentic publishing format."
PA_01_HLT_091.jpg,Real,Fake,0.44,"The date listed in the photocard is '৯ জুন ২০২৫' (June 9, 2025), which is in the future relative to the current knowledge cutoff, making this an anachronistic or fabricated news card."
PA_01_HLT_092.jpg,Real,Real,0.34,"The outlet identity matches the standard branding and logo of Prothom Alo, and the language quality uses formal, professional Bangla editorial style consistent with public health announcements issued during the COVID-19 pandemic."
PA_01_HLT_140.jpg,Real,Fake,0.47,"The date listed in the image reads '২১ সেপ্টেম্বর ২০২৫' (21 September 2025), which is an anachronism placed in the future compared to the present time, rendering the factual content implausible."
PA_01_HLT_143.jpg,Real,Fake,0.5,"The date shown in the photocard is October 16, 2025 (১৬ অক্টোবর ২০২৫), which is in the future relative to the current timeframe, making the factual content and internal consistency impossible for a genuine past news publication."
PA_01_HLT_160.jpg,Real,Fake,0.59,"The date on the photocard says '২৪ এপ্রিল ২০২৬' (24 April 2026), which is in the future relative to the present knowledge cutoff, making the internal consistency and content plausibility invalid."
PA_01_HLT_171.jpg,Real,Fake,0.41,"The date '১৪ মে ২০২৬' (May 14, 2026) in the top left indicates a future date, creating a clear internal contradiction and factual implausibility."
PA_01_HLT_172.jpg,Real,Fake,0.56,"Dimension 5 and 6 reveal a blatant anachronism: the date displayed is 15 May 2026, which is in the future relative to the present knowledge cutoff."
PA_01_INT_002.jpg,Real,Real,0.17,"The photocard matches Prothom Alo's established branding, logo, font style, and layout conventions, with correct Bangla typography and professional journalistic tone."
PA_01_INT_019.jpg,Real,Fake,0.5,"The date displayed at the top ('১২ মে ২০২৬') is in the future relative to the current timeframe, which indicates fabrication of the news photocard."
PA_01_INT_026.jpg,Real,Fake,0.45,"The date displayed is '২ মে ২০২৬' (May 2, 2026), which is in the future. This internal inconsistency and anachronism violates dimension 5 and dimension 6."
PA_01_INT_053.jpg,Real,Fake,0.53,"The date displayed is March 27, 2026, which is in the future relative to the current real-world timeline, violating factual and internal consistency dimensions."
PA_01_INT_056.jpg,Real,Fake,0.6,"The date displayed is '১৪ মে ২০২৬' (May 14, 2026), which is in the future, revealing the photocard to be fabricated. Furthermore, the headline claims Saudi Arabia carried out airstrikes in Iraq, contradicting current geopolitical contexts presented in such a sensationalist manner."
PA_01_INT_069.jpg,Real,Real,0.33,"The typography, logo style, and web address align correctly with standard Prothom Alo photocard templates, and the reported news regarding Riffat Akter Banu's inclusion in BBC's 100 Women list is consistent with known facts."
PA_01_INT_075.jpg,Real,Fake,0.48,"The date listed is January 30, 2025, which is in the future relative to the knowledge cutoff and general timeframe of current events, making the content anachronistic and fabricated."
PA_01_INT_101.jpg,Real,Fake,0.47,"The photocard shows an anachronistic date ('৮ অক্টোবর ২০২৫') which has not yet occurred, making the factual content and internal consistency impossible for a current news report."
PA_01_INT_124.jpg,Real,Real,0.31,"The photocard shows consistent visual branding and typography matching Prothom Alo's standard design style, along with natural Bangla editorial phrasing and professional layout execution."
PA_01_INT_128.jpg,Real,Fake,0.52,"The date listed is '15 এপ্রিল ২০২৫' (April 15, 2025), which is set in the future relative to the current timeframe, making the factual content anachronistic and indicating fabrication."
PA_01_INT_146.jpg,Real,Fake,0.42,"The date at the bottom reads '16 ডিসেম্বর ২০২৫' (December 16, 2025), which is in the future relative to the historical event shown from 1971, indicating an anachronistic fabrication."
PA_01_INT_158.jpg,Real,Fake,0.41,"The date shown is 11 April 2026, which is in the future, meaning the reported lunar mission return has not happened yet according to known current facts."
PA_01_INT_163.jpg,Real,Fake,0.52,"The date displayed (2 May 2026) is in the future, and the combination of geopolitical claims involving the US and Germany contradicts internal timeline consistency and known facts."
PA_01_INT_166.jpg,Real,Fake,0.59,"Under factual and content plausibility (dimension 5), actor Joseph Vijay is not the Chief Minister of Tamil Nadu as claimed, and the date '10 মে ২০২৬' refers to a future date."
PA_01_INT_183.jpg,Real,Fake,0.5,"The date displayed is '১০ জুন ২০২৬' (June 10, 2026), which is set in the future relative to the present day, clearly indicating an anachronism and fabrication."
PA_01_POL_013.jpg,Real,Real,0.19,"The photocard exhibits standard layout, correct branding, and professional typography characteristic of Prothom Alo, aligning well with known news reporting styles and visual templates."
PA_01_POL_059.jpg,Real,Real,0.31,"The photocard shows consistent visual branding of Prothom Alo, standard professional Bangla editorial style, and plausibly reflects real political commentary attributed to Andalib Rahman Partho."
PA_01_POL_060.jpg,Real,Real,0.25,"The photocard displays authentic Prothom Alo branding, consistent professional font and layout standards, and aligns with widely known news coverage regarding Abu Sayed's academic results."
PA_01_POL_061.jpg,Real,Real,0.27,"The outlet branding, URL, and font styling match the established Prothom Alo design language, and the content reflects well-documented government policy changes regarding job entry age limits."
PA_01_POL_067.jpg,Real,Real,0.21,"The photocard exhibits high visual and template consistency with Prothom Alo's standard design, and the language quality and factual context regarding the newly appointed Chief Election Commissioner AMM Nasir Uddin match authentic news reporting from late 2024."
PA_01_POL_078.jpg,Real,Real,0.15,"The outlet branding, URL, and visual template are consistent with Prothom Alo's standard digital publishing style, and the Bangla text shows proper editorial quality and alignment with current political developments."
PA_01_POL_085.jpg,Real,Fake,0.55,"The date shown at the bottom left ('১২ মে ২০২৫' - May 12, 2025) is in the future relative to the current timeframe, indicating the photocard is fabricated."
PA_01_POL_086.jpg,Real,Fake,0.53,"The date format in the bottom left corner displays an anachronistic year ('১২ মে ২০২৫'), and the structural layout does not match standard professional news templates."
PA_01_POL_100.jpg,Real,Real,0.21,"The photocard uses correct branding for Prothom Alo with consistent typography, and the headline and image align well with credible investigative political reporting."
PA_01_POL_103.jpg,Real,Fake,0.5,"The date listed is '১৬ অক্টোবর ২০২৫' (October 16, 2025), which is in the future relative to the current time, making the factual/content plausibility impossible and indicating digital fabrication."
PA_01_POL_108.jpg,Real,Fake,0.43,"The date listed at the bottom is '২৫ ডিসেম্বর ২০২৫' (December 25, 2025), which is in the future relative to the current knowledge cutoff and timeframe, exposing it as a fabricated photocard."
PA_01_POL_109.jpg,Real,Real,0.24,"The photocard's branding, URL (prothomalo.com), visual template, and typography closely match the established publishing style of Prothom Alo, and the headline reflects known public statements by Dr. Muhammad Yunus published around October 2024."
PA_01_POL_113.jpg,Real,Real,0.21,"The outlet branding matches Prothom Alo's standard digital photocard style, and the news regarding Barrister Suman's arrest in October 2024 aligns with well-documented public events."
PA_01_POL_116.jpg,Real,Real,0.15,"The photocard matches the branding, visual template, and news style of Prothom Alo, and the headline and image align well with statements made by Chief Advisor Dr. Muhammad Yunus regarding the election process."
PA_01_POL_118.jpg,Real,Real,0.34,"The typography, logo branding, and layout closely match the established style of Prothom Alo's digital photocards, and the text adheres to standard professional Bangla editorial style."
PA_01_POL_122.jpg,Real,Real,0.27,"The photocard shows consistent visual styling, standard Bangla typography, and an accurate logo and domain matching the known publishing style of Prothom Alo."
PA_01_POL_135.jpg,Real,Fake,0.57,"The date shown on the photocard is '৫ আগস্ট ২০২৫' (5 August 2025), which is an anachronism for an event that occurred in August 2024, indicating a fabricated or altered photocard."
PA_01_POL_150.jpg,Real,Fake,0.54,"The photocard is fake based on factual implausibility, as the date given (30 December 2025) is in the future relative to known timelines, and the language adopts a sensationalist, unprofessional clickbait tone atypical of standard news reporting by Prothom Alo."
PA_01_POL_185.jpg,Real,Fake,0.52,"The date listed at the top left ('১০ জুন ২০২৬') is in the future, and the headline phrasing alongside the layout inconsistencies indicate a fabricated photocard."
PA_01_SPT_004.jpg,Real,Fake,0.56,"The date indicates June 6, 2026, which is in the future, and the headline describes a football match between Bangladesh and San Marino that is implausible and contradicts known sporting events."
PA_01_SPT_037.jpg,Real,Fake,0.51,"The date displayed is '১ এপ্রিল ২০২৬' (April 1, 2026), which is in the future, rendering the factual content implausible and the internal consistency flawed."
PA_01_SPT_049.jpg,Real,Fake,0.52,"The headline claims Prime Minister Tariq Rahman congratulated the team, which is factually incorrect and fabricated based on the current political leadership of Bangladesh, pointing to a severe issue in factual and content plausibility."
PA_01_SPT_099.jpg,Real,Real,0.35,"The outlet branding matches Prothom Alo's standard digital card template, and the language quality is consistent with professional news editing."
PA_01_SPT_105.jpg,Real,Fake,0.58,"The date listed in the footer is '২০ নভেম্বর ২০২৫' (20 November 2025), which is in the future, violating internal consistency and factual plausibility."
PA_01_SPT_127.jpg,Real,Real,0.3,"The outlet branding, logo, font style, and URL match the standard publishing format of Prothom Alo, and the language quality is consistent with professional news editorial style."
PA_01_SPT_161.jpg,Real,Real,0.24,"The photocard displays authentic branding of Prothom Alo, correct Bangla typography, and depicts the well-known traditional wrestling event 'Jabbarer Boli Khela' consistent with professional news standards."
PA_01_SPT_164.jpg,Real,Fake,0.53,"The date shows '২ মে ২০২৬' (May 2, 2026), which is in the future, yet the headline and caption discuss the World Cup in the US as if it is currently happening or uncertain in a way that contradicts known scheduling and timeline constraints."
SM_01_BIZ_023.jpg,Real,Fake,0.49,"The headline discusses jackfruit (কাঁঠাল) opening new export possibilities, yet the attached image clearly shows a massive pile of mangos, demonstrating a severe mismatch between headline and visual content."
SM_01_BIZ_046.jpg,Real,Real,0.31,"The photocard correctly displays Samakal's established branding, logo, and font hierarchy, with clean Bangla typography and high visual and internal consistency regarding staple commodity pricing news."
SM_01_BIZ_049.jpg,Real,Real,0.32,"The outlet identity, visual template consistency, and professional Bangla editorial style match the established publishing standards of Samakal, aligning well with known current events regarding garment worker protests."
SM_01_BIZ_226.jpg,Real,Fake,0.51,"The date listed at the bottom is Saturday, 30 May 2026, which is in the future and does not correspond to a valid calendar date for Saturday (May 30, 2026 is actually a Saturday, but the year format and timeline consistency for this ongoing ministry context indicate an anachronism/fake generation)."
SM_01_CRM_133.jpg,Real,Real,0.21,The photocard shows consistent visual branding of Samakal with professional typography and plausible news content regarding a theft recovery incident in Pallabi.
SM_01_CRM_231.jpg,Real,Fake,0.49,"The visual/template consistency dimension shows clear signs of digital manipulation, particularly with mismatched text quality and poor font rendering in the headline compared to standard news templates."
SM_01_DIS_021.jpg,Real,Real,0.32,"The photocard shows professional visual consistency, clear Bangla typography aligned with standard editorial styles, and content depicting a common, plausible scenario of waterlogging in Dhaka after heavy rain."
SM_01_DIS_043.jpg,Real,Real,0.21,"The photocard shows correct branding for Samakal with appropriate visual template consistency, standard Bangla typography, and a plausible headline about weather conditions."
SM_01_DIS_224.jpg,Real,Fake,0.58,"The date shown at the bottom is 'শনিবার, ৩০ মে ২০২৬', which places the publication date in the future (May 2026), indicating a fabricated photocard."
SM_01_ENT_022.jpg,Real,Real,0.16,The language quality of the Bangla headline and the visual consistency of the social media handles align with standard promotional templates used by established media outlets on World Music Day.
SM_01_ENT_035.jpg,Real,Real,0.19,"The photocard shows consistent visual branding for Samakal, proper Bangla typography with standard editorial style, and aligns with professional news design patterns."
SM_01_ENT_233.jpg,Real,Real,0.26,"The photocard shows authentic branding for Somokal with correct logo typography, and the headline details a well-publicized controversy involving a 'Laapataa Ladies' actor going live in tears over unpaid wages, which aligns with general entertainment news reports."
SM_01_HLT_013.jpg,Real,Real,0.24,"The language quality is professional standard Bangla and the content is plausible regarding Vitamin A capsule distribution campaigns, aligning with standard news reporting on public health."
SM_01_HLT_048.jpg,Real,Real,0.33,"The photocard matches the branding and layout style of Samakal, featuring professional editorial standards in language and visual design without noticeable digital editing artifacts."
SM_01_HLT_127.jpg,Real,Fake,0.48,The visual template and commercial branding at the bottom display severe signs of manipulation and non-standard styling that do not match the professional layout of the news outlet Samakal.
SM_01_INT_017.jpg,Real,Fake,0.59,"The photocard lacks a visible news outlet logo and branding, showing poor layout consistency and generic presentation typical of fabricated social media cards."
SM_01_POL_025.jpg,Real,Fake,0.41,The visual template and commercial branding (bKash ads prominently displayed over a news card) strongly indicate a fabricated photocard violating professional news outlet consistency.
SM_01_POL_029.jpg,Real,Real,0.21,"The visual template, typography, and logo branding accurately match Samakal's established style, and the text follows standard professional journalistic Bangla without formatting errors."
SM_01_POL_030.jpg,Real,Real,0.21,"The visual template, typography, and logo accurately match the known branding style of the Daily Samakal news outlet, and the content aligns with well-documented historical events from August 5, 2024."
SM_01_POL_032.jpg,Real,Real,0.21,"The language quality of the headline is professional, and both visual template consistency and factual plausibility align well with actual news reporting regarding the interim government in Bangladesh and India."
SM_01_POL_041.jpg,Real,Real,0.22,"The typography, logo branding for Samakal, and template design align with authentic Bangladeshi news photocards, and the quote attributed to Asif Mahmud is consistent with known political statements from that period."
SM_01_POL_045.jpg,Real,Real,0.3,"The visual template, typography, branding of the news outlet Samakal, and natural language phrasing align consistently with professional standards and known publication styles."
SM_01_POL_116.jpg,Real,Real,0.16,"The photocard shows consistent visual branding for Samakal with correct typography, logo styling, and standard editorial phrasing in Bangla, aligning well with professional news publishing standards."
SM_01_POL_179.jpg,Real,Fake,0.49,The language and typography in the headline show subtle inconsistencies in font rendering compared to standard professional templates used by mainstream news outlets.
SM_01_POL_205.jpg,Real,Fake,0.59,"The date shown at the top is Thursday, January 1, 2026, which is an anachronism for the current timeline, and the headline phrasing resembles clickbait rather than standard professional editorial style."
SM_01_SPT_181.jpg,Real,Fake,0.56,"The date shown is 'বুধবার, ১৬ জুলাই ২০২৫', which is an impossible date since July 16, 2025, is a Wednesday but the current date context and calendar validation for upcoming years shows anomalies, and the overall template style and typography deviate from standard Somakal publications."
SM_01_SPT_237.jpg,Real,Fake,0.44,"Factual and content plausibility strongly suggests this is fabricated, as the headline bizarrely pairs unrelated sports teams (Algeria, Austria, Iran) in a nonsensical context."
ST_01_BIZ_003.jpg,Real,Fake,0.54,"The date '১২ জুন ২০২৬' (June 12, 2026) in the footer is set in the future relative to current real-world dates, pointing to a fabricated or improperly generated photocard."
ST_01_BIZ_040.jpg,Real,Real,0.26,"The visual template, logo of Somoy TV, typography, and headline phrasing are highly consistent with professional Bangladeshi broadcast news standards, aligning with known media reporting practices."
ST_01_BIZ_043.jpg,Real,Fake,0.53,"The photocard is fake due to internal inconsistency and anachronistic elements, specifically the date '০৩ জুন ২০২৬' (June 03, 2026) which is in the future relative to the present knowledge cutoff."
ST_01_CRM_017.jpg,Real,Fake,0.49,"The date shown at the bottom is '০৭ জুন ২০২৬' (June 7, 2026), which is in the future. This internal inconsistency regarding the timeline makes the photocard fabricated."
ST_01_CRM_066.jpg,Real,Fake,0.51,"The date listed at the bottom left reads '২৫ মে ২০২৬' (May 25, 2026), which is in the future, indicating that the photocard has been fabricated."
ST_01_CRM_072.jpg,Real,Real,0.17,"The outlet identity, logo, typography, and website domain accurately match the branding and layout style of Somoy TV, and the language quality aligns with professional news reporting."
ST_01_CRM_077.jpg,Real,Fake,0.44,"The language quality dimension strongly indicates fabrication, as professional news outlets do not use bizarre formatting with random apostrophes inside words like 'ধ'র্ষ'ণে'র' and 'লা'ঞ্ছিত'."
ST_01_CRM_090.jpg,Real,Fake,0.51,"The date at the bottom reads '০৯ মে ২০২৬' (May 09, 2026), which is set in the future relative to the current time, indicating the photocard is fabricated."
ST_01_CRM_124.jpg,Real,Fake,0.42,"The language quality dimension strongly indicates fabrication, as the headline uses unnatural symbol separation (""ধ/র্ষ/ণে/র"") to intentionally bypass content moderation filters, which is not a practice used by professional news outlets like Somoy TV."
ST_01_CRM_145.jpg,Real,Fake,0.56,"The date shown at the bottom ('২৮ এপ্রিল ২০২৬') is in the future relative to the current timeframe, which indicates a fabricated or manipulated photocard."
ST_01_DIS_011.jpg,Real,Fake,0.59,"Dimension 5 (Factual/content plausibility) and Dimension 6 (Internal consistency) strongly indicate fabrication, as the date shown is 09 June 2026, which is in the future relative to the current timeframe, meaning this news card is anachronistic and fake."
ST_01_DIS_058.jpg,Real,Fake,0.52,"The date listed at the bottom shows '৩০ মে ২০২৬', which is set in the future and contradicts internal consistency and factual plausibility."
ST_01_DIS_060.jpg,Real,Fake,0.5,"The date shown at the bottom left ('২৯ মে ২০২৬') is set in the future relative to the current real-world timeline, exposing the photocard as a fabricated or altered item."
ST_01_DIS_073.jpg,Real,Fake,0.46,"The date listed in the bottom left ('২১ মে ২০২৬') is in the future relative to the present day, making the internal consistency and factual plausibility impossible."
ST_01_ENT_063.jpg,Real,Fake,0.53,"The date listed at the bottom is '২৬ মে ২০২৬' (May 26, 2026), which is in the future, indicating that the photocard has been fabricated or edited with an incorrect year."
ST_01_HLT_009.jpg,Real,Fake,0.55,The language quality dimension reveals unnatural phrasing and a clickbait tone with euphemistic slash marks ('মৃ/ত্যু') atypical of professional news broadcasting standards.
ST_01_HLT_087.jpg,Real,Fake,0.41,"The date visible at the bottom ('১০ মে ২০২৬') refers to a future year (2026), making the photocard anachronistic and fabricated."
ST_01_INT_012.jpg,Real,Fake,0.44,"The date displayed at the bottom ('০৯ জুন ২০২৬') is in the future, and the headline combines exaggerated clickbait phrasing with formatting inconsistencies typical of fabricated social media photocards."
ST_01_INT_015.jpg,Real,Fake,0.48,"The date shown at the bottom left ('০৮ জুন ২০২৬') is set in the future, which strongly indicates a fabricated photocard."
ST_01_INT_023.jpg,Real,Fake,0.55,"The photocard uses unusual hyphenations and punctuation marks in the Bangla text (such as 'গা'জাগামী' and 'ই'স'রা'ই'লি') to intentionally bypass automated content moderation filters, which is a common hallmark of fabricated social media cards rather than professional editorial standards."
ST_01_INT_033.jpg,Real,Real,0.27,"The outlet identity, logo, layout, and Bangla typography closely match standard templates used by Somoy News for reporting ongoing conflict events, showing consistent visual elements and professional formatting."
ST_01_INT_035.jpg,Real,Fake,0.42,"The photocard uses the logo of Somoy TV, but the headline features bizarre phrasing, unusual spacing, and misformatted quotation marks ('হ'ত্যা করার') that are inconsistent with professional editorial standards and suggest digital fabrication."
ST_01_INT_041.jpg,Real,Fake,0.46,"The date listed at the bottom left is '০৪ জুন ২০২৬' (June 4, 2026), which is in the future, indicating that the photocard has been fabricated with a fake future date."
ST_01_INT_045.jpg,Real,Fake,0.56,"The date displayed at the bottom ('০৩ জুন ২০২৬') is set in the future, which indicates an anachronism and inconsistency typical of fabricated photocard templates."
ST_01_INT_070.jpg,Real,Fake,0.42,"The date listed at the bottom left ('২৩ মে ২০২৬') is set in the future, which is an obvious indicator of fabrication based on internal consistency."
ST_01_INT_071.jpg,Real,Fake,0.5,"The image uses an AI-generated illustration rather than real news photography, and the headline tone is unprofessionally sensationalist with aggressive punctuation, which violates the standard visual and editorial consistency of professional news outlets."
ST_01_INT_081.jpg,Real,Fake,0.56,"The date shown at the bottom left is '১৭ মে ২০২৬' (May 17, 2026), which is in the future, indicating that the photocard has been fabricated or improperly edited."
ST_01_INT_084.jpg,Real,Fake,0.51,"The date listed at the bottom left ('১২ মে ২০২৬') is set in the future, which is inconsistent with known current events and reveals the photocard to be fabricated."
ST_01_INT_093.jpg,Real,Fake,0.42,"The date displayed at the bottom ('০৭ মে ২০২৬') is set in the future, indicating that the photocard has been fabricated or tampered with."
ST_01_INT_119.jpg,Real,Fake,0.41,"The language quality dimension strongly indicates a fake, as professional news outlets do not use sensationalized clickbait phrasing like 'ফোলাপ ফাঁস' combined with quotation marks around the word হত্যার."
ST_01_INT_126.jpg,Real,Fake,0.51,"The photocard shows signs of non-standard font rendering and clickbait framing typical of fabricated social media cards, while the extreme claim regarding actor Vijay and his parents lacks credibility under linguistic and factual evaluation."
ST_01_INT_128.jpg,Real,Fake,0.52,"The date shown at the bottom ('০৫ মে ২০২৬') is in the future, and the Bangla text contains formatting and phrasing anomalies inconsistent with professional editorial standards."
ST_01_INT_129.jpg,Real,Real,0.28,"The outlet identity, template styling, professional Bangla typography, and URL all align consistently with standard Somoy News publishing practices."
ST_01_INT_130.jpg,Real,Fake,0.49,"The language quality and factual plausibility dimensions indicate this is fake, as Donald Trump did not make a statement threatening to wipe Iran off the face of the earth in May 2026, and the phrasing and tone show signs of fabricated sensationalism."
ST_01_INT_132.jpg,Real,Fake,0.5,"The date listed at the bottom left ('৪ মে ২০২৬') is in the future, revealing the photocard to be fabricated."
ST_01_INT_135.jpg,Real,Fake,0.56,"The headline uses sensationalized, clickbait phrasing ('দক্ষিণ এশিয়ায় পুতিনের সেনারা আসছে, ভারতের চালে আমেরিকাকে পাল্টা মার রাশিয়ার') that strongly diverges from professional editorial standards and internal consistency."
ST_01_POL_006.jpg,Real,Fake,0.58,"The date visible on the photocard is June 2026, which is in the future, making the claimed budget news for that year anachronistic and fabricated."
ST_01_POL_027.jpg,Real,Fake,0.59,"The date shown at the bottom right ('১৬ এপ্রিল ২০২৫') is in the future relative to the timeline of recent events, and the visual/template elements show compression anomalies indicative of fabrication."
ST_01_POL_032.jpg,Real,Real,0.28,"The visual template, typography, and logo accurately match Somoy TV's standard professional news photocard style, and the language quality is consistent with professional journalistic writing."
ST_01_POL_082.jpg,Real,Fake,0.4,"The date displayed at the bottom left reads '১৬ মে ২০২৬' (May 16, 2026), which is in the future relative to the current time, indicating the photocard is fabricated."
ST_01_POL_094.jpg,Real,Fake,0.54,"The date displayed at the bottom is '০৬ মে ২০২৬' (May 6, 2026), which is in the future relative to current real-world dates, indicating a fabricated or anachronistic photocard."
ST_01_POL_096.jpg,Real,Real,0.35,"The photocard features standard branding from Somoy TV with consistent visual styling, professional typography, and a plausible news headline matching the reported political events surrounding Khaleda Zia."
ST_01_POL_098.jpg,Real,Fake,0.53,"The date listed in the bottom right corner ('৩১ ডিসেম্বর ২০২৪') conflicts with the visual content and known timeline of events, and the text styling shows signs of digital manipulation common in fabricated photocards."
ST_01_POL_103.jpg,Real,Real,0.19,"The outlet branding (Somoy TV logo) and typography are consistent with professional templates, and the depicted news event aligns with known political protests in Bangladesh."
ST_01_POL_122.jpg,Real,Fake,0.46,The visual template inconsistency and lack of factual plausibility regarding the date and context strongly indicate a fabricated photocard.
ST_01_POL_127.jpg,Real,Fake,0.54,"The date visible at the bottom ('০৫ মে ২০২৬') is set in the future (May 2026), making the photocard internally inconsistent and fabricated."
ST_01_POL_137.jpg,Real,Fake,0.48,"The date format in the footer ('০২ মে ২০২৬') refers to a date in the future (May 2026), which reveals it to be a fabricated photocard violating internal consistency and factual plausibility."
ST_01_SPT_002.jpg,Real,Fake,0.42,"The visual template exhibits signs of poor editing and inconsistent styling, and the claim regarding Paraguay and the United States conflicts with known facts about major soccer tournaments."
ST_01_SPT_019.jpg,Real,Fake,0.59,"The date listed at the bottom left is '০৬ জুন ২০২৬' (June 06, 2026), which is in the future relative to the present context, indicating a fabricated news photocard."
ST_01_SPT_029.jpg,Real,Fake,0.47,"The language quality and phrasing of the headline 'এনরিকের সঙ্গে আজীবন চুক্তির কথা ভাবছে পিএসজি' do not align with professional journalistic standards typical of standard sports news, and the date styling exhibits unusual elements."
ST_01_SPT_030.jpg,Real,Fake,0.4,"The date format at the bottom displays an impossible year in the future ('০২ অক্টোবর ২০২৫'), violating internal consistency and factual plausibility."
ST_01_SPT_044.jpg,Real,Fake,0.6,"The date shown at the bottom left is '০৩ জুন ২০২৬' (03 June 2026), which is in the future, rendering the photocard anachronistic and fake."
ST_01_SPT_052.jpg,Real,Real,0.29,"The outlet identity, branding elements, and visual template are consistent with Somoy News, and the text adheres to standard professional editorial style without obvious digital manipulation artifacts."
ST_01_SPT_055.jpg,Real,Fake,0.48,"The date listed at the bottom left is '৩১ মে ২০২৬' (31 May 2026), which is in the future, while the headline and visual template exhibit anomalies inconsistent with standard professional news production."
ST_01_SPT_091.jpg,Real,Fake,0.54,"The image features AI-generated illustrations, mismatched branding, and an anachronistic date indicating future events ('০৯ মে ২০২৬'), which contradicts professional publishing standards across visual and factual dimensions."
ST_01_SPT_095.jpg,Real,Fake,0.48,"The photocard exhibits inconsistencies in visual template elements, and the claim regarding a prediction agency correctly forecasting the last three World Cups is unverified and characteristic of fabricated clickbait content."
ST_01_SPT_113.jpg,Real,Real,0.18,"The visual template, logo, and typography align with Somoy TV's standard publishing style, and the text maintains professional editorial standards."
ST_01_SPT_131.jpg,Real,Fake,0.45,"The date listed at the bottom left is '০৪ মে ২০২৬' (May 04, 2026), which is in the future based on the current context, indicating a fabricated or anachronistic photocard."
ST_01_SPT_146.jpg,Real,Fake,0.49,"The date listed at the bottom left reads '২৭ এপ্রিল ২০২৬' (27 April 2026), which is in the future relative to the current timeframe, indicating this is a fabricated photocard."
BK_02_CRM_037.jpg,Fake,Fake,0.82,"The outlet name 'বালের কন্ঠ' (Baler Kantho) uses vulgar slang in place of a genuine media name, and the headline describes an absurd, satirical scenario typical of parody content rather than real news."
BK_02_CRM_040.jpg,Fake,Fake,0.76,"The photocard features a heavily edited meme image showing a pasted face on a police detainee and uses crude, informal slang (""বেটারি গলিতে"", ""ধরা খেলেন"") completely inconsistent with professional news editorial style."
BK_02_CRM_238.jpg,Fake,Fake,0.78,"The outlet name 'বালের কণ্ঠ' (Baler Kantho) uses vulgar slang ('বাালের') instead of a legitimate news outlet name, violating outlet identity and language quality standards."
BK_02_ENT_016.jpg,Fake,Fake,0.94,"The photocard uses vulgar slang and inappropriate language ('ফোঁড়া', 'গোয়া') atypical of any professional news outlet, combined with a parody branding ('কালের কণ্ঠ' altered to 'কালের কণ্ঠ' with humorous/offensive subtext)."
BK_02_ENT_017.jpg,Fake,Fake,0.87,"The outlet identity and headline use offensive slang and distorted branding ('বালের কণ্ঠ' instead of a professional news outlet name like 'কালের কণ্ঠ'), indicating fabrication."
BK_02_ENT_065.jpg,Fake,Fake,0.91,"The outlet identity and branding parody a real news outlet ('কালের কণ্ঠ') under a clearly satirical or altered name ('বালের কণ্ঠ'), and the language and headline adopt a meme-like clickbait tone ('বিয়ের রিভিউ চাচ্ছেন ভক্তরা') atypical of professional news journalism."
BK_02_ENT_087.jpg,Fake,Fake,0.76,The outlet name shown is 'বালের কণ্ঠ' (a profane distortion of 'কালের কণ্ঠ') which clearly indicates a fabricated parody or fake news photocard.
BK_02_ENT_090.jpg,Fake,Fake,0.85,"The outlet identity and logo use an intentionally altered and offensive name ('বালের কণ্ঠ' instead of a standard news outlet name), failing the outlet identity dimension completely."
BK_02_ENT_091.jpg,Fake,Fake,0.89,The outlet identity uses a distorted name ('বালের কণ্ঠ' instead of 'কালের কণ্ঠ') and the text contains crude slang and clickbait typical of satirical or fake meme pages.
BK_02_ENT_097.jpg,Fake,Fake,0.89,"The outlet name 'বালের কণ্ঠ' is an explicit profanity-based parody of a real news outlet, and the headline is absurd and satirical clickbait about a '78-year-old young woman', indicating it is a meme/fake photocard."
BK_02_ENT_125.jpg,Fake,Fake,0.91,"The outlet name 'বালের কন্ঠ' (Baler Kantho) uses an obscene slang word instead of a real news outlet name, and the headline humorously claims sending legal notice to give boiled potatoes ('সিদ্ধ আলু দিতে লিগ্যাল নোটিশ'), indicating satire or fake news."
BK_02_ENT_143.jpg,Fake,Fake,0.83,"The outlet identity 'বালের কণ্ঠ' is a deliberate, vulgar parody/fake version of the real Bangladeshi newspaper 'কালের কণ্ঠ' (Kaler Kantho), and the headline content is absurd and fabricated."
BK_02_ENT_151.jpg,Fake,Fake,0.87,"The outlet name 'বালের কণ্ঠ' is a vulgar satire/parody of the real newspaper 'কালের কণ্ঠ', and the content involves implausible satirical claims about Zaima Rahman receiving an award."
BK_02_ENT_221.jpg,Fake,Fake,0.89,"The photocard uses the logo of 'বালের কণ্ঠ' (a well-known parody/satire page known for fabricating absurd quotes) combined with implausible, humorous slang and slang-like phrasing in Bengali typical of satirical social media memes rather than real journalism."
BK_02_HLT_178.jpg,Fake,Fake,0.88,"The photocard uses the logo and branding of a satirical/parody page ('বালের কণ্ঠ' instead of a professional news outlet like 'কালের কণ্ঠ'), combined with an absurd and clickbait headline about staying in London for 17 years."
BK_02_HLT_193.jpg,Fake,Fake,0.87,"The outlet logo 'বালের কণ্ঠ' (Baler Kantho) is a well-known satirical/parody page mocking real news outlets, and the cartoon content combined with slang ('হম্বালীগ') clearly indicates satirical or fabricated content rather than professional journalism."
BK_02_INT_036.jpg,Fake,Fake,0.78,"The image is a digitally manipulated meme featuring a morphed face on Mahatma Gandhi's body, accompanied by a satirical headline and informal slang, violating multiple dimensions of visual and factual consistency."
BK_02_INT_068.jpg,Fake,Fake,0.78,"The language quality and factual content are entirely implausible and satirical/offensive, using explicit slang and heavily distorted names ('চোন্দন') that no professional news outlet would ever publish."
BK_02_INT_078.jpg,Fake,Fake,0.82,"The outlet name 'বালের কণ্ঠ' is a well-known satirical/parody page name containing explicit slang, and the image claims to show the Venezuelan president smoking behind the White House after being arrested in 2026, violating multiple aspects of internal consistency and factual plausibility."
BK_02_INT_082.jpg,Fake,Fake,0.95,"The content is highly implausible and uses informal slang (""আব্বা"") attributed to a world leader in a headline, combined with satirical branding, indicating a fabricated meme or satirical photocard."
BK_02_INT_116.jpg,Fake,Fake,0.95,"The outlet name 'বালের কণ্ঠ' is a vulgar parody of the real newspaper 'কালের কণ্ঠ', and the content claims absurd political scenarios, indicating severe language and factual manipulation."
BK_02_INT_119.jpg,Fake,Fake,0.94,"The content describes an absurd and fabricated scenario where North Korea launches missile attacks against Israel at Iran's request, violating factual plausibility and internal consistency."
BK_02_INT_176.jpg,Fake,Fake,0.76,"The photocard is fake because it falsely designates Suvendu Adhikari as the Chief Minister of West Bengal (পশ্চিমবঙ্গের মুখ্যমন্ত্রী), whereas he is actually an opposition leader, and contains satirical/mocking branding ('বালের কণ্ঠ')."
BK_02_INT_191.jpg,Fake,Fake,0.93,"The content is absurdly satirical and implausible, depicting Western figures like Donald Trump and Elon Musk joining a communist student union under a hammer-and-sickle flag, combined with informal slang in the media's name."
BK_02_INT_201.png,Fake,Fake,0.89,"The content and headline are absurd and satirical, falsely claiming that Narendra Modi did yoga in Kolkata and caused a pothole in the road, which clearly violates factual and content plausibility."
BK_02_POL_003.jpg,Fake,Fake,0.86,"The outlet name 'বালের কণ্ঠ' is a well-known satirical/parody variation of a real media outlet, and the headline uses unprofessional language characteristic of fabricated social media cards."
BK_02_POL_004.jpg,Fake,Fake,0.76,"The outlet name 'বালর কণ্ঠ' (Baler Kantho) is vulgar/abusive slang in Bengali and not a legitimate news publication, and the quoted statement attributes absurdly unprofessional and incriminating claims to a police commissioner."
BK_02_POL_006.jpg,Fake,Fake,0.92,"The outlet name 'বালের কণ্ঠ' is a vulgar parody/satire of a real news outlet, and the visible year '২০৩৫' in the date contradicts standard internal consistency and known timeline facts."
BK_02_POL_013.jpg,Fake,Fake,0.91,"The outlet identity and name ('বালের কণ্ঠ', a vulgar pun on a real newspaper name) completely mismatch standard news branding, and the content/headline is absurd satire involving parachuting into Dhaka."
BK_02_POL_018.jpg,Fake,Fake,0.91,"The content is absurd and satirical, claiming the Awami League is changing its name to 'Bangladesh Telegram League' accompanied by a mock logo, reflecting severe factual implausibility and non-standard tabloid-style satire."
BK_02_POL_025.jpg,Fake,Fake,0.94,"The outlet name 'বালের কণ্ঠ' uses explicit slang ('বালের') instead of a professional media name, and the text has an anachronistic future date of November 2025 combined with unrealistic political claims."
BK_02_POL_027.jpg,Fake,Fake,0.83,"The outlet identity and branding parody a real news organization with a vulgar/fabricated name ('বালের কণ্ঠ' instead of 'কালের কণ্ঠ'), and the language uses a non-standard clickbait tone, confirming it is a fabricated photocard."
BK_02_POL_029.jpg,Fake,Fake,0.87,"The outlet name 'বালের কণ্ঠ' is a vulgar parody of the real newspaper 'কালের কণ্ঠ', and the headline features extreme, sensationalist clickbait depicting a fabricated execution."
BK_02_POL_030.jpg,Fake,Fake,0.85,"The outlet name 'বালের কণ্ঠ' (Baler Kantho) is a vulgar parody/satire of the real newspaper 'কালের কণ্ঠ' (Kaler Kantho), which is further evidenced by the slogan 'পুরো নয় আংশিক সত্য' and poor language quality."
BK_02_POL_041.jpg,Fake,Fake,0.81,"The content and visual composition are extremely implausible and obviously fabricated, showing a digitally manipulated image where a famous celebrity is photoshopped alongside a religious figure in an absurd scenario, violating both factual plausibility and internal consistency."
BK_02_POL_042.jpg,Fake,Fake,0.75,"The outlet identity and name ('বালের কণ্ঠ') use vulgar slang, and the headline describes an absurd, fabricated scenario ('ঝগড়ায় চুল ছেঁড়াছিঁড়ির পরে...'), violating multiple editorial and linguistic dimensions."
BK_02_POL_046.jpg,Fake,Fake,0.92,"The outlet identity and branding ('বালের কণ্ঠ') use vulgar parody slang rather than a legitimate news organization, and the content presents fabricated inflammatory political statements."
BK_02_POL_048.jpg,Fake,Fake,0.89,"The outlet name 'বালের কন্ঠ' (Baler Kantho) uses vulgar slang in place of a genuine newspaper name, and the domain 'balerkantho.com' further confirms this satirical/fake fabrication."
BK_02_POL_050.jpg,Fake,Fake,0.8,"The outlet name 'বালের কণ্ঠ' (Baler Kantho) uses a profanity ('বাল') instead of a legitimate news outlet name, violating standard outlet identity and professional editorial norms."
BK_02_POL_052.jpg,Fake,Fake,0.83,"The outlet identity and branding ('বালের কণ্ঠ') are a vulgar parody of the real newspaper 'কালের কণ্ঠ', and the date '১২ ডিসেম্বর ২০২৫' is in the future."
BK_02_POL_053.jpg,Fake,Fake,0.94,"The outlet name 'বালের কণ্ঠ' is a deliberate parody/slang alteration of a real news outlet name ('কালের কণ্ঠ'), making the photocard fake across the outlet identity, language quality, and internal consistency dimensions."
BK_02_POL_054.jpg,Fake,Fake,0.8,"The outlet name 'বালের কণ্ঠ' is a well-known satirical/parody variation of the real newspaper 'কালের কণ্ঠ' (Kaler Kantho), reflecting poor language quality and outlet identity manipulation."
BK_02_POL_057.jpg,Fake,Fake,0.83,"The headline contains highly absurd and satirical language ('সিদ্ধ আলু দেওয়া জন্য আনিসকে ডিবি কার্যালয়ে আনা হয়েছে' - Anis was brought to the DB office for giving boiled potatoes), which contradicts standard professional news writing and exposes it as a meme."
BK_02_POL_058.jpg,Fake,Fake,0.94,"The outlet name 'বালের কন্ঠ' (Baler Kantho) uses vulgar slang in place of a genuine media name, and the text features clickbait framing characteristic of satirical or fake news pages."
BK_02_POL_060.jpg,Fake,Fake,0.86,"The image depicts a poorly manipulated deepfake or Photoshop creation showing a police officer arresting Sheikh Hasina, combined with the suspicious outlet branding 'বালের কণ্ঠ' which mimics a real news outlet format in a satirical or fabricated manner."
BK_02_POL_061.jpg,Fake,Fake,0.85,"The outlet name 'বালের কণ্ঠ' (Baler Kantho) is a well-known satirical/parody variation of a real media outlet name, and the headline uses highly informal, offensive, and cynical slang ('দু-একটা লাশ না পড়লে') that would never appear in professional news reporting."
BK_02_POL_064.jpg,Fake,Fake,0.91,The outlet identity is manipulated (showing 'বালের কণ্ঠ' instead of 'কালের কণ্ঠ') and the language quality and content use informal/offensive framing typical of fabricated memes rather than professional news writing.
BK_02_POL_070.jpg,Fake,Fake,0.79,"The outlet identity and language quality dimensions strongly indicate a fake, as the text contains informal, derogatory slang ('বালের কণ্ঠ') and unnatural wording typical of satirical or fabricated photocards."
BK_02_POL_071.jpg,Fake,Fake,0.78,"The outlet name 'বালের কণ্ঠ' uses offensive slang ('বাল') rather than a professional news name, and the text contains broken formatting and an implausible premise, failing language quality and outlet identity dimensions."
BK_02_POL_072.jpg,Fake,Fake,0.86,"The outlet identity and name ('বালের কণ্ঠ', which uses a vulgar play on words) clearly indicate a satirical or fabricated page, and the text employs informal slang ('রাজাকারের বাচ্চারা') which violates professional editorial standards."
BK_02_POL_073.jpg,Fake,Fake,0.91,"The outlet name at the top is misspelled as 'বালের কণ্ঠ' (a satirical distortion of Daily কালের কণ্ঠ), and the text contains casual/slang phrasing unusual for professional news."
BK_02_POL_074.jpg,Fake,Fake,0.94,"The outlet name 'বালের কণ্ঠ' is an offensive parody of a real news outlet, and the headline contains informal slang ('শিলংয়ে কটেজ আছে'), violating multiple criteria of outlet identity and language quality."
BK_02_POL_084.jpg,Fake,Fake,0.95,"Outlet identity: The news outlet's name 'বালের কণ্ঠ' is a vulgar/satirical parody name (using a slang term) mimicking a real media outlet, and the website domain shown ('balerkantho.com') matches this satirical/fake attribution."
BK_02_POL_088.jpg,Fake,Fake,0.85,"The photocard exhibits an anachronistic date ('১২ জানুয়ারি ২০২৬') well into the future, and the news outlet branding ('বালের কণ্ঠ') is a satirical/fake parody of genuine media outlets like 'কালের কণ্ঠ'."
BK_02_POL_089.jpg,Fake,Fake,0.93,"The outlet name, logo, and URL ('balerkantho.com') use explicit profanity/slang mocking a real major newspaper ('Kaler Kantho'), and the headline content is absurd and fabricated."
BK_02_POL_093.jpg,Fake,Fake,0.94,"The claim that a mainstream actress received nomination from Jamaat-e-Islami is factually absurd and implausible, failing the factual content plausibility dimension."
BK_02_POL_094.jpg,Fake,Fake,0.78,"The outlet name 'বালের কণ্ঠ' is a vulgar and satirical parody of a real news outlet, and the date visible in the image is in the future (January 2026), violating multiple consistency and outlet identity checks."
BK_02_POL_098.jpg,Fake,Fake,0.91,"The outlet name 'বালের কণ্ঠ' is a vulgar and satirical parody of the legitimate Bangladeshi newspaper 'কালের কণ্ঠ', exhibiting clear deliberate manipulation."
BK_02_POL_099.jpg,Fake,Fake,0.8,"The outlet identity and logo visibly distort the name of a well-known media outlet (Prothom Alo / Kaler Kantho), and the text contains inflammatory slang that is uncharacteristic of professional news reporting."
BK_02_POL_105.jpg,Fake,Fake,0.89,"Outlet identity evaluation reveals that 'বালের কণ্ঠ' is a parody or satirical distortion of the real news outlet 'কালের কণ্ঠ', confirmed by the slang/offensive word used in the name."
BK_02_POL_110.jpg,Fake,Fake,0.94,"The outlet name 'বালের কণ্ঠ' contains vulgar/offensive slang in place of a genuine media name, and the text uses highly informal phrasing typical of satirical or fabricated social media photocards."
BK_02_POL_111.jpg,Fake,Fake,0.95,"The content is factually absurd and manipulated, depicting an impossible event where a deepfaked face of Sheikh Hasina is superimposed onto a woman handing a flower to Tarique Rahman, contradicting known political realities."
BK_02_POL_117.jpg,Fake,Fake,0.85,"The outlet identity and name ('বালের কণ্ঠ') is a vulgar parody/slang distortion of a real news outlet name, combined with highly implausible satirical content showing a political figure holding bags of money with an absurd fabricated quote."
BK_02_POL_120.jpg,Fake,Fake,0.82,"The photocard exhibits severe factual and contextual implausibility under Dimension 5, attributing a bizarre and anachronistic statement comparing current political figures to international leaders, combined with questionable template consistency typical of fabricated social media memes."
BK_02_POL_127.jpg,Fake,Fake,0.8,The outlet identity and branding ('বালের কণ্ঠ' instead of a known legitimate outlet like 'কালের কণ্ঠ') and the anachronistic date ('১৩ মার্চ ২০২৬') clearly indicate this photocard is fabricated.
BK_02_POL_130.jpg,Fake,Fake,0.86,"The outlet identity and branding text 'বালের কণ্ঠ' is an explicit satirical or abusive parody of the real news outlet 'কালের কণ্ঠ', violating standard professional outlet identity and language quality dimensions."
BK_02_POL_131.jpg,Fake,Fake,0.89,"The outlet identity and language quality show clear signs of a satirical or fabricated meme photocard, using a vulgar parody of a well-known newspaper name and an absurd headline paired with an image of an elephant."
BK_02_POL_132.jpg,Fake,Fake,0.85,"The photocard attributes a fabricated title ('acting prime minister') to Salahuddin Ahmed during the supposed absence of Prime Minister Tarique Rahman, which contradicts factual political realities and dates (March 2026)."
BK_02_POL_136.jpg,Fake,Fake,0.92,"The outlet identity and logo ('বালের কন্ঠ') are a parody/vulgar alteration of a known authentic media outlet ('কালের কণ্ঠ'), and the domain 'balerkantho.com' confirms this fraudulent fabrication."
BK_02_POL_139.jpg,Fake,Fake,0.89,"The language quality of the headline incorporates informal slang ('জুতা চুরি, অভিযোগ ভাবি হাজ্জাজ দিকে') and a satirical tone typical of meme pages rather than professional journalism, while the outlet branding 'বালের কন্ঠ' mimics a known satirical page."
BK_02_POL_140.jpg,Fake,Fake,0.82,"The visual template and text contain bizarre, fabricated content (claiming a politician is pregnant with 'July' as the father of the nation) and use a satirical or altered outlet name, violating internal consistency and factual plausibility."
BK_02_POL_142.jpg,Fake,Fake,0.88,"The outlet identity uses a vulgar modification of the popular daily newspaper 'Kaler Kantho' ('কালের কণ্ঠ'), transforming it into 'বালের কণ্ঠ' with a slang word, which directly exposes it as a satirical or fabricated photocard."
BK_02_POL_145.jpg,Fake,Fake,0.8,"The outlet name 'বালের কণ্ঠ' is a well-known satirical/parody variation of the legitimate newspaper 'কালের কণ্ঠ', and the headline uses offensive slang in its branding and title."
BK_02_POL_152.jpg,Fake,Fake,0.77,"The outlet name 'বালের কণ্ঠ' (Baler Kantho) is a parody/satirical corruption of the real newspaper 'কালের কণ্ঠ' (Kaler Kantho), and the text contains absurd, satirical claims violating internal consistency and factual plausibility."
BK_02_POL_153.jpg,Fake,Fake,0.87,"Outlet identity and visual consistency analysis show that the logo says 'বালের কণ্ঠ' (a derogatory slang-based parody of the real newspaper 'কালের কণ্ঠ') and uses unprofessional phrasing in the headline, indicating a fabricated satire/troll photocard."
BK_02_POL_156.jpg,Fake,Fake,0.92,"The outlet name 'বালের কণ্ঠ' is a parody/profane alteration of a real news outlet, and the text contains crude slang and satire ('কেরেলা থেকে ওবায়দুল কাদের') inconsistent with professional journalism."
BK_02_POL_157.jpg,Fake,Fake,0.88,"The outlet name 'বালের কণ্ঠ' is a well-known satirical/parody page name ('baler kantho' uses slang for trash/useless), and the headline uses highly informal, mocking phrasing regarding a political organization."
BK_02_POL_162.jpg,Fake,Fake,0.94,"The photocard uses the name 'বালের কণ্ঠ' (Baler Kantho), which is a satirical and offensive parody of a legitimate news outlet name, combined with absurd headline text typical of social media satire or fabrication."
BK_02_POL_163.jpg,Fake,Fake,0.88,"The outlet name 'বালের কণ্ঠ' is a vulgar parody of a real newspaper ('কালের কণ্ঠ'), and the informal, sensationalist language with an image of a generic person labeled 'defeated vpi abid' points strongly to fabrication."
BK_02_POL_164.jpg,Fake,Fake,0.8,"The content is absurd and satirical, featuring a made-up 'Gastric Card' for mothers and sisters and attributing it to 'Prime Minister Card Rahman', alongside a distorted logo and branding of a known satirical or fake news page."
BK_02_POL_170.jpg,Fake,Fake,0.89,"The photocard uses the name 'बालের কণ্ঠ' (a vulgar parody name) instead of a real news outlet, and the headline combines derogatory political satire with an absurd claim, violating all standards of professional news outlets."
BK_02_POL_172.jpg,Fake,Fake,0.9,"The content and headline are absurdly satirical, blending a Bangladeshi student political body with an Iranian supreme leader's name (আবিদউল্লাহ খামেনী), indicating a fabricated meme rather than a professional news outlet photocard."
BK_02_POL_173.jpg,Fake,Fake,0.82,"The outlet name 'বালের কন্ঠ' uses explicit slang ('বাল') instead of a professional news name, and the text employs a humorous, clickbait style atypical of genuine media."
BK_02_POL_175.jpg,Fake,Fake,0.82,"Factual plausibility and internal consistency strongly indicate fabrication, as the concept of an 'undivided Pakistan agreement' involving contemporary officials is historically absurd and anachronistic, combined with the date being set in the future (09 May 2026)."
BK_02_POL_177.jpg,Fake,Fake,0.89,"The photocard uses the name and logo of a known outlet but misspells/modifies it (the logo and font are satirical/parody, reading 'বালের কণ্ঠ' instead of a standard professional news agency style), and the inflammatory, clickbait headline lacks factual grounding."
BK_02_POL_179.jpg,Fake,Fake,0.79,The outlet identity and branding use the satirical/fictitious name 'বালের কণ্ঠ' (a parody of Prothom Alo) which indicates a satirical or fabricated meme page rather than a professional news outlet.
BK_02_POL_182.jpg,Fake,Fake,0.84,The photocard contains factual implausibility and inconsistent internal context regarding future dates and timelines inconsistent with current events involving Sheikh Hasina.
BK_02_POL_183.jpg,Fake,Fake,0.85,"The text features sensationalist and absurd clickbait framing ('ডা্কসু নেতৃবৃন্দ চীনে পালাচ্ছেন'), and the outlet logo/branding ('বালের কণ্ঠ') mimics a satirical/parody style rather than a legitimate news agency."
BK_02_POL_198.jpg,Fake,Fake,0.9,"The language quality and content plausibility strongly indicate fabrication, using sarcastic slang ('তুমি ফিরে আসো। কেউ তোমাকে কিছু বলবে না') and targeting a high-ranking government official in a satirical missing persons format typical of meme pages rather than authentic news."
BK_02_POL_200.png,Fake,Fake,0.91,"The content is absurd and satirical, claiming Cristiano Ronaldo is changing his name to 'Zia Seven' to join the BNP, and the outlet logo appears to be a parody variation ('বালের কণ্ঠ' instead of a standard professional outlet)."
BK_02_POL_202.jpg,Fake,Fake,0.94,"The photocard claims the budget year is 2026-27 with a protest date of 13 June 2026, which is in the future relative to current real-world timelines, and contains satirical naming ('বালের কণ্ঠ')."
BK_02_POL_206.jpg,Fake,Fake,0.87,"The headline contains extreme vulgar slang ('পোন্দে আঙ্গুল দিলেন') and a satirical tone completely atypical of professional news outlets, and the outlet logo ('বালের কন্ঠ') parodies a real media name."
BK_02_POL_213.png,Fake,Fake,0.93,"The outlet identity uses a vulgar parody name ('বালের কণ্ঠ' instead of a real outlet like 'কালের কণ্ঠ'), making the photocard fake."
BK_02_POL_226.jpg,Fake,Fake,0.75,"The image features blatantly doctored faces of prominent political figures photoshopped onto a historical 1971 war photograph, and the outlet name 'বালের কণ্ঠ' is a vulgar parody of a real newspaper."
BK_02_POL_232.jpg,Fake,Fake,0.82,"The language quality and factual content plausibility are highly suspicious, featuring extreme, satirical phrasing ('বসে বসে খাবে তারা') attributed to a student leader in a style uncharacteristic of professional journalism."
BK_02_POL_236.jpg,Fake,Fake,0.91,"The outlet identity shows a distorted and incorrect name ('বালের কণ্ঠ' instead of 'কালের কণ্ঠ') and logo, which is a common parody and fake news pattern."
BK_02_POL_240.jpg,Fake,Fake,0.79,"The outlet identity and branding text 'বালের কণ্ঠ' is a deliberate vulgar parody of the real newspaper 'কালের কণ্ঠ', pointing to a fake photocard."
BK_02_SPT_002.jpg,Fake,Fake,0.89,"The photocard combines a satirical or fabricated news outlet name ('বালের কণ্ঠ', a profanity play on 'কালের কণ্ঠ') with absurd, nonsensical content claiming Lionel Messi commented on winning the 13th national election ('ত্রয়োদশ নির্বাচনে জেতার পর আর কিছু চাওয়া থাকে না: মেসি')."
BK_02_SPT_015.jpg,Fake,Fake,0.8,"The outlet name 'বালের কণ্ঠ' is a vulgar play on words mimicking a real media outlet, and the headline uses unprofessional, slang-infused phrasing typical of satire pages."
BK_02_SPT_051.jpg,Fake,Fake,0.82,"The outlet name 'বালের কন্ঠ' (a vulgar parody of a real newspaper name) and the explicit, vulgar, and informal language used in the headline clearly indicate a fabricated social media meme rather than a professional news photocard."
BK_02_SPT_055.jpg,Fake,Fake,0.77,"The outlet name 'বালের কণ্ঠ' is a vulgar parody/satire of a real newspaper name, and the image depicts Lionel Messi next to a woman during what is textually described as an absurdly false premise about Argentina ('ইন্ডিয়ান যুবতির প্রেমের টানে আর্জেন্টিনা থেকে এক যুবকের আগমন')."
BK_02_SPT_059.jpg,Fake,Fake,0.77,"Outlet identity and visual/template consistency reveal a parody/fictional brand ('বালের কণ্ঠ' instead of a standard professional news outlet like 'কালের কণ্ঠ'), indicating the photocard is fabricated."
BK_02_SPT_075.jpg,Fake,Fake,0.89,"The content is absurd and factually impossible, depicting former Prime Minister Sheikh Hasina as a cricket player in KKR gear, which directly violates factual plausibility and internal consistency."
BK_02_SPT_092.jpg,Fake,Fake,0.76,"The outlet identity and branding mimic a known news page, but the headline uses highly informal, colloquial slang ('গালি বুকে চাপা নিয়ে') entirely inconsistent with standard professional journalism, pointing to digital manipulation (Dimension 1 & 4)."
BK_02_SPT_129.jpg,Fake,Fake,0.78,"The outlet identity and logo branding ('বালের কণ্ঠ') use a profane play on words ('বাল') instead of a legitimate Bangladeshi news outlet name, violating standard professional publishing norms."
BK_02_SPT_134.jpg,Fake,Fake,0.81,"The outlet logo shows misspelled and malformed Bengali text ('বালের কণ্ঠ' instead of 'কালের কণ্ঠ'), pointing to a fabricated outlet identity."
BK_02_SPT_137.jpg,Fake,Fake,0.89,"The headline claims political figure Zaima Rahman joined the Brazil national football team and mentions Fabrizio Romano as Lamine Yamal's boyfriend, which is absurd satire and factually impossible."
BK_02_SPT_146.jpg,Fake,Fake,0.8,"The outlet name 'বালের কণ্ঠ' (Baler Kantho) is a well-known satirical/parody name playing on profanity, and the headline and caption use informal, slang-driven language ('তেল কায়েস') completely atypical of professional news organizations."
BK_02_SPT_169.jpg,Fake,Fake,0.78,"The content is absurd and satirical ('গ্যালারিতে বড় ফ্যান লাগিয়ে গিনেস বুকে নাম লেখালেন তামিম ইকবাল, সবাই বলছে 'বিগ ফ্যান''), characteristic of meme pages like 'বালের কণ্ঠ' which satirizes real news outlets."
BK_02_SPT_181.jpg,Fake,Fake,0.87,"The image is clearly a doctored satirical meme featuring photoshopped faces on runners and a humorous headline typical of parody pages like 'Baler Kantho', violating visual consistency and content plausibility."
BK_02_SPT_189.jpg,Fake,Fake,0.93,"The language quality dimension strongly indicates fabrication, as the headline uses extremely informal, highly colloquial, and aggressive slang ('কারো বাপের ক্ষমতা নাই') which is completely atypical of professional news editorial style."
BK_02_SPT_197.jpg,Fake,Fake,0.8,"The factual content is entirely implausible, as Pakistan won the Test series against Bangladesh 2-0, not the other way around, and the date '২০ মে ২০২৬' is in the future."
BK_02_SPT_210.png,Fake,Fake,0.78,"The headline claims that Argentine footballer Lionel Messi will apply for the bail of detained Bangladeshi politician Junaid Ahmed Palak, which is factually absurd and satirical, indicating a fake meme photocard."
BK_02_SPT_212.png,Fake,Fake,0.81,"The news outlet branding 'বালের কণ্ঠ' (Baler Kantho) is a satirical, vulgar parody name, and the claim that Argentina would boycott the World Cup over penalties is absurd and factually implausible."
BK_02_SPT_214.png,Fake,Fake,0.77,"The photocard features satirical/altered branding (""বালের কণ্ঠ"" instead of ""কালের কণ্ঠ"") and implausible satirical content combining an absurd political premise with an altered image."
BK_02_SPT_215.png,Fake,Fake,0.85,"The outlet name 'বালের কণ্ঠ' is a well-known satirical/parody name using vulgar slang rather than a legitimate news organization, and the headline incorporates informal, mocking slang uncharacteristic of professional journalism."
BK_02_SPT_216.png,Fake,Fake,0.77,"The image is an obvious AI-generated deepfake depicting Lionel Messi visiting Cristiano Ronaldo in a hospital, accompanied by an informal and satirical clickbait caption."
BK_02_SPT_218.png,Fake,Fake,0.83,"The outlet identity uses a vulgar parody name ('বালের কণ্ঠ') of a real daily newspaper, combined with an absurd satirical headline and image of a lookalike, pointing to a fabricated meme."
BK_02_SPT_220.png,Fake,Fake,0.9,"Outlet identity and visual/template consistency reveal obvious fabrication, as the name 'বালের কণ্ঠ' is a satirical or offensive parody of the well-known news outlet 'কালের কণ্ঠ' (Kaler Kantho), and the text shows mismatched professional branding."
BK_02_SPT_234.png,Fake,Fake,0.79,"The outlet logo parodies a well-known newspaper by spelling it 'বালের কণ্ঠ' (Baler Kantho), and the headline makes an absurd, satirical claim that an earthquake was caused by Messi's foot pressure, indicating a fake meme photocard."
CB_02_BIZ_009.jpg,Fake,Fake,0.79,"The photocard contains satirical slang and humor ('সাতাইর নিউজ', 'চাঁদা দে অ্যাপে', 'রিজিকের মালিক আল্লাহ, বিকাশ একটা উছিলা মাত্র') which clearly contradicts professional news outlet standards across outlet identity and language quality dimensions."
CB_02_BIZ_069.jpg,Fake,Fake,0.87,"The photocard contains explicit profanity and crude slang within the bottom banner ('দিন কিংবা রাত-চোদন নন-স্টপ'), which strongly violates professional editorial standards and indicates a fabricated satirical image."
CB_02_BIZ_100.jpg,Fake,Fake,0.86,"The photocard contains explicit satire labels like 'Satire News' and absurd claims about saving electricity during exams, combined with template inconsistencies, indicating it is a meme or fabricated photocard."
CB_02_BIZ_127.jpg,Fake,Fake,0.94,"The headline contains extreme profanity/slang ('স্টিভেন ফাকিং') and unusual phrasing, and the outlet logo/branding is atypical and fabricated, violating language quality and outlet identity dimensions."
CB_02_CRM_003.jpg,Fake,Fake,0.9,"The photocard features explicit and offensive vulgar language in the ticker text at the bottom, which is a hallmark of fabricated meme content rather than professional journalism from any legitimate news outlet."
CB_02_CRM_005.jpg,Fake,Fake,0.85,"The photocard features informal/satirical phrasing like 'দোসনা!' and 'Satire News', combined with low editorial quality and absurd claims, pointing to visual and content inconsistency."
CB_02_CRM_013.jpg,Fake,Fake,0.88,"The language quality dimension strongly indicates this is fake, as the text contains blatant vulgar slang and inappropriate language ('চোদন নন-স্টপ') at the bottom banner instead of professional news copy."
CB_02_CRM_028.jpg,Fake,Fake,0.87,"The image features famous football players edited to look like smokers in a meme context, combined with vulgar language in the lower text ticker that completely contradicts professional journalistic standards."
CB_02_CRM_029.jpg,Fake,Fake,0.76,"The photocard displays the watermark 'Satire News' at the top right, indicating parody or fabrication rather than a legitimate news broadcast."
CB_02_CRM_035.jpg,Fake,Fake,0.93,"The photocard contains visible digital artifacts and spelling issues in the logo branding 'Dhandabaj24', along with watermark text inconsistencies, strongly suggesting a fabricated satire or fake news card."
CB_02_CRM_036.jpg,Fake,Fake,0.93,"The image features extreme vulgarity, highly informal slang, and inappropriate text at the bottom ('দিন কিংবা রাত-চোদন নন-স্টপ') which directly contradicts standard professional news reporting, confirming it as a fabricated satire photocard."
CB_02_CRM_058.jpg,Fake,Fake,0.75,"The language quality dimension strongly indicates a fake, as the text contains crude, vulgar slang and obscene phrases (""নন-স্টপ মাত্র ২৫ পয়সায় পুরো রাত"") that would never appear in a professional news publication."
CB_02_CRM_062.jpg,Fake,Fake,0.76,"The content and headline are absurdly satirical and implausible, violating factual plausibility and internal consistency, and the outlet branding uses a fake satirical logo ('Dhandabaj 24' instead of a real news outlet)."
CB_02_CRM_088.jpg,Fake,Fake,0.93,"The photocard uses unprofessional clickbait phrasing ('সবাইকে মাইরা ফেলাইছি') and features a watermark 'Satire News', indicating it is a fabricated satirical image rather than from a real news outlet."
CB_02_CRM_095.jpg,Fake,Fake,0.85,"The photocard exhibits extreme internal inconsistency and uses informal clickbait language with slang ('রা/জাকারের বাচ্চার', 'ফ্যানের পাখা গুনি আর আইফোন কিনি') combined with provocative images of a woman in swimwear, which strongly contradicts professional news outlet standards."
CB_02_CRM_098.jpg,Fake,Fake,0.79,"The language quality dimension strongly indicates fabrication due to the presence of extremely profane and obscene slang in the bottom text banner, which no professional news outlet would publish."
CB_02_CRM_108.jpg,Fake,Fake,0.85,"The photocard contains explicit parody branding ('Dhandabaj24' and 'Satire News') and uses absurd clickbait phrasing ('ত্রাণমন্ত্রী' and 'চাঁদাবাজদের সাথে ঐক্যবদ্ধ হওয়ার আহ্বান'), indicating it is a satirical/fake news meme."
CB_02_CRM_112.jpg,Fake,Fake,0.86,"The outlet identity and branding ('DHANDABAJ24' meaning 'swindler 24') uses an absurd name mimicking a news outlet, and the language quality promotes nonsensical clickbait involving a celebrity in a mock university context."
CB_02_CRM_118.jpg,Fake,Fake,0.79,"The photocard exhibits severe issues across multiple dimensions: the language quality and tone ('ছাএদলের' misspelling, sarcastic phrasing) combined with clear signs of digital editing and manipulation of the images indicate it is a fabricated graphic rather than a genuine publication from Dhandabaj24."
CB_02_CRM_143.jpg,Fake,Fake,0.78,"The language quality and factual plausibility dimensions indicate this is fake, as the headline uses informal, sensationalist slang ('এলাকার বড় ভাই') rather than standard professional journalistic style, and the date shown ('২১ এপ্রিল ২০২৬') is in the future."
CB_02_DIS_026.jpg,Fake,Fake,0.94,"The headline claims 15 deaths ('নিহ/ত ১৫') from a single overturned rod-laden truck near Jamuna Bridge, which is implausible for the damage shown and uses a censored/evasive spelling ('নিহ/ত') typical of social media fabrications to evade content moderation."
CB_02_ENT_002.jpg,Fake,Fake,0.91,"The photocard features informal sports-betting style phrasing comparing celebrity personal lives as a football score ('বব্লি ২ - অপু বিশ্বাস ১'), explicit 'Satire News' watermarks, and non-professional clickbait language, indicating it is a meme/satire creation."
CB_02_ENT_008.jpg,Fake,Fake,0.78,"The photocard exhibits extreme clickbait phrasing, highly absurd content about tying a refrigerator with pants and scarves, and satirical news branding, which violates professional language quality and factual plausibility."
CB_02_ENT_010.jpg,Fake,Fake,0.79,"The headline contains extreme clickbait phrasing and vulgar/informal slang ('মুখ উপর বসলে তো একটু লাগবেই') completely atypical of professional news outlets, showing strong language and content inconsistency."
CB_02_ENT_048.jpg,Fake,Fake,0.77,"The photocard uses meme-like elements such as the 'Satire News' tag and absurd satirical advertisements promoting 'Chutney' with humorous text, which strongly indicates a fabricated image rather than professional news."
CB_02_ENT_056.jpg,Fake,Fake,0.8,"The photocard features a highly informal, tabloid-style headline ('খেলা দেখা বাদ দিয়ে চুমাছুমিত ব্যস্ত নরওয়ের যুগল') and watermark labels like 'Satire News', indicating it is an edited meme rather than a professional news publication."
CB_02_ENT_087.jpg,Fake,Fake,0.88,"The photocard features a satirical branding ('Satire News' watermark visible) along with humorous elements and an advertisement for a fake medicine ('নুরু মলম') at the bottom, indicating it is a meme rather than a real news outlet publication."
CB_02_ENT_115.jpg,Fake,Fake,0.84,"The photocard contains explicit vulgar slang and informal language in the headline ('মিলনের সময় কঠিন প্রশ্ন পড়বে') which violates standard journalistic tone, and the outlet logo appears digitally manipulated."
CB_02_ENT_133.jpg,Fake,Fake,0.91,"The language quality dimension heavily indicates this photocard is fake, as the headline features vulgar, highly informal, and explicit slang (‘টাফ’ / ‘মিিসাইল মারার মুহূর্ত’) completely inconsistent with standard professional journalism."
CB_02_ENT_155.jpg,Fake,Fake,0.8,"The language quality and factual plausibility dimensions indicate this is a fake photocard, as it uses informal, satirical phrasing ('সংবিধানের কোন জাগায় লেখা আছে একজন কৃষক টিকটকার কন্টেন ক্রিয়েটর হতে পারবেনা!') that no professional news outlet would use as a headline."
CB_02_ENT_158.jpg,Fake,Fake,0.88,"The language quality of the headline uses an informal, colloquial, and clickbait tone ('এমনি খুশির ঠেলায় আনন্দে') completely atypical of professional news writing, and the quote attributed to 'মুনামি ম্যাডাম' lacks factual plausibility and internal consistency."
CB_02_ENT_169.jpg,Fake,Fake,0.86,"The photocard uses the logo of a parody/satirical page (Chandabaj 24) and features explicitly mocking language ('তেলবাজ-তামি ইখবাল') along with meme-style images, indicating it is entirely fabricated for humor rather than being a professional news publication."
CB_02_HLT_027.jpg,Fake,Fake,0.86,"The language quality and content plausibility dimensions reveal a satirical/fake news format, as indicated by the 'Satire News' watermark, informal clickbait phrasing, and improbable comedic framing."
CB_02_HLT_032.jpg,Fake,Fake,0.88,"The language quality dimension heavily influences this verdict, as the headline and footer contain explicit, vulgar slang ('দোচনার', 'চোদন') and highly unprofessional wording entirely absent from real news outlets."
CB_02_HLT_080.jpg,Fake,Fake,0.76,"The language quality dimension strongly indicates a fake, as the bottom banner contains extreme profanity ('চোদন') completely uncharacteristic of any professional news outlet."
CB_02_HLT_174.jpg,Fake,Fake,0.91,The language quality is overtly sarcastic and uses colloquial/slang expressions like 'চৌদ্দগোষ্ঠীকেও' with a clickbait tone completely atypical of professional news outlets.
CB_02_INT_016.jpg,Fake,Fake,0.93,"The photocard contains extremely vulgar and obscene slang ('চোোদন') in the promotional text at the bottom, which clearly violates the standards of any professional news outlet."
CB_02_INT_017.jpg,Fake,Fake,0.84,"The photocard contains explicit profanity and nonsensical fake news content ('Salauddin saved Donald Trump from being sacrificed'), combined with a satirical meme image collage, proving it is a fabricated graphic."
CB_02_INT_061.jpg,Fake,Fake,0.76,"The content is absurdly satirical and implausible, and the text contains offensive/vulgar slang (""নিজের পোঁদ নিজেই মারুন"") which completely violates professional news standards across multiple dimensions."
CB_02_INT_067.jpg,Fake,Fake,0.82,"The image features adult film actress Mia Khalifa photoshopped into a wedding photo with a Bangladeshi man, and the text includes internet slang and vulgar terminology typical of satirical or meme pages."
CB_02_INT_099.jpg,Fake,Fake,0.88,"The image features absurdly edited satirical content, unprofessional and vulgar slang language in the bottom ticker, and an unofficial fabricated layout."
CB_02_INT_116.jpg,Fake,Fake,0.89,"The photocard shows a fake news claim about Sheikh Hasina voting in a West Bengal assembly election, combined with a mangled logo ('DHANDABAJ' instead of standard news outlet branding) and bizarre satirical elements like 'ammazan crime'."
CB_02_INT_128.jpg,Fake,Fake,0.81,"The language quality, headline content, and branding contain highly offensive slang, inappropriate sexual puns, and vulgar text (e.g., in the bottom banner and headline) that are completely inconsistent with any professional news outlet."
CB_02_INT_170.jpg,Fake,Fake,0.95,"The language quality and factual content are entirely implausible and satirical, featuring vulgar and absurd claims that no professional news outlet would publish."
CB_02_POL_004.jpg,Fake,Fake,0.88,"The language quality dimension strongly indicates this is fake, as the banner features highly vulgar, obscene slang ('চোদন') and explicitly satirical markers like 'Satire News', combined with absurd factual claims about the UN."
CB_02_POL_015.jpg,Fake,Fake,0.95,"The language quality dimension strongly indicates a fake, as the text contains vulgar, obscene slang ('চোদন') atypical of any professional news outlet."
CB_02_POL_018.jpg,Fake,Fake,0.92,"The photocard shows extreme internal inconsistencies and unnatural language usage, combining an unrelated image of the Jamarat Bridge with a bizarre, low-quality meme-style caption ('ammazan crime') and implausible political commentary."
CB_02_POL_030.jpg,Fake,Fake,0.79,"The photocard contains multiple fabricated elements, including the satirical news watermark, unrealistic claims about 'Prime Minister Tarique Rahman', and inconsistent template design characteristic of social media satire pages."
CB_02_POL_070.jpg,Fake,Fake,0.81,"The photocard contains extremely vulgar, explicit, and obscene language in the lower banner ('দিন কিংবা রাত-চোদন নন-স্টপ...'), which completely violates language quality standards and clearly exposes the image as satire or a fake edit."
CB_02_POL_076.jpg,Fake,Fake,0.85,"The language quality dimension strongly indicates this is fake, as the text contains crude slang and explicit vulgarity completely atypical of any professional news outlet."
CB_02_POL_078.jpg,Fake,Fake,0.95,"The photocard contains explicit clickbait, vulgar language in the bottom ticker ('নিজের পোঁদ নিজেই মারুন'), and an obviously satirical logo and book title, violating multiple dimensions of professional news standards."
CB_02_POL_084.jpg,Fake,Fake,0.8,"The photocard is fake due to obvious parody elements, inappropriate and vulgar language at the bottom banner, and the satire news tag in the corner."
CB_02_POL_101.jpg,Fake,Fake,0.84,"The photocard is fake because the headline uses explicit satire and slang (""ছাগল"", ""চাটনি"" ads at the bottom, ""Satire News"" watermark) and misattributes absurd quotes to political figures, violating both professional language quality and internal consistency."
CB_02_POL_105.jpg,Fake,Fake,0.79,"The photocard displays satirical content with 'Satire News' watermarked, highly informal text referencing 'Zaima Rahman' and 'bolod Milon', alongside mismatched branding indicators, pointing to a fabricated meme rather than a professional news article."
CB_02_POL_114.jpg,Fake,Fake,0.93,"The language quality exhibits clear signs of unprofessionalism and a clickbait tone ('মহমূল্যবান দুইি দাঁত'), and the date '২৩ এপ্রিল ২০২৬' is anachronistic relative to standard current timelines."
CB_02_POL_134.jpg,Fake,Fake,0.92,"The language quality and factual plausibility dimensions indicate this photocard is fake, featuring absurd clickbait claims about notable figures joining a party based on a call from Nahid, combined with unusual phrasing."
CB_02_POL_137.jpg,Fake,Fake,0.89,"The outlet branding 'DHANDABAJ 24' is nonsensical ('Dhandabaj' means swindler in Bangla) and accompanied by satirical elements like 'চাঁদা দে অ্যাপে সম্ভব', exposing this as a parody/fabricated photocard."
CB_02_POL_141.jpg,Fake,Fake,0.76,"The outlet logo 'DHANDABAJ 24' and the advertisement text referencing 'DALAL' soya bean oil contain overtly derogatory terms (dhandabaj/dalal), making it a satirical or fake photocard rather than a product of a professional news outlet."
CB_02_POL_144.jpg,Fake,Fake,0.89,"The language quality dimension strongly indicates a fake, as the headline features crude and vulgar phrasing entirely atypical of any legitimate professional news outlet."
CB_02_SPT_038.jpg,Fake,Fake,0.87,"The language quality dimension is heavily violated as the bottom ticker contains vulgar slang language ('-চোদন নন-স্টপ'), which conclusively proves this is a fabricated satirical photocard."
CB_02_SPT_040.jpg,Fake,Fake,0.91,"The language quality dimension strongly indicates fakery, as the bottom banner contains explicit, vulgar slang ('রাত-চোদন') entirely incompatible with professional news broadcasting."
CB_02_SPT_044.jpg,Fake,Fake,0.95,"The photocard features satirical branding ('Satire News'), informal slang text attributed to 'কুষ্টিয়ার রুনাল্ডো' (Kushtiar Ronaldo), and an absurd humorous quote, making it a clear fabricated meme rather than genuine news."
CB_02_SPT_047.jpg,Fake,Fake,0.91,"The content describes a satirical/fictional event involving a composite name 'রাশেদ খান মেসি' and includes a watermark reading 'Satire News', making it definitively fake and non-professional."
CB_02_SPT_091.jpg,Fake,Fake,0.76,"The language quality and factual plausibility dimensions indicate this is a fabricated photocard, featuring vulgar and absurd phrasing (""ফজু পাগলা"", ""মরা মুখ দেখবে"") completely uncharacteristic of professional news outlets."
CB_02_SPT_107.jpg,Fake,Fake,0.82,"The image is a digitally manipulated satirical graphic combining unrelated photos (such as Tarique Rahman superimposed into a go-kart and a race suit), featuring a watermark 'DHANDABAJ 24' and 'Satire News', which completely fails factual plausibility and outlet authenticity."
CB_02_SPT_145.jpg,Fake,Fake,0.85,"The factual plausibility dimension heavily influences this verdict, as the claim that Argentina's national football team is playing against 'Babar Dua Cricket Team' is completely absurd and satirical."
CB_02_SPT_150.jpg,Fake,Fake,0.78,"The photocard contains offensive alterations in the text, specifically altering the name of the BCB president into a vulgar phrase ('তামি ইক বাল'), which strongly points to a fake meme or smear campaign rather than a professional news publication."
DES_02_BIZ_009.jpg,Fake,Fake,0.8,"The outlet name 'The Delhi Star' combined with a Bangladesh dateline and photo of Muhammad Yunus is fabricated, and the headline uses highly implausible phrasing ('ক্ষুদ্র মাদক ব্যবসায়ীদের ক্ষুদ্র ঋণ দিবে সরকার') atypical of professional news writing."
DES_02_BIZ_043.jpg,Fake,Fake,0.77,"The outlet name 'The Delhi Star' combined with sensationalist headlines and a mismatched date ('08 DECEMBER 2025') strongly points to fabrication across outlet identity, language quality, and internal consistency dimensions."
DES_02_BIZ_084.jpg,Fake,Fake,0.79,"The outlet name 'The Delhi Star' combined with a Bangla news article about a Bangladeshi minister and central bank involving a date in 2026 exhibits glaring inconsistencies in outlet branding and internal context, strongly indicating a fabricated photocard."
DES_02_BIZ_142.jpg,Fake,Fake,0.91,"The photocard falsely uses 'The Delhi Star' logo while reporting in Bangla, and the visual layout contains poorly edited text with inconsistent styling, pointing to a fabricated social media card."
DES_02_CRM_023.jpg,Fake,Fake,0.91,"The outlet name 'The Delhi Star' combined with a dateline of 'Bangladesh' and text in Bangla is inconsistent with any known major news organization, pointing to a fabricated photocard."
DES_02_CRM_053.jpg,Fake,Fake,0.81,"The outlet name 'The Delhi Star' combined with a Bangladesh dateline and clickbait headline style contradicts standard professional news practices, strongly indicating a fabricated photocard."
DES_02_CRM_069.jpg,Fake,Fake,0.91,"The outlet name 'The Delhi Star' combined with a dateline of Bangladesh and a Bangla headline does not match any recognized major news organization, indicating a fabricated photocard."
DES_02_CRM_088.jpg,Fake,Fake,0.88,"The photocard claims to be from 'The Delhi Star', a completely fabricated news outlet name combined with the logo and headline styling mimicking Bangladeshi outlets, showing obvious template and outlet identity manipulation."
DES_02_CRM_094.jpg,Fake,Fake,0.92,The outlet name 'The Delhi Star' combined with a location of 'BANGLADESH' and mismatched Bengali headlines about students versus chickens points strongly to a fabricated satirical or manipulated photocard.
DES_02_CRM_138.jpg,Fake,Fake,0.92,"Outlet identity and visual/template consistency reveal fabrication, as the logo and branding for 'The Delhi Star' imitate known professional templates poorly, combined with clickbait phrasing."
DES_02_CRM_144.jpg,Fake,Fake,0.78,"The outlet identity 'The Delhi Star' is a fictitious or heavily misspelled name mimicking known international media, combined with informal clickbait phrasing in the Bangla headline, pointing to digital fabrication."
DES_02_CRM_145.jpg,Fake,Fake,0.86,"The outlet identity uses a heavily altered and fake masthead ('The Delhi Star') mimicking prominent papers, and the Bengali phrasing in the headline uses informal, sensationalist clickbait style atypical of professional journalism."
DES_02_CRM_158.jpg,Fake,Fake,0.93,"The photocard uses the branding of a fake outlet named 'The Delhi Star' with a font and logo style mimicking professional papers, but features sensationalist clickbait phrasing and an unrealistic future date (January 03, 2026), violating visual consistency, outlet identity, and internal consistency dimensions."
DES_02_CRM_168.jpg,Fake,Fake,0.84,"The photocard claims to be from 'The Delhi Star' (an English name) while featuring Bangla text and a 'Jamuna TV' logo on the inset, and uses unprofessional, sensationalist phrasing typical of fabricated social media posts."
DES_02_CRM_169.jpg,Fake,Fake,0.83,"The photocard uses the name 'The Delhi Star' imitating style but contains an absurdly sensationalized headline and cartoon illustration atypical of professional news outlets, along with an unverified URL 'thedeltalens.com'."
DES_02_CRM_170.jpg,Fake,Fake,0.92,"The outlet name 'The Delhi Star' attempts to mimic 'The Daily Star' (a prominent Bangladeshi English daily), but uses a different name, date formatting, and style inconsistent with actual Bangladeshi media templates."
DES_02_CRM_175.jpg,Fake,Fake,0.91,"The photocard uses the branding 'The Delhi Star' with a font mimicking a well-known newspaper, but the date '19 APRIL 2026' is set in the future and the headline contains sensationalist and implausible claims uncharacteristic of a legitimate news outlet."
DES_02_CRM_178.jpg,Fake,Fake,0.82,"The photocard uses the name 'The Delhi Star' with a style imitating a known Bangladeshi newspaper, but the outlet name is entirely fabricated for a domestic news context, showing clear signs of visual fabrication."
DES_02_CRM_183.jpg,Fake,Fake,0.82,The outlet identity 'The Delhi Star' using a 'Bongograph' watermark along with sensationalist phrasing and unprofessional layout strongly points to a fabricated photocard.
DES_02_DIS_151.jpg,Fake,Fake,0.93,"The headline uses absurdly sensationalist and satirical phrasing ('বড় মাত্রার ভূ-কম্পনের শঙ্কা') attributing earthquake tremors to a political return, which contradicts standard professional news reporting style and points to fabrication."
DES_02_ENT_017.jpg,Fake,Fake,0.78,"The photocard combines the logo of 'The Delhi Star' with a Bangla headline that refers to a Bangladesh-based reality show context (Lux Superstar), and features crude red 'X' edits over models, which strongly indicates a fabricated social media edit."
DES_02_ENT_019.jpg,Fake,Fake,0.81,"The content is absurd and factually implausible, falsely combining a satirical headline about Mr. World with an unrelated photo of a man receiving a religious reception, which fails factual and internal consistency checks."
DES_02_ENT_058.jpg,Fake,Fake,0.9,"The photocard combines the logo of an Indian newspaper ('The Delhi Star') with Bangla text concerning Bangladeshi political figures, and uses the Lux Super Star pageant branding in a satirical or fabricated context regarding political return, showing strong internal inconsistency and template fabrication."
DES_02_ENT_103.jpg,Fake,Fake,0.88,"The outlet identity mixes 'The Delhi Star' with Jamuna TV branding and logos, creating a blatant internal contradiction that indicates fabrication."
DES_02_ENT_106.jpg,Fake,Fake,0.91,"The outlet name 'The Delhi Star' at the top does not match the 'ekattor.tv' logo and watermark visible on the photocard, reflecting a clear internal inconsistency and fabricated branding typical of fake news cards."
DES_02_ENT_124.jpg,Fake,Fake,0.85,"The outlet name 'The Delhi Star' and the English headline format do not correspond to any known, standard professional media outlet in Bangladesh, and the visual layout shows inconsistencies typical of fabricated social media photocards."
DES_02_HLT_136.jpg,Fake,Fake,0.94,"The photocard uses the logo of 'The Delhi Star' while displaying a fake Prothom Alo watermark and mixing English and Bengali branding with a highly implausible, satirical headline and product placement that contradicts professional journalistic standards."
DES_02_INT_050.jpg,Fake,Fake,0.89,"The photocard uses the branding 'The Delhi Star' with a font mimicking 'The Daily Star' (Bangladesh), but combines it with a fabricated date of December 16, 2025, which is in the future. Additionally, the headline contains unnatural phrasing and spelling errors in Bangla."
DES_02_INT_067.jpg,Fake,Fake,0.8,The language quality and factual plausibility dimensions indicate this is a fabricated meme; it uses broken internet slang ('Saar plis saar') and derogatory caricature designed to mock political figures rather than report news.
DES_02_INT_105.jpg,Fake,Fake,0.91,"The content is factually implausible, attributing bizarre and vulgar statements to a major political figure, and the photocard features non-professional formatting and uncharacteristic sensationalism."
DES_02_INT_153.jpg,Fake,Fake,0.92,"The photocard combines a fabricated news headline from a fake outlet name ('The Delhi Star') with an incoherent mix of a closed visa center and a movie poster of 'Dunki', showing clear signs of amateur digital editing."
DES_02_POL_004.jpg,Fake,Fake,0.84,The outlet name 'The Delhi Star' and the date '24 September 2025' show clear signs of manipulation and future-dated fabrication inconsistent with established professional news standards.
DES_02_POL_007.jpg,Fake,Fake,0.9,"The photocard uses the name 'The Delhi Star' styled similarly to 'The Daily Star' but with incorrect branding, and exhibits mismatched fonts and clickbait phrasing in the Bangla text, indicating a fabricated news graphic."
DES_02_POL_010.jpg,Fake,Fake,0.78,The outlet name 'The Delhi Star' imitating 'The Daily Star' combined with future-dated text (31 October 2025) and unusual editorial phrasing indicates fabrication.
DES_02_POL_011.jpg,Fake,Fake,0.91,The outlet name 'The Delhi Star' combined with a news item entirely focused on Bangladesh's Islamic University and an anachronistic future date (01 November 2025) strongly indicates fabrication across multiple dimensions.
DES_02_POL_012.jpg,Fake,Fake,0.93,"The photocard claims a date of November 12, 2025, but incorporates a screenshot from a BSS news article dated November 23, 2023, and features the English outlet name 'The Delhi Star' superimposed above a Bangla news headline, pointing to fabrication across internal consistency and outlet identity."
DES_02_POL_015.jpg,Fake,Fake,0.76,"The outlet name 'The Delhi Star' contradicts the dateline '17 NOVEMBER 2025 | BANGLADESH' and the 'SOMOY' logo overlay at the bottom left, demonstrating multiple severe branding and template inconsistencies across dimensions 1 and 3."
DES_02_POL_025.jpg,Fake,Fake,0.91,"The outlet identity 'The Delhi Star' is a parody or fabricated name imitating known newspapers, combined with unprofessional, sensationalized language and informal slang in the text ('जुलाई সন্ত্রাসী')."
DES_02_POL_026.jpg,Fake,Fake,0.89,"The outlet identity 'The Delhi Star' is completely fabricated and mimics no known major mainstream news agency, combined with a fabricated future date (November 2025)."
DES_02_POL_027.jpg,Fake,Fake,0.9,"The photocard combines elements from two mismatched sources ('The Delhi Star' logo at the top and 'The Dhaka Diary' watermark on the red band), featuring unprofessional clickbait language and inconsistent template styling, indicating fabrication."
DES_02_POL_033.jpg,Fake,Fake,0.78,"Outlet identity and template consistency analysis reveals that the logo and name 'The Delhi Star' imitate well-known outlets, and the use of sensationalized, informal framing ('যমুনায় রেইড') points to a fabricated social media card."
DES_02_POL_035.jpg,Fake,Fake,0.94,"The outlet name 'The Delhi Star' combined with a Bangla news card about Bangladesh is inconsistent with real Bangladeshi news media, and the Channel 24 logo pasted over the image strongly indicates a fabricated photocard."
DES_02_POL_036.jpg,Fake,Fake,0.85,"The content is factually absurd and anachronistic, showing historical figures like Sheikh Mujibur Rahman and Jinnah receiving nominations from the BNP, violating factual plausibility and internal consistency."
DES_02_POL_038.jpg,Fake,Fake,0.77,"The photocard uses the name 'The Delhi Star' imitating 'The Daily Star' but with incorrect branding and an absurd, mocking headline and image edit typical of fabricated social media memes."
DES_02_POL_045.jpg,Fake,Fake,0.83,The outlet name 'The Delhi Star' imitating 'The Daily Star' combined with sensationalist phrasing and an anachronistic date indicates a fabricated social media photocard.
DES_02_POL_046.jpg,Fake,Fake,0.86,"The outlet name 'The Delhi Star' and the English masthead do not correspond to any known, legitimate mainstream news organization in Bangladesh, and the linguistic and visual template inconsistencies point to fabrication."
DES_02_POL_057.jpg,Fake,Fake,0.76,"The language quality dimension strongly indicates a fake, as the headline uses informal slang ('বটফোর্স' and 'আল বটরদের') which contradicts the standard professional editorial style of established news outlets."
DES_02_POL_061.jpg,Fake,Fake,0.85,"The outlet identity mixes 'The Delhi Star' with a local Bangla social media post format, and the claim of self-expulsion by a major political figure alongside unrelated celebrity mentions strongly suggests a fabricated photocard."
DES_02_POL_071.jpg,Fake,Fake,0.84,"The outlet name 'The Delhi Star' using a gothic font format is a completely fictitious Indian-styled entity publishing in Bangla about Bangladeshi internal politics, which strongly indicates a fabricated photocard."
DES_02_POL_073.jpg,Fake,Fake,0.77,"The outlet identity mixes 'The Delhi Star' heading with Jamuna TV logos and Bangla text, and uses a satirical/fabricated premise that does not match standard professional news standards or authentic templates."
DES_02_POL_074.jpg,Fake,Fake,0.93,"The outlet name 'The Delhi Star' combined with the date '29 January 2026' in the future, alongside informal and politically charged framing, clearly indicates a fabricated social media photocard."
DES_02_POL_075.jpg,Fake,Fake,0.84,"The outlet name 'The Delhi Star' combined with a Bangladesh dateline is anomalous and uses a suspicious font styling. Furthermore, the headline contains crude, highly unprofessional language ('শিবির হইলো কুত্তার জাত') typical of satirical or fabricated memes rather than a legitimate news outlet."
DES_02_POL_077.jpg,Fake,Fake,0.76,"The outlet name 'The Delhi Star' uses English branding while reporting in Bangla, and the combination of the mismatched branding, unusual headline phrasing, and AI-style illustration strongly indicates a fabricated photocard."
DES_02_POL_083.jpg,Fake,Fake,0.8,"The outlet name 'The Delhi Star' mimics prominent newspapers like The Daily Star, but combines it with an implausible headline regarding Bangladesh politics and an amateurish template, pointing to a fabricated social media photocard."
DES_02_POL_086.jpg,Fake,Fake,0.76,"The outlet name 'The Delhi Star' combined with a Bangladesh dateline is anomalous and inconsistent with known major media organizations in Bangladesh, indicating a fabricated photocard."
DES_02_POL_087.jpg,Fake,Fake,0.92,"The content and headline describe an implausible political scenario featuring AI-generated or heavily manipulated imagery, violating standard factual plausibility and internal consistency."
DES_02_POL_090.jpg,Fake,Fake,0.89,"The outlet name 'The Delhi Star' using an Indian capital for a Bangladesh-focused news banner, combined with unprofessional and inflammatory phrasing in the headline, clearly indicates a fabricated social media photocard."
DES_02_POL_092.jpg,Fake,Fake,0.9,"The photocard uses the header 'The Delhi Star' mixed with 'বাংলাদেশ প্রতিদিন' branding and features anomalous, satirical framing about political figures that is typical of fabricated social media content."
DES_02_POL_093.jpg,Fake,Fake,0.78,"The outlet name 'The Delhi Star' with a star logo mimics a known Indian newspaper style, but the content refers to the Bangladesh Awami League's fabricated stance on the July uprising using a mismatched social media interface screenshot below it, displaying strong visual and factual inconsistencies typical of fake photocards."
DES_02_POL_100.jpg,Fake,Fake,0.94,"Outlet identity and visual/template consistency reveal a fake, as 'The Delhi Star' mimics authentic mastheads like The Daily Star with altered branding, and the photocard features a Facebook post screenshot formatted like a satirical meme rather than professional journalistic reporting."
DES_02_POL_102.jpg,Fake,Fake,0.91,"The outlet name 'The Delhi Star' mimics a major newspaper but uses a fabricated branding and logo, while featuring an exaggerated, satirical illustration and sensationalist phrasing typical of fake social media photocards."
DES_02_POL_110.jpg,Fake,Fake,0.76,"The photocard uses the 'Jamuna TV' logo and branding at the bottom, but the header attributes the article to 'The Delhi Star', revealing a blatant internal inconsistency and fabrication."
DES_02_POL_114.jpg,Fake,Fake,0.89,"The photocard uses the name 'The Delhi Star' imitating 'The Daily Star' with modified fonts and branding, and the headline and quote use informal, satirical phrasing ('ধুয়ে ফেলার আহ্বান') uncharacteristic of professional news outlets."
DES_02_POL_116.jpg,Fake,Fake,0.76,"The outlet name 'The Delhi Star' mimics an English name but uses a fake branding style, and the language quality and date ('2026') contain severe anachronisms and anomalies."
DES_02_POL_121.jpg,Fake,Fake,0.92,The outlet name 'The Delhi Star' combined with a Bangladesh dateline and mixing different media brands ('The Delhi Star' and 'আমার দেশ') strongly indicates fabrication and visual template inconsistency.
DES_02_POL_123.jpg,Fake,Fake,0.86,"The photocard uses the name 'The Delhi Star' for a Bangla news item about Bangladesh, which is not a credible news entity for such local reporting, and the headline contains obviously satirical or fabricated organisation names (""বাংলাদেশ জাতীয়তাবাদী চোর দল"") designed to mock political groups."
DES_02_POL_127.jpg,Fake,Fake,0.79,"The photocard uses the branding of a fake outlet named 'The Delhi Star' to publish sensationalized clickbait content in Bangla, exhibiting inconsistencies in language and professional visual template design."
DES_02_POL_128.jpg,Fake,Fake,0.77,"The headline and content describe an absurd satirical scenario ('minister quitting to become police station officer-in-charge') combined with uncharacteristic phrasing, indicating a fabricated social media photocard."
DES_02_POL_130.jpg,Fake,Fake,0.84,"The photocard is fake because the headline claims Bangladesh's Foreign Minister is resigning in 2026 due to Sheikh Hasina's return, which contradicts the known historical context of the 2024 political changes in Bangladesh."
DES_02_POL_134.png,Fake,Fake,0.78,"The outlet name 'The Delhi Star' and the date '16 JUNE 2026' are clearly fabricated or anachronistic, and the editorial style combined with informal phrasing in parentheses points to a fake social media photocard."
DES_02_POL_137.jpg,Fake,Fake,0.79,"The content describes an absurd and impossible political alliance involving Cristiano Ronaldo and Jamaat-e-Islami, and the text contains signs of fabricated graphic design mimicking news outlets."
DES_02_POL_149.jpg,Fake,Fake,0.76,The outlet name 'The Delhi Star' imitating 'The Daily Star' combined with clickbait phrasing about Facebook conflicts and a future date (10 December 2025) strongly indicates a fabricated photocard.
DES_02_POL_156.jpg,Fake,Fake,0.83,"The outlet name 'The Delhi Star' mimics Western-style mastheads with a non-existent branding for a major Bengali news outlet, and the internal language quality combines unprofessional phrasing with contradictory social media screenshots typical of fabricated political photocards."
DES_02_POL_161.jpg,Fake,Fake,0.83,"The outlet name 'The Delhi Star' combined with a Bangladesh dateline and Bangla political content is inconsistent with a real professional news organization. Furthermore, the unprofessional clickbait tone in the subheading violates language quality standards."
DES_02_POL_163.jpg,Fake,Fake,0.78,"The photocard uses the name 'The Delhi Star' imitating 'The Daily Star', and features an absurd, satirical political party name ('নূতন পাগলের আমদানি') in the headline, violating standard professional news standards and internal consistency."
DES_02_POL_164.jpg,Fake,Fake,0.81,"The photocard uses the branding of 'The Delhi Star' with a style uncharacteristic of standard professional news outlets, and the phrasing and content in Bengali do not correspond to verified statements from credible journalistic sources."
DES_02_POL_173.jpg,Fake,Fake,0.83,"The photocard has several anomalies including an impossible future date (03 April 2026), unusual typography under the masthead resembling 'The Delhi Star' instead of a well-known Bangladeshi daily, and unnatural editorial phrasing across the headlines."
DES_02_POL_174.jpg,Fake,Fake,0.87,"The outlet name 'The Delhi Star' and the absurd subtitle about 'batabi lebu' clearly violate professional standards, pointing to a fake, satirical photocard."
DES_02_POL_177.jpg,Fake,Fake,0.84,"The photocard combines the name 'The Delhi Star' with a Bangla headline and a watermark for 'The Dissent', creating an inconsistent branding and template structure that strongly suggests fabrication."
DES_02_POL_184.jpg,Fake,Fake,0.78,"The photocard uses the branding of 'The Delhi Star' with the year 2026, featuring highly sensationalized clickbait language and imagery typical of fabricated social media memes rather than professional news output."
DES_02_SPT_059.jpg,Fake,Fake,0.89,"The language quality and factual plausibility dimensions indicate fabrication, as the headline contains unnatural and grammatically incorrect phrasing ('রাষ্ট্রীয় বাল', 'রাষ্ট্রপতিরিটা') not used in professional news reporting."
DES_02_SPT_064.jpg,Fake,Fake,0.87,"The photocard has several obvious inconsistencies and fake branding elements, combining the English name 'The Delhi Star' with Jamuna TV's logo and template, alongside an implausible and anachronistic news claim for the year 2026."
DES_02_SPT_066.jpg,Fake,Fake,0.76,"The photocard exhibits internal inconsistencies and implausible content, specifically claiming Bangladesh will not play the T20 World Cup without Shakib Al Hasan, which contradicts standard international cricket realities and professional journalism standards."
DES_02_SPT_095.jpg,Fake,Fake,0.92,"The photocard exhibits internal inconsistencies and factual implausibility, confusing two different Bangladeshi cricketers (Mehidy Hasan Miraz and Najmul Hossain Shanto) in the headline and presenting a fabricated social media post."
DES_02_SPT_096.jpg,Fake,Fake,0.76,"The content is absurd and factually impossible, claiming that Argentine footballer Lionel Messi joined the Islami Chhatra Shibir in Argentina, which directly fails the factual plausibility dimension."
DES_02_SPT_131.jpg,Fake,Fake,0.92,"The headline claims that Mosaddek is returning to the Bangladesh cricket team after his tenure as DUCSU (Dhaka University Central Students' Union) leader ends, and mentions uranium radiation concerns among opposing cricketers—an absurdly fabricated narrative that violates both factual plausibility and internal consistency."
DES_02_SPT_191.png,Fake,Fake,0.81,"The outlet name 'The Delhi Star' and logo do not correspond to any known major professional news outlet, and the content presents fabricated, sensational political claims attributed to diplomats that display signs of digital manipulation."
JO_02_BIZ_019.jpg,Fake,Fake,0.79,"The image depicts a satirical or fabricated scenario of Lionel Messi handing cash to a referee to buy a penalty, and the clickbait headline combined with the amateurish visual editing points to a fake photocard."
JO_02_BIZ_041.jpg,Fake,Fake,0.87,"The image features an obvious meme combining a photo of Lionel Messi at Barcelona with a satirical caption claiming he is crying over not receiving a family card, alongside a fake political party podium and mismatched branding, indicating extreme internal inconsistency and absurd content."
JO_02_BIZ_049.jpg,Fake,Fake,0.84,"The photocard contains extremely inappropriate and crude slang ('পুটকি মারে') in the advertisement banner and ridiculous, nonsensical statements ('গরু অনেক হাসে তাই নাম রাখা হয়েছে: জাইমা রহমান') comparing a political figure to a smiling cow, which clearly indicates a fabricated satirical or malicious meme rather than professional journalism."
JO_02_BIZ_067.jpg,Fake,Fake,0.76,"The photocard shows glaring internal inconsistencies and anachronisms, specifically featuring future dates (February 2026) while using poorly superimposed text and low-quality template elements uncharacteristic of standard news outlets."
JO_02_BIZ_079.jpg,Fake,Fake,0.87,"The language quality dimension strongly indicates fabrication, as the headline uses unprofessional and derogatory slang ('পুলিশ সুদনা' instead of 'পুলিশ সদস্য'), characteristic of meme cards rather than a real news outlet."
JO_02_BIZ_126.jpg,Fake,Fake,0.8,"The photocard combines a celebrity image with a satirical, clickbait-style headline (""নব্য ব্যবসায়ীদের খাবার মশারি দিয়ে ঢেকে রাখার পরামর্শ দিলেন ভোক্তা অধিদপ্তর"") that is typical of meme pages rather than professional news outlets."
JO_02_BIZ_127.jpg,Fake,Fake,0.87,"The photocard uses unprofessional slang and informal language in the headline combined with crude bottom branding, showing clear indicators of digital fabrication rather than standard news output."
JO_02_BIZ_242.jpg,Fake,Fake,0.92,"The language quality dimension heavily indicates this is fake, as the text contains informal slang (""ChoduGPT""), humorous captions, and unprofessional phrasing completely atypical of any legitimate news outlet."
JO_02_BIZ_282.jpg,Fake,Fake,0.91,"The outlet identity 'ঝগড়া টিভি নিউজ' (Jogra TV) combined with the absurd, satirical headline about the former Prime Minister opening a tailoring shop makes it clearly fake."
JO_02_CRM_012.jpg,Fake,Fake,0.93,"The content is factually absurd, describing an impossible clash between villagers in Brahmanbaria over support for Brazil versus Scotland, heavily relying on satirical clickbait tropes and meme branding ('Gupon Chat' and 'Jogra TV') rather than standard professional journalism."
JO_02_CRM_037.jpg,Fake,Fake,0.9,"The photocard uses internet memes and informal, clickbait language ('চাচা আপনি? জেলখানায় বাবাকে দেখে') combined with a fictional parody framing, which violates professional editorial standards."
JO_02_CRM_076.jpg,Fake,Fake,0.78,"The content and headline describe an absurd and satirical scenario involving two villages fighting over who will be prime minister, combined with informal phrasing and a mock advertisement at the bottom, which clearly violates the standards of a professional news outlet."
JO_02_CRM_113.jpg,Fake,Fake,0.86,"The photocard contains unprofessional elements and unusual slang ('চাঁদাবাজরা', 'হাঁসটা') combined with commercial watermark branding like 'evelky', which strongly indicates a satirical or fabricated meme rather than a genuine news publication."
JO_02_CRM_146.jpg,Fake,Fake,0.92,"The language quality dimension heavily indicates fakery, as the headline uses explicit slang and derogatory phrasing ('পাচা লাল বিল্লাল', 'গণধোলাই') that no professional news outlet would publish."
JO_02_CRM_155.jpg,Fake,Fake,0.93,"Language quality and content plausibility strongly indicate fabrication, featuring extreme vulgarity, highly unprofessional abusive slang targeting a national cricketer, and satirical meme imagery that no legitimate news outlet would ever publish."
JO_02_CRM_159.jpg,Fake,Fake,0.91,"The photocard uses unprofessional layout design, informal slang, and an inherently implausible meme-like premise combined with an AI-generated image of a known public figure, failing both visual consistency and factual plausibility."
JO_02_CRM_182.jpg,Fake,Fake,0.77,"The language quality dimension strongly indicates fabrication, as the headline features bizarre and inappropriate phrasing (""গোয়া মারতে"" and ""মেক্সি শান্ত"") completely uncharacteristic of professional sports journalism."
JO_02_CRM_184.jpg,Fake,Fake,0.89,"The date listed in the photocard says '18 December 2025', which is in the future relative to the present knowledge cutoff, indicating a fabricated or poorly edited image."
JO_02_CRM_201.jpg,Fake,Fake,0.93,"The date shown at the bottom right is '১২ ডিসেম্বর ২০২৫' (December 12, 2025), which is in the future relative to the current timeframe, making the factual/content plausibility and date completely inconsistent."
JO_02_CRM_210.jpg,Fake,Fake,0.92,"The photocard exhibits extreme clickbait and inflammatory slang ('চেক্সাচিনা', 'ফাঁসিতে ঝোলাব') completely uncharacteristic of professional news reporting, and shows strong internal linguistic anomalies."
JO_02_CRM_219.jpg,Fake,Fake,0.82,"The photocard exhibits unprofessional clickbait phrasing in the headline combined with satirical meme elements at the bottom ('evelky' shopping ad text mocking online shopping), which strongly violates visual and linguistic consistency standards."
JO_02_CRM_225.jpg,Fake,Fake,0.79,"The language quality shows a strong clickbait tone and awkward phrasing typical of fabricated social media photocards, while the date '৩ ডিসেম্বর ২০২৫' is in the future relative to typical current timelines."
JO_02_CRM_230.jpg,Fake,Fake,0.76,"The photocard exhibits an anachronistic date ('২ ডিসেম্বর ২০২৫') in the future and low-quality visual editing on the text, making it a fabricated news card."
JO_02_CRM_231.jpg,Fake,Fake,0.84,"The language quality and factual plausibility dimensions indicate this is fake, as the headline uses explicit slang ('মুদিকে কষিয়ে থাপ্পড় মারলেন') regarding prominent political figures in a style completely inconsistent with professional news media."
JO_02_CRM_255.jpg,Fake,Fake,0.92,"The language quality and factual content are entirely implausible and contain informal, highly unprofessional slang (""এখন গুলাগুলি চলতেছে"", ""দেশি বলদে বেশি লাভ"") that violates all standards of professional news outlets."
JO_02_CRM_257.jpg,Fake,Fake,0.94,"The headline claims a physical clash occurred between two villages over the judicial fate of Sheikh Hasina, which is entirely implausible and satirical content characteristic of fake photocards."
JO_02_CRM_260.jpg,Fake,Fake,0.92,"The language quality of the headline is informal, highly clickbait-driven ('নাম বঙ্গবন্ধু'), and inconsistent with the editorial standards of professional news outlets."
JO_02_CRM_261.jpg,Fake,Fake,0.88,"The photocard uses vulgar, offensive slang ('চোদনা', 'ইংরেজি গালি শেখার অ্যাপ') and low-quality edited text that completely contradicts professional editorial style and news outlet standards."
JO_02_CRM_276.jpg,Fake,Fake,0.9,"The photocard exhibits severe visual inconsistencies, highly informal and unprofessional clickbait framing in the Bangla text, and lacks legitimate branding typical of established news outlets."
JO_02_DIS_014.jpg,Fake,Fake,0.75,"The headline uses a satirical/humorous clickbait style (""কুমিল্লার মেসি"" pulling up shorts for Dhaka rain) inconsistent with professional news, combined with an absurd premise and non-standard outlet branding."
JO_02_DIS_249.jpg,Fake,Fake,0.75,"The factual plausibility and internal consistency dimensions strongly indicate this is fake, as the ridiculous claim that Sheikh Hasina returning would reduce earthquakes is absurd political satire or disinformation."
JO_02_DIS_252.jpg,Fake,Fake,0.8,"The language quality and factual content are absurdly satirical and non-professional ('সবজি ওয়াজেদ জয়', 'আম্মুর ফাঁসির রায়ের কারণেই বাংলাদেশে ভূমিকম্প হয়েছে', and the bottom scroll about 'মেহেজাবিন ইংলিশ কমোড'), strongly indicating a fabricated, meme-style photocard."
JO_02_DIS_253.jpg,Fake,Fake,0.85,The photocard exhibits severe clickbait language quality ('ভয়াবহ ভূমিকম্প') combined with a generic template often used by low-credibility or fabricated social media news cards rather than established news agencies.
JO_02_ENT_022.jpg,Fake,Fake,0.89,"The language quality and content plausibility are absurd, featuring vulgar slang and impossible claims, heavily indicating a fabricated social media meme rather than a real news photocard."
JO_02_ENT_030.jpg,Fake,Fake,0.84,"The image features morphed faces of Bangladeshi political figures on referee bodies, and the headline describes an absurd hypothetical football match involving Brazil and Haiti in 2026, violating visual consistency and factual plausibility dimensions."
JO_02_ENT_048.jpg,Fake,Fake,0.9,"The photocard contains explicit vulgar slang ('চৌদ্দ চোদনার') in the headline, which completely violates standard editorial style and linguistic norms of professional news outlets."
JO_02_ENT_051.jpg,Fake,Fake,0.83,"The language quality and factual content plausibility dimensions clearly indicate this is a fake photocard, featuring vulgar slang, absurd political satire, and a fake logo ('Jogra tv') instead of a legitimate news outlet."
JO_02_ENT_074.jpg,Fake,Fake,0.77,"The content and imagery are absurdly satirical—featuring a duck dressed in human accessories, bizarre slang, and an impossible headline—violating internal consistency, language quality, and factual plausibility."
JO_02_ENT_075.jpg,Fake,Fake,0.84,"The content depicts an implausible and heavily manipulated scene featuring prominent political figures in an AI-generated or edited image, combined with an unprofessional clickbait headline and branding inconsistent with credible journalism."
JO_02_ENT_077.jpg,Fake,Fake,0.81,"The language quality and content plausibility strongly indicate a satirical or fabricated photocard, featuring absurd clickbait phrasing ('এমপি হইলে ফ্রি তে জনগণের গালি খাওয়ার ঘোষণা না : গিয়ার উদ্দিন তেহারির') and meme references in the bottom ticker."
JO_02_ENT_083.jpg,Fake,Fake,0.87,"The language quality dimension strongly indicates fabrication, as professional news outlets do not use sensationalist clickbait phrasing like 'ব্রেকিং নিউজ: দাঁড়িয়ে কথা বলতেছেন...' combined with mismatched fonts and inconsistent template elements."
JO_02_ENT_084.jpg,Fake,Fake,0.78,"The language quality is unprofessional, using clickbait formatting with slashes in the word 'অন্তঃসত্ত্বা', and the combination of unrelated topics (entertainment gossip and farming) on a single photocard indicates a fabricated template."
JO_02_ENT_093.jpg,Fake,Fake,0.79,"The language quality and visual template show severe signs of fabrication, including clickbait framing ('চাটনি', informal slang, and meme-style text) typical of satirical or fake social media meme pages rather than a professional news outlet."
JO_02_ENT_100.jpg,Fake,Fake,0.85,"The language quality dimension strongly indicates a fake due to the crude, vulgar slang ('নিজের পোদে নিজেই ঢুকান') and explicit sexual humor visible in the image, which contradicts any professional editorial standards."
JO_02_ENT_101.jpg,Fake,Fake,0.76,"The language quality and factual content plausibility are characteristic of a satirical or fabricated meme rather than a professional news outlet's coverage, as claiming an individual will feed sweets to everyone if a political leader becomes prime minister is highly informal and implausible."
JO_02_ENT_136.jpg,Fake,Fake,0.82,"The photocard contains an anachronism and factual mismatch in the date; it displays '১৬ জানুয়ারি ২০২৬' while referencing Shab-e-Meraj, and uses a template layout inconsistent with standard professional news broadcasting styles."
JO_02_ENT_140.jpg,Fake,Fake,0.91,"The photocard combines a celebrity photo with an ungrammatical clickbait headline ('সমস্যা নাই রোজা গেছে ঈদ আসবে : তাহসান খান'), an unofficial obscure logo/branding ('Jogra tv'), and an anachronistic future date ('১৫ জানুয়ারি ২০২৬'), strongly indicating it is fabricated."
JO_02_ENT_147.jpg,Fake,Fake,0.76,"The photocard features satirical and abusive text ('IPL ENGLISH COMMODE') along with altered imagery and an informal name ('সবজি ওয়াজেদ জয়'), which completely contradicts the standards of professional news outlets."
JO_02_ENT_181.jpg,Fake,Fake,0.78,"The photocard displays glaring anachronisms and formatting errors, specifically featuring future dates (2025) and unconventional phrasing ('গানম্যান মিরাজ') combined with template inconsistencies atypical of professional news outlets."
JO_02_ENT_189.jpg,Fake,Fake,0.88,The outlet branding 'Jogra | tv' combined with the bottom banner '420 Minute School' parodying a real educational platform strongly indicates a fabricated meme photocard rather than a genuine news publication.
JO_02_ENT_192.jpg,Fake,Fake,0.93,"The dimension of factual/content plausibility and internal consistency reveals a clear anachronism: the date shown is '১৬ ডিসেম্বর ২০২৫' (16 December 2025), which is in the future, yet the text declares 'আজ মহান বিজয় দিবস' (Today is great Victory Day)."
JO_02_ENT_204.jpg,Fake,Fake,0.89,The language quality of the headline combined with unprofessional footer elements (like clickbait slogans and fictional product placements) reveals this to be a fabricated meme photocard.
JO_02_ENT_256.jpg,Fake,Fake,0.82,"The photocard uses the branding of a fake outlet name 'Jogra TV' and features absurd, vulgar, and non-standard text ('পাদ বাড়ায় গ্রান ছড়ায়') at the bottom, which is characteristic of satirical or fabricated memes rather than professional news reporting."
JO_02_ENT_266.jpg,Fake,Fake,0.86,"The headline contains a clear typographical error in the actor's name ('সালবাল খান' instead of সালমান খান), and the advertisement at the bottom uses vulgar and nonsensical language atypical of professional news outlets."
JO_02_ENT_271.jpg,Fake,Fake,0.86,"The news ticker in the image labels the male actor Afran Nisho as 'অভিনেত্রী' (actress) instead of 'অভিনেতা' (actor), which is a common error in satirical or fake photocards."
JO_02_ENT_284.jpg,Fake,Fake,0.87,"The text contains humorous or absurd claims about an Indian celebrity combined with unusual spelling ('সালবাল খান'), pointing to a fake meme photocard rather than professional news."
JO_02_ENT_296.jpg,Fake,Fake,0.88,"The visual template and content are inconsistent with professional news outlets, combining a mocking image with an informal, satirical tone characteristic of memes rather than legitimate news reporting."
JO_02_ENT_301.jpg,Fake,Fake,0.84,"The content and language quality (Dimension 4 & 5) feature extreme clickbait slang (""বউ এর বাচ্চার ডেলিভারির দায়িত্ব নিজ পে-টে তুলে নিলো বাবা আফ্রিদি"") that is completely inconsistent with professional news reporting."
JO_02_HLT_056.jpg,Fake,Fake,0.78,"The language quality and factual plausibility dimensions indicate this is a fabricated meme, using highly informal slang ('ময়লা আপা') and absurd clickbait content that does not match professional news standards."
JO_02_HLT_097.jpg,Fake,Fake,0.77,"The headline uses absurd, highly informal clickbait phrasing (""সব ইয়াবা খেয়ে ফেললেন এক শিক্ষক"") that completely violates professional journalistic standards of language quality and factual plausibility."
JO_02_HLT_119.jpg,Fake,Fake,0.76,"The language quality dimension strongly indicates fakery, as the headline contains nonsensical and unprofessional text ('ছিদ্র নাইকা দিঘি') alongside sensationalist clickbait phrasing atypical of standard news reporting."
JO_02_HLT_142.jpg,Fake,Fake,0.78,"The photocard exhibits extreme factual and content implausibility combined with informal clickbait language, misattributing bizarre physical exercises to a fabricated doctor on a non-existent news outlet."
JO_02_HLT_167.jpg,Fake,Fake,0.75,"The language quality is unprofessional and uses informal/satirical phrasing ('হিরো মলম'), which directly contradicts the standards of real news outlets."
JO_02_HLT_183.jpg,Fake,Fake,0.87,"The photocard uses highly offensive slang and unprofessional language ('আচোদা বলদ') in the headline, which severely violates the language quality and editorial standards of any professional news outlet."
JO_02_HLT_264.jpg,Fake,Fake,0.8,"The language quality and factual plausibility dimensions indicate this is fake, as the headline contains offensive, highly informal, and derogatory slang ('গোবর খেয়ে', 'পাতলা পায়খানার সাথে পাঞ্জা লড়ছেন') combined with an altered image, which is completely uncharacteristic of professional news reporting."
JO_02_INT_031.jpg,Fake,Fake,0.93,"The photocard exhibits severe factual implausibility, clickbait language quality, and an obvious joke or meme banner at the bottom ('জেরিন স্পেশাল বদনা') which contradicts professional news outlet standards."
JO_02_INT_035.jpg,Fake,Fake,0.82,"The content is highly implausible and visually absurd, featuring a bizarre deepfake image combined with sensationalist, clickbait Bangla text about political figures marrying sisters."
JO_02_INT_054.jpg,Fake,Fake,0.77,"The photocard shows extreme factual implausibility, attributing a bizarre geopolitical mediation role to a figure in connection with Iran, accompanied by an unprofessional and absurd advertising banner at the bottom that violates standard news outlet formatting."
JO_02_INT_061.jpg,Fake,Fake,0.88,"The headline contains crude slang (""গোবর হামলার হুমকি"") and refers to Indian Prime Minister Narendra Modi as ""কর্নেল শেখ মুদির"", which heavily violates language quality and factual plausibility."
JO_02_INT_186.jpg,Fake,Fake,0.82,"The photocard contains extremely vulgar slang in the bottom text banner and combines satirical, poor-quality image manipulations with non-standard informal language, completely violating professional news standards."
JO_02_INT_190.jpg,Fake,Fake,0.84,"The image features blatantly face-swapped politicians (including Narendra Modi and Sheikh Mujibur Rahman) onto a historical photo, combined with an absurd future date (16 December 2025) and amateurish branding, violating visual, factual, and internal consistency."
JO_02_INT_195.jpg,Fake,Fake,0.83,The headline contains extreme colloquial slang ('ভাত শামিফের স্ট্যাচুর') and clickbait framing typical of fabricated viral social media memes rather than professional news reporting.
JO_02_INT_198.jpg,Fake,Fake,0.78,"The content describes an absurd and impossible scenario involving Lionel Messi and Sheikh Hasina with a clickbait tone, and uses a satirical/spoof brand logo ('Jogra | tv' mocking regular news channels)."
JO_02_INT_208.jpg,Fake,Fake,0.82,"The photocard combines absurd satirical content (wrestling Kim Jong-un) with an unknown fictional outlet name ('Jogra TV') and an anachronistic/future date ('১০ ডিসেম্বর ২০২৫'), indicating it is a fabricated meme."
JO_02_INT_239.jpg,Fake,Fake,0.92,"The headline uses extreme clickbait and unprofessional slang (""মারধর করছে আয়ারল্যান্ড"", ""কেনিয়া মনে করে"") atypical of professional news writing, indicating poor language quality and a fabricated photocard."
JO_02_INT_246.jpg,Fake,Fake,0.91,"The language quality dimension heavily influences this verdict, as the headline contains vulgar and inappropriate slang (""গোপন 'সোনায়' হাত দেওয়ার শাস্তি"") completely uncharacteristic of professional news reporting."
JO_02_INT_250.jpg,Fake,Fake,0.75,"The content and headline are absurdly implausible, describing Sheikh Hasina as a newly appointed pilot for India to fight Bangladesh, which heavily indicates a fabricated clickbait image."
JO_02_INT_251.jpg,Fake,Fake,0.86,"The image has been digitally manipulated by superimposing the face of a controversial political figure onto the body of Bhutan's Prime Minister, failing visual consistency and factual plausibility."
JO_02_INT_262.jpg,Fake,Fake,0.75,"The photocard contains severe factual implausibility ('135 kg of rare coal mine recovered from a coal mine'), an unprofessional clickbait style, and bizarre branding elements like 'Jogratv' combined with meme imagery, making it definitively fabricated."
JO_02_INT_269.jpg,Fake,Fake,0.83,"Based on factual plausibility and internal consistency, the claim that Obaidul Quader met the Chief Advisor in Italy is entirely fabricated and anachronistic, and the visual shows clear signs of digital manipulation (photoshop paste)."
JO_02_INT_280.jpg,Fake,Fake,0.93,"The image shows an Indian military officer in uniform, but the text misidentifies him as the Indian army chief and uses a fake news outlet branding ('jogra tv') along with clickbait, informal language."
JO_02_INT_281.jpg,Fake,Fake,0.89,"The photocard uses vulgar, informal slang (""বুক ফেটে যাচ্ছে দিঘির"") and clickbait phrasing atypical of professional journalism, which strongly points to a fabricated meme or social media troll post."
JO_02_INT_285.jpg,Fake,Fake,0.76,"The outlet name 'Jogra TV' and its associated branding and domain do not correspond to any known, established mainstream news organization, and the visual quality and clickbait style strongly suggest a fabricated photocard."
JO_02_INT_294.jpg,Fake,Fake,0.86,"The language quality and factual plausibility dimensions indicate this is a fake photocard; the bottom banner features absurd, satirical mock advertisements ('আয়মান হুজুরের Hornicks' and 'হয়তো আপনি লম্বা হবেন নয়তো আপনার মেশিন') and the outlet logo/branding is a meme page, not a real professional news outlet."
JO_02_INT_302.jpg,Fake,Fake,0.76,"The photocard contains explicit slang and informal terminology ('হারামীর্ফোণ') at the bottom left, alongside poor visual template consistency and an unfamiliar logo style ('Jogra TV'), indicating a fabricated meme rather than a professional news publication."
JO_02_POL_004.jpg,Fake,Fake,0.81,"The image features an obviously satirical meme image of Lionel Messi in traditional Islamic attire labeled 'Molana messi' alongside an unprofessional clickbait headline and the fictional watermark 'Jogra tv', violating multiple standards of visual and content authenticity."
JO_02_POL_008.jpg,Fake,Fake,0.84,"The image features an AI-generated scene of Sheikh Hasina driving a futuristic flying Tesla car, combined with absurd clickbait text, making it obviously fabricated."
JO_02_POL_009.jpg,Fake,Fake,0.77,"The image features meme-edited faces of famous footballers and a bizarre clickbait headline about biryani and political slogans, reflecting poor visual consistency and language quality typical of satirical or fake photocards."
JO_02_POL_013.jpg,Fake,Fake,0.91,"The content is absurd and satirical, claiming football star Kylian Mbappé joined Tablighi Jamaat, and uses unprofessional, humorous phrasing ('কালো বাপ্পি', '১২ মাসই ভাদ্রমাস') characteristic of meme pages rather than a real news outlet."
JO_02_POL_017.jpg,Fake,Fake,0.93,"The text contains a bizarre typo ('শেষ হাসিনা' instead of 'শেখ হাসিনা'), and the date '২৩ জুন ২০২৬' is in the future, violating factual plausibility and internal consistency."
JO_02_POL_032.jpg,Fake,Fake,0.78,"The image features an absurd satirical headline combining footballer Cristiano Ronaldo with Bangladesh student politics and a vulgar advertisement at the bottom, which heavily violates visual consistency, language quality, and content plausibility."
JO_02_POL_064.jpg,Fake,Fake,0.86,"The claim is factually absurd and impossible (combining a fictional title for Bengal with a morphed or satirical label for an Iranian leader), failing both factual plausibility and internal consistency checks."
JO_02_POL_070.jpg,Fake,Fake,0.76,"The date indicates '12 February 2026', which is in the future, pointing to fabricated content and internal inconsistency."
JO_02_POL_071.jpg,Fake,Fake,0.91,The photocard contains extremely vulgar and informal slang in the bottom ticker ('গোয়া মারতে') that completely violates professional journalistic standards (Language quality).
JO_02_POL_073.jpg,Fake,Fake,0.77,"The headline uses informal slang and a humorous, non-professional tone (""সুইটার মিরাজ আব্বাস"") that clearly violates professional news writing standards across the language and template dimensions."
JO_02_POL_086.jpg,Fake,Fake,0.8,"The language quality and factual content plausibility dimensions indicate this is a fabricated meme; the text uses informal, abusive, and satirical phrasing (""মির্জা চাঁ্দাবাস"", ""পকেট হবে ফাঁকা"") atypical of professional news outlets like Jogra TV."
JO_02_POL_094.jpg,Fake,Fake,0.82,"The image features AI-generated deepfakes of prominent foreign politicians (Benjamin Netanyahu and Donald Trump) depicted in traditional Islamic attire with humorous or absurd satirical claims, coupled with an implausible headline from an unverified media source."
JO_02_POL_098.jpg,Fake,Fake,0.83,"The image depicts a satirical political campaign poster featuring Brazilian footballer Neymar running for a mock election with a goat symbol, which completely contradicts factual plausibility and professional news standards."
JO_02_POL_099.jpg,Fake,Fake,0.79,"The visual elements, including the meme-like parody ads at the bottom ('Hornicks') and the overall template, clearly indicate a satirical/fake news photocard rather than a product of a professional news outlet."
JO_02_POL_102.jpg,Fake,Fake,0.83,"The photocard contains highly absurd, satirical, and irreverent claims regarding Sheikh Mujib and Sheikh Hasina ('Hijrote gechen', 'Hasina Blade'), along with unprofessional branding and text placement, violating multiple standards of factual plausibility and internal consistency."
JO_02_POL_104.jpg,Fake,Fake,0.84,"The language quality of the headline contains unpolished phrasing ('ডাল মে কুচ কালা হ্যায') combined with slang-like presentation atypical of professional news outlets, alongside suspicious branding elements in the lower banner."
JO_02_POL_112.jpg,Fake,Fake,0.91,"The photocard combines a satirical/meme headline ('আমি তো আর কোনো নেতা না তাই এনআইডি কার্ডে এখনও নাম আনারশ খান') with dubious branding ('Jogra TV') and an implausible future date ('২৭ জানুয়ারি ২০২৬'), pointing strongly to a fabricated satirical graphic."
JO_02_POL_114.jpg,Fake,Fake,0.93,"The language quality and factual content are entirely implausible and satirical, featuring vulgar slang in the bottom text and parodic branding ('Jogra TV', 'CLOWN CEMENT') replacing real media outlets."
JO_02_POL_115.jpg,Fake,Fake,0.91,"The photocard contains explicit vulgar slang and profanity in the bottom banner, which completely violates professional journalistic standards and language quality."
JO_02_POL_117.jpg,Fake,Fake,0.88,"The image features a digitally altered picture of football star Cristiano Ronaldo wearing traditional Arab attire combined with a Bangladeshi political party logo and a bizarre headline about voting for a political symbol, which drastically violates both factual plausibility and visual consistency."
JO_02_POL_120.jpg,Fake,Fake,0.77,"The language quality and factual plausibility dimensions indicate this is fake, as the headline uses extremely inflammatory and unprofessional phrasing ('রগ কেটে দেওয়ার হুমকি') completely atypical of standard news media reporting."
JO_02_POL_124.jpg,Fake,Fake,0.93,"The content and branding combine contradictory elements such as the Bangladesh Cricket Board logo, a satirical 'Kolkata Chhatra League' emblem, and vulgar humor at the bottom ('IPL English Commode'), which strongly indicates digital fabrication and parody."
JO_02_POL_130.jpg,Fake,Fake,0.82,"The photocard shows signs of digital manipulation in the text banner, featuring an unusual clickbait tone and an impossible future date (19 January 2026) inconsistent with standard news publishing practices."
JO_02_POL_173.jpg,Fake,Fake,0.81,"The language quality is informal and uses slang (""রাজাকারের বাচ্চারা"", ""হা হা রিয়েক্ট দিবে খিলখিল করে হাসবে""), which is typical of fabricated social media memes rather than professional news outlets."
JO_02_POL_174.jpg,Fake,Fake,0.8,"The language quality dimension is heavily compromised, featuring highly informal, abusive slang ('রাজা'কারের বাচ্চারা') that would never appear in a professional news outlet's editorial content."
JO_02_POL_175.jpg,Fake,Fake,0.95,"The photocard exhibits severe issues across multiple dimensions, including unprofessional clickbait language ('ভীড়ের মাঝেও একা হয়ে গেলেন'), an obscure/suspicious outlet name ('Jogra TV') with mismatched branding style, and inconsistent template graphics characteristic of fabricated social media cards."
JO_02_POL_176.jpg,Fake,Fake,0.88,"The photocard contains highly sensationalized and absurd clickbait language ('দুই পিরে কামেল') and an anachronistic future date ('৩০ ডিসেম্বর ২০২৫'), indicating it is a fabricated graphic."
JO_02_POL_177.jpg,Fake,Fake,0.84,"The image features poor visual editing with overlaid meme faces (such as Ebadot/Miraz), unprofessional clickbait text quality, and implausible content regarding a news outlet logo 'Jogra TV'."
JO_02_POL_178.jpg,Fake,Fake,0.77,"The content and language quality exhibit clear clickbait and satirical traits ('লাঠি নিয়ে সঙ্গে থাকবেন মিরাজ আফ্রিদি'), which, combined with informal slang in the footer ad ('প্রেমের ব্যথা, পিঠে ব্যথা...'), strongly indicate a fabricated meme photocard."
JO_02_POL_179.jpg,Fake,Fake,0.87,"The photocard uses unprofessional language ('ধাক্কাবাজ', 'ইংরেজি গালি শেখার অ্যাপ') and a fabricated outlet branding ('Jogra tv') instead of a recognized news agency, clearly indicating a satirical or fake social media meme."
JO_02_POL_203.jpg,Fake,Fake,0.82,"The language quality and content plausibility dimensions reveal highly inappropriate, vulgar slang and profanity ('চেটে খান চুষে খান') at the bottom banner, which contradicts the professional standards of any legitimate news outlet."
JO_02_POL_212.jpg,Fake,Fake,0.77,"The language quality and factual plausibility dimensions indicate this is fake, as the headline uses absurd, nonsensical phrasing ('ব্যাটারির চার্জ শেষ হওয়ায় খালেদা জিয়ার জন্য এয়ার এ্যাম্বুলেন্স আসছে না') typical of satirical or fabricated memes rather than professional news journalism."
JO_02_POL_216.jpg,Fake,Fake,0.83,"The content is factually absurd and implausible, falsely claiming that Indian cricketer Virat Kohli joined a political party while digitally altering his image with a prayer cap, reflecting poor language quality and a clickbait tone."
JO_02_POL_220.jpg,Fake,Fake,0.9,"The photocard shows a poorly manipulated image depicting two political rivals together in a hospital, featuring highly sensationalized clickbait text and an implausible scenario that contradicts known political realities and historical relations."
JO_02_POL_221.jpg,Fake,Fake,0.93,"The language quality of the headline (""এবার,আল্লাহর ওয়াস্তে জামায়াতে ইসলামীতে যোগ দিলেন: লিটন মাহমুদ"") uses an unprofessional, highly colloquial and clickbait tone (""আল্লাহর ওয়াস্তে"") that is atypical of professional news outlets."
JO_02_POL_224.jpg,Fake,Fake,0.75,"The language quality of the headline uses informal and disrespectful phrasing ('শ্রীমতি হাসিনা', 'খালেদাজিয়া') and the implausible premise of a political leader flying an airplane contradicts factual reality, aligning with dimensions 4 and 5."
JO_02_POL_226.jpg,Fake,Fake,0.81,"The language quality and factual plausibility dimensions indicate this is a fabricated meme, featuring nonsensical, satirical, and clickbait phrasing ('শেষ হাসিনা', 'বাপের বাড়ি') combined with deliberate absurdity typical of social media parody cards."
JO_02_POL_229.jpg,Fake,Fake,0.91,"The language quality dimension strongly indicates this is fake, as the headline features crude and vulgar slang ('পুটকির লোম') completely inappropriate for any professional news outlet."
JO_02_POL_245.jpg,Fake,Fake,0.81,"The language quality dimension heavily indicates fakery due to the derogatory and offensive phrase 'ছিদ্র নায়ক' (hole hero) and the nonsensical ticker 'মির্জাফর মশার কয়েল' at the bottom, which are classic hallmarks of fabricated social media meme photocards."
JO_02_POL_263.jpg,Fake,Fake,0.81,"The content is factually absurd and implausible, mentioning a fictional 'Pabna-7' constituency and mocking political and religious figures in a clickbait style uncharacteristic of a professional news outlet."
JO_02_POL_270.jpg,Fake,Fake,0.78,"The photocard exhibits unprofessional layout, informal and clickbait phrasing atypical of standard news writing, and an unverified satirical headline attributed to a public figure."
JO_02_POL_300.jpg,Fake,Fake,0.88,"The photocard contains extremely informal, vulgar, and non-standard slang ('রূপচোদনা' and inappropriate phrasing) completely atypical of any professional news outlet, making it an obvious fabricated satire or smear."
JO_02_SPT_006.jpg,Fake,Fake,0.78,"The photocard uses unprofessional language, clickbait sensationalism (""ঝগড়া টিভি""), and poor layout consistency, which strongly deviates from standard professional journalistic templates."
JO_02_SPT_007.jpg,Fake,Fake,0.86,"Factual plausibility and internal consistency strongly indicate fabrication; Lionel Messi is famously the captain of Argentina and would never play for Brazil, making this satirical clickbait."
JO_02_SPT_010.jpg,Fake,Fake,0.92,"The language quality and content plausibility strongly indicate fabrication, as the headline features a highly absurd and sensationalized satirical claim ('ব্রাজিলের খেলা দেখে এক আর্জেন্টিনা দর্শকের স্টক করে মৃত্যু') combined with an unprofessional tone atypical of real news outlets."
JO_02_SPT_026.jpg,Fake,Fake,0.92,"The photocard exhibits severe factual implausibility, claiming police arrested Lionel Messi (""মেসিকে"") and sent him to prison, accompanied by a satirical headline and unprofessional visual presentation entirely inconsistent with genuine news organizations."
JO_02_SPT_034.jpg,Fake,Fake,0.82,The language quality and phrasing ('আমাকে হানিয়া আমিরের মতো দেখা যায়' with 'লেয় লা') show a classic clickbait fabrication style atypical of professional news outlets.
JO_02_SPT_133.jpg,Fake,Fake,0.89,"The headline uses informal, sensational, and non-journalistic slang (""চেটেপুটে খাও চুষে চুষে খাও"") typical of fabricated satirical or troll memes rather than a professional news outlet."
JO_02_SPT_134.jpg,Fake,Fake,0.86,"The language quality dimension strongly indicates this is fake, as the headline contains vulgar and offensive slang ('হস্তমৈথুন আলী') rather than professional editorial text."
JO_02_SPT_137.jpg,Fake,Fake,0.76,"The content is absurd and implausible, falsely claiming football player Kylian Mbappé joined a religious group, combined with unprofessional and satirical phrasing violating factual and content plausibility."
JO_02_SPT_138.jpg,Fake,Fake,0.81,"The photocard contains explicit slang and vulgar terminology in the text banner ('কিসের বালের মামলা', 'কামলাদের জন্য'), which completely violates standard editorial guidelines and exposes the graphic as a fabricated satire."
JO_02_SPT_158.jpg,Fake,Fake,0.92,"The content is factually absurd and physically impossible, combining the faces of Tamim Iqbal and Virat Kohli into a morphed image with nonsensical clickbait text, which violates multiple dimensions of authenticity and internal consistency."
JO_02_SPT_160.jpg,Fake,Fake,0.84,"The headline claims a player scored 30 runs off 1 ball, while the scoreboard in the image shows 1(3), and the overall formatting and absurd phrasing indicate digital editing and a clickbait tone atypical of professional news outlets."
JO_02_SPT_161.jpg,Fake,Fake,0.82,"The photocard shows extreme internal contradictions and implausibility, claiming a male cricketer (Soumya Sarkar) playing in a men's T20 match scored 60 runs off 1 ball, while the headline refers to a female name (Sumaiya Sarkar)."
JO_02_SPT_163.jpg,Fake,Fake,0.78,"The image features vulgar slang and explicit offensive language in the headline and text overlays, which blatantly violates standard professional journalism and editorial style."
JO_02_SPT_165.jpg,Fake,Fake,0.94,"The content is absurd and fake, showing Indian Prime Minister Narendra Modi in a KKR jersey with a derogatory caption calling him a 'cutter master balenru muchi' and replacing Mustafizur, which completely violates factual plausibility, language quality, and visual consistency standards."
JO_02_SPT_169.jpg,Fake,Fake,0.94,"The visual template and headline contain informal, crude slang ('পুটকি', 'ছেদা বন্তু', 'নুনু অন্ধ') combined with a fabricated image of an Indian political figure in a cricket jersey, violating professional news standards and internal consistency."
JO_02_SPT_170.jpg,Fake,Fake,0.8,"The factual content is entirely absurd and satirical, combining Jofra Archer's image with a fictitious claim that he is a fast bowler from Noakhali joining 'Chattogram Royals' in 2026, alongside clickbait ad elements at the bottom."
JO_02_SPT_188.jpg,Fake,Fake,0.88,"The language quality dimension is heavily violated by vulgar slang, fake sponsors like 'Clown Cement', and absurd claims that strongly indicate a fabricated meme rather than a professional news outlet."
JO_02_SPT_200.jpg,Fake,Fake,0.91,"The content is highly absurd and satirical, combining a famous WWE wrestler with an internet personality for boxing, paired with a comical promotional message at the bottom ('চার্জিং অবস্থায় নো গেমস! ব্যাটারি ফুলবে না কবরর গ্যারান্টি'), which strongly indicates a fabricated meme photocard."
JO_02_SPT_206.jpg,Fake,Fake,0.81,"The photocard combines unrelated images—including a celebrity model holding an apple and a cricketer—with absurd and clickbait text ('Rashid Khan Menon') in a poorly constructed layout, violating multiple standards of visual and editorial consistency."
JO_02_SPT_217.jpg,Fake,Fake,0.88,"The language quality and factual plausibility dimensions indicate a fake photocard, as it contains unprofessional phrasing like 'বউয়ের দোয়া ক্রিকেট টিম' (Wife's Blessing Cricket Team) and absurd humorous text at the bottom, which is not characteristic of professional sports news outlets."
JO_02_SPT_227.jpg,Fake,Fake,0.92,"The image is a digitally manipulated meme featuring a morphed photo of politician Obaidul Quader in a cricket jersey, combined with implausible content and unofficial branding, making it clearly fabricated."
JO_02_SPT_236.jpg,Fake,Fake,0.86,"The language quality and factual plausibility dimensions indicate a fake photocard, as comparing a professional cricketer to 'dry wood' (শুকনা কাঠ) for 35 lakh taka uses derogatory slang and an unprofessional clickbait tone atypical of real news outlets."
JO_02_SPT_237.jpg,Fake,Fake,0.77,"The photocard is fake because it claims the person in the image is Bangladesh's number one badminton player, while the photo clearly shows him playing football with his foot, and the sponsor text at the bottom ('একটি বিশ্বস্ত মানব পাচারকারী প্রতিষ্ঠান') bizarrely claims to be a trusted human trafficking organization."
JO_02_SPT_243.jpg,Fake,Fake,0.94,"The headline claims a player scored 200 runs from 16 balls, which is factually impossible in cricket, and the visual layout and branding use unofficial amateur templates."
JO_02_SPT_267.jpg,Fake,Fake,0.77,"The factual/content plausibility and visual/template consistency dimensions indicate this is fake, as it features a satirical headline about villagers wrestling with torches and a political banner featuring Donald Trump at the bottom, which is characteristic of meme content rather than professional journalism."
JO_02_SPT_275.jpg,Fake,Fake,0.78,"The language quality of the headline is clickbait and informal, and the content appears to be a satirical meme rather than a professional news report from 'Jogra TV'."
JO_02_SPT_277.jpg,Fake,Fake,0.79,"The language quality dimension is heavily compromised, featuring extremely vulgar slang ('ইংরেজি গালি শেখার অ্যাপ') and comical elements resembling Duolingo branding at the bottom, which clearly indicates a fabricated meme or satirical photocard."
JO_02_SPT_290.jpg,Fake,Fake,0.88,"The content is absurdly satirical and implausible, claiming an Indian comedy actor won the French Ballon d'Or, combined with a clickbait tone and low-quality meme formatting that violates internal consistency and factual plausibility."
PU_02_BIZ_050.jpg,Fake,Fake,0.77,"The content is absurd and satirical ('loan defaulters congratulating the new Bangladesh Bank governor'), which indicates a fabricated parody photocard despite its visual similarity to Prothom Alo."
PU_02_BIZ_113.jpg,Fake,Fake,0.78,"The photocard uses the branding of 'Prothom Alo' but features a satirical headline labeling major political pages as 'meme pages' intended for sale, which contradicts the outlet's standard editorial style and factual plausibility."
PU_02_CRM_004.jpg,Fake,Fake,0.76,"The language quality and factual plausibility dimensions indicate this is a fabricated satirical photocard, as mainstream news outlets would not use such bizarre and offensive phrasing ('যৌন হয়রানির অভিযোগ') in an official headline."
PU_02_CRM_012.jpg,Fake,Fake,0.82,"The photocard exhibits extreme sensationalism in language and implausible content regarding a public execution, combined with visual inconsistencies typical of fabricated social media cards."
PU_02_CRM_059.jpg,Fake,Fake,0.82,"The date listed at the bottom is '১৯ ডিসেম্বর ২০২৫' (December 19, 2025), which is in the future relative to the current context, and the headline phrasing and visual layout show inconsistencies typical of fabricated social media cards."
PU_02_CRM_061.jpg,Fake,Fake,0.8,"The headline uses a satirical/clickbait phrasing ('যে দেশে পড়াশোনা করে কিছু হয় না, তাই ৫৬৪ কেজি পাঠ্যবই বিক্রিয় করেন প্রধান শিক্ষক') which is typical of meme pages mimicking media outlets rather than professional journalistic style."
PU_02_CRM_065.jpg,Fake,Fake,0.94,The language quality and factual content plausibility dimensions indicate this is a fabricated photocard using vulgar and sensationalist clickbait text atypical of professional news outlets.
PU_02_CRM_103.jpg,Fake,Fake,0.82,"The language quality of the headline is sensationalist and informal, and Hasnat Abdullah is a known activist/student leader rather than a sitting MP of Cumilla as falsely claimed in the fabricated text, violating standard journalistic conventions."
PU_02_CRM_114.jpg,Fake,Real,0.47,"The outlet identity, template styling, professional font usage, and URL branding match the established standards of Prothom Alo's digital photocards."
PU_02_CRM_123.jpg,Fake,Fake,0.84,"The headline makes a sarcastic claim ('বি এস আর এম বাঁশ' - BSRM bamboo, combining a well-known steel brand with bamboo) which indicates a satirical or fabricated meme rather than a professional news report."
PU_02_DIS_101.jpg,Fake,Fake,0.86,"The headline describes an absurd and sensational claim about a 9.7 magnitude earthquake occurring simultaneously with a political leader's arrival, which violates factual plausibility and professional editorial style."
PU_02_ENT_015.jpg,Fake,Fake,0.89,"The headline uses absurd and unprofessional phrasing ('জামার ওপর অন্তর্বাস') uncharacteristic of a real news outlet, and contains an anachronistic date ('২১ এপ্রিল ২০২৬')."
PU_02_ENT_018.jpg,Fake,Fake,0.91,"The photocard exhibits severe internal inconsistency and factual implausibility, presenting a bizarre headline linking public figures in an unprofessional manner, combined with anachronistic date details that do not match real reporting standards."
PU_02_ENT_079.jpg,Fake,Fake,0.94,"The headline contains absurd, satirical wording ('সিদ্ধ আলু দিতে লিগ্যাল নোটিশ' - legal notice to give boiled potatoes) alongside nonsensical text, clearly indicating a satirical or fabricated meme photocard."
PU_02_ENT_088.jpg,Fake,Fake,0.75,"The headline and text style reflect low-quality, viral meme content rather than professional journalism, utilizing a clickbait framing atypical of established news outlets like Prothom Alo."
PU_02_ENT_096.jpg,Fake,Fake,0.91,"The date shown at the bottom is '১৫ নভেম্বর ২০২৫' (November 15, 2025), which is in the future relative to the current knowledge cutoff. This represents an internal consistency and factual implausibility failure."
PU_02_ENT_138.jpg,Fake,Fake,0.82,"The image is a digitally manipulated deepfake showing an Indian actress shaking hands with a religious figure in a surreal context, and the headline is entirely implausible and fabricated."
PU_02_ENT_142.jpg,Fake,Fake,0.88,"The headline uses colloquial and unprofessional slang (""ডিগবাজি জায়েদ খান"") atypical of Prothom Alo's editorial standards, and the date ""১৪ নভেম্বর ২০২৫"" is in the future."
PU_02_ENT_147.jpg,Fake,Fake,0.87,"The image clearly depicts edited faces—specifically featuring internet personality Mia Khalifa photoshopped alongside a groom—and combines it with a satirical headline about a political leader, which violates both visual template consistency and factual plausibility."
PU_02_HLT_058.jpg,Fake,Fake,0.92,"The language quality and factual content plausibility dimensions indicate this is a parody photocard, using the name 'Prothom Alo' alongside derogatory slang and crude political satire ('হাম্বালীগ') that does not match professional editorial standards."
PU_02_INT_007.jpg,Fake,Fake,0.89,"The headline contains highly absurd and offensive phrasing ('কালো বৈশাখ' referring to an ethnic slur) which violates professional news standards, and the visual quality and text rendering show clear signs of fabrication mimicking the Prothom Alo template."
PU_02_INT_042.jpg,Fake,Fake,0.77,"The headline uses informal, sensationalist clickbait phrasing ('ক্ষেপে আগুন') which violates professional editorial standards (Language quality), and the date shown is December 2025 which is in the future (Factual plausibility)."
PU_02_INT_056.jpg,Fake,Fake,0.75,"The photocard uses the Prothom Alo logo but contains highly absurd, satirical content about Donald Trump visiting a viral buffalo in Narayanganj with an impossible future date (May 2026), reflecting classic meme/satire creation rather than professional journalism."
PU_02_INT_062.jpg,Fake,Fake,0.79,"The photocard combines a known image of Indian Prime Minister Narendra Modi wearing a flight suit with a fabricated and sensationalized headline about a Tejas crash at the Dubai Air Show, showing clear signs of manipulation in language quality and factual plausibility."
PU_02_INT_068.jpg,Fake,Fake,0.88,"Factual and internal inconsistency: Suvendu Adhikari is not the Chief Minister of West Bengal (Mamata Banerjee is), and the title uses derogatory phrasing atypical of professional news outlets like Prothom Alo."
PU_02_INT_075.jpg,Fake,Fake,0.87,"The content describes an absurd and geopolitically impossible scenario involving North Korea attacking Israel at Iran's request, violating factual plausibility and internal consistency, and using an image of Kim Jong Un paired with military tests unrelated to the claim."
PU_02_INT_108.jpg,Fake,Fake,0.77,"The content is absurd and factually impossible, depicting Donald Trump and Elon Musk raising fists in front of a communist hammer-and-sickle symbol with an implausible satirical caption, which points strongly to a fabricated social media meme."
PU_02_INT_119.jpg,Fake,Fake,0.84,"The content is factually absurd and implausible, falsely claiming that Donald Trump stated Bangladesh wanted to make him Prime Minister, which fails the factual plausibility and internal consistency checks."
PU_02_INT_130.jpg,Fake,Fake,0.85,"The photocard combines a satirical headline about Donald Trump and a nuclear center in Dhaka with the branding of Prothom Alo, yet features an implausible date in 2026 and a clickbait tone atypical of professional news outlets."
PU_02_INT_140.jpg,Fake,Fake,0.82,"The content is factually absurd, attributing an utterly bizarre and impossible statement to the Indian Prime Minister regarding a high-profile political figure, which heavily violates factual plausibility and internal consistency."
PU_02_POL_001.jpg,Fake,Fake,0.75,"The language quality and phrasing exhibit sensationalized, derogatory clickbait characteristics ('পালিযে যাবে') atypical of professional news outlets, and the date '১০ মে ২০২৬' refers to the future, making the content fabricated."
PU_02_POL_002.jpg,Fake,Fake,0.79,"The date listed is '১৩ মে ২০২৬' (May 13, 2026), which is in the future, making the photocard anachronistic and fabricated."
PU_02_POL_010.jpg,Fake,Fake,0.95,"The date listed at the bottom is '২৯ এপ্রিল ২০২৬' (29 April 2026), which is in the future relative to the present knowledge cutoff, indicating fabrication."
PU_02_POL_011.jpg,Fake,Fake,0.83,"The text refers to Tarique Rahman as the Prime Minister of Bangladesh and features a satirical/doctored image, which contradicts political facts and the professional standards of Prothom Alo."
PU_02_POL_013.jpg,Fake,Fake,0.88,"The image is a digitally manipulated deepfake showing heavily altered faces and impossible political scenarios, and the headline and premise contradict known facts."
PU_02_POL_014.jpg,Fake,Fake,0.95,"The headline describes an absurd and sensationalized satirical scenario involving a prominent student leader fleeing to Myanmar by river, which heavily points to a fabricated photocard mimicking a major outlet."
PU_02_POL_024.jpg,Fake,Fake,0.79,"The content and headline attribute an extremely implausible, violent, and absurd statement to a political candidate, reflecting poor factual plausibility and internal consistency characteristic of fabricated social media cards."
PU_02_POL_031.jpg,Fake,Fake,0.79,"The visual template, font styling, and general composition closely mimic professional news outlets like Prothom Alo, but the headline's provocative phrasing and unusual speculative premise point towards fabrication. Furthermore, specific temporal or contextual anomalies in the text and visual inconsistencies place high suspicion on its authenticity."
PU_02_POL_041.jpg,Fake,Fake,0.86,The photocard contains factual and linguistic anomalies regarding high-profile political events and uses a template manipulation characteristic of fabricated social media content.
PU_02_POL_044.jpg,Fake,Fake,0.78,"The photocard uses the branding of Prothom Alo, but the headline features highly implausible, sensational, and fabricated content attributed to Shakib Al Hasan, combined with visual and textual template inconsistencies."
PU_02_POL_053.jpg,Fake,Fake,0.85,"The date listed at the bottom is '০১ জানুয়ারি ২০২৬', which is in the future relative to the current year, making the text factually implausible and indicating a fabricated photocard."
PU_02_POL_054.jpg,Fake,Fake,0.9,"The language quality and factual plausibility dimensions indicate this is a fabricated satirical photocard, as a major political party issuing a herbal card for weak individuals in special moments is absurd and not standard news reporting."
PU_02_POL_057.jpg,Fake,Fake,0.82,"The date listed at the bottom is '৩০ ডিসেম্বর ২০২৫' (30 December 2025), which is in the future relative to the current timeframe, making the photocard anachronistic and fabricated."
PU_02_POL_063.jpg,Fake,Fake,0.76,"The photocard's factual plausibility and internal consistency are completely fabricated, depicting Jamaat-e-Islami ameer Shafiqur Rahman wearing a T-shirt promoting BNP's acting chairman Tarique Rahman with slogans of the nationalist youth wing, which contradicts known political realities."
PU_02_POL_069.jpg,Fake,Fake,0.87,"The headline contains extreme, absurd political claims ('Begum Rokeya advanced women more than Zaima Rahman') and the date is set in the future (March 2026), violating factual plausibility and internal consistency dimensions."
PU_02_POL_072.jpg,Fake,Fake,0.76,"The photocard shows glaring internal inconsistencies and factual implausibility, including anachronistic future dates and AI-generated or manipulated imagery depicting events that contradict known current affairs regarding Sheikh Hasina."
PU_02_POL_077.jpg,Fake,Fake,0.82,"The date indicates '08 March 2026', which is in the future, revealing that the photocard is fabricated."
PU_02_POL_084.jpg,Fake,Fake,0.95,"The content and headline describing the Awami League changing its name to 'Bangladesh Telegram League' along with a doctored Telegram logo is absurd, violating factual plausibility and internal consistency."
PU_02_POL_087.jpg,Fake,Fake,0.77,"The language quality and content plausibility dimensions indicate this is fake, as professional news outlets do not use informal, highly partisan slang like 'রাজাকারের বাচ্চারা হা হা রিয়েক্ট দিবে' in official headlines."
PU_02_POL_089.jpg,Fake,Fake,0.9,"The language quality and factual plausibility dimensions indicate manipulation, as the text contains unnatural framing and phrasing regarding the Home Minister Salahuddin Ahmed that is inconsistent with standard professional journalistic practices and actual political titles."
PU_02_POL_094.jpg,Fake,Fake,0.81,"The factual content and date (December 2025) are anachronistic and implausible, and the language style contains sensationalized clickbait elements inconsistent with standard professional editorial practices."
PU_02_POL_109.jpg,Fake,Fake,0.77,"The photocard attributes a controversial and fabricated quote to Tarique Rahman as Prime Minister in 2026, featuring poor visual layout and unprofessional sensationalist tone inconsistent with genuine Prothom Alo design standards."
PU_02_POL_112.jpg,Fake,Fake,0.76,"The language quality and phrasing ('মন্ত্রিত্বের লোভে বিএনপিতে যোগ দিলে জামায়াত নেতা শফিকুল ইসলাম মাসুদ') are highly sensationalized and clickbait-driven, which violates the standard professional editorial style of Prothom Alo."
PU_02_POL_120.jpg,Fake,Fake,0.91,"The photocard uses the branding of Prothom Alo, but the quote uses informal, highly emotional language ('হায় আল্লাহ আমি যদি রাষ্ট্রপতি হতাম...') and attributes a statement that is implausible and inconsistent with professional editorial standards."
PU_02_POL_128.jpg,Fake,Fake,0.91,"The date shown at the bottom left is '০৭ মার্চ ২০২৬' (7 March 2026), which is in the future, indicating the photocard is fabricated."
PU_02_POL_133.jpg,Fake,Fake,0.92,"The date shown at the bottom is '১৩ মার্চ ২০২৬' (13 March 2026), which is in the future, revealing that this photocard is fabricated."
PU_02_POL_134.jpg,Fake,Fake,0.91,"The language quality and content plausibility strongly indicate fabrication, as professional news outlets do not use inciting or threatening phrasing like 'ওরে যেখানেই পাওয়া যাবে সেখানেই ওর প্রাপ্য বুঝিয়ে দিতে অনুরোধ করা হলো' in headlines."
PU_02_POL_136.jpg,Fake,Fake,0.89,"The headline uses a distinctly informal, meme-like clickbait tone ('বাসর ঘরে লাইট বন্ধ করায় দেখা যায়নি রাফসান কে') which contradicts professional news editorial style across dimension 4."
PU_02_POL_137.jpg,Fake,Fake,0.91,"The date shown at the bottom ('০৫ মার্চ ২০২৬') is in the future, and the headline describes an implausible scenario, making it internally and factually inconsistent."
PU_02_POL_141.jpg,Fake,Fake,0.84,"Factual and internal inconsistencies (dimension 5 and 6) reveal this is a fabricated photocard, as it depicts a fictional political scenario involving dates and titles that do not align with known reality."
PU_02_POL_144.jpg,Fake,Fake,0.83,The language quality and factual plausibility dimensions indicate this is fake. The phrasing in the headline contains absurd contradictions and grammatical errors ('এমপি মন্ত্রী পদে থেকেও রাষ্ট্রপতি একইসাথে মেয়র নির্বাচন করার ঘোষণা') that would never appear in legitimate Prothom Alo journalism.
PU_02_POL_146.jpg,Fake,Fake,0.83,"The content mixes political figures in a sarcastic, non-editorial manner ('Sheikh Suvendu Adhikari' as a new father of the Awami League), and the photocard features an absurd, meme-like image and poor internal consistency, pointing to fabrication."
PU_02_SPT_045.jpg,Fake,Fake,0.9,"The date listed (December 15, 2025) is in the future, and the image exhibits clear digital editing artifacts and inconsistencies typical of fabricated social media photocards."
PU_02_SPT_048.jpg,Fake,Fake,0.83,"The date listed at the bottom is November 15, 2026, which is in the future, revealing that the photocard is fabricated."
PU_02_SPT_052.jpg,Fake,Fake,0.86,"The headline uses crude, non-editorial slang ('কারো বাপের ক্ষমতা নাই') which violates standard professional journalistic language and reveals it as a fabricated meme."
PU_02_SPT_064.jpg,Fake,Fake,0.8,"The language quality and content plausibility dimensions indicate this is a fabricated meme, using satirical political framing combined with a standard news outlet template."
PU_02_SPT_074.jpg,Fake,Fake,0.9,"The headline contains unnatural slang ('তেল কায়েস') and substandard phrasing completely atypical of Prothom Alo's professional editorial style, indicating digital fabrication."
PU_02_SPT_086.png,Fake,Fake,0.92,"The claim that Argentina will boycott the World Cup over penalty rules is entirely implausible, and the headline uses a sensationalist style atypical of professional news outlets."
PU_02_SPT_090.png,Fake,Fake,0.94,"The content is factually absurd and satirical, showing AI-generated images of Lionel Messi visiting Cristiano Ronaldo in the hospital over failing to score a hat-trick while shouting 'Suuu'."
PU_02_SPT_093.jpg,Fake,Fake,0.81,"The date provided in the photocard is '২০ মে ২০২৬' (20 May 2026), which is in the future, indicating that the photocard was fabricated using an anachronistic date."
PU_02_SPT_107.jpg,Fake,Fake,0.88,"The photocard exhibits extreme factual implausibility, absurd visual tampering highlighting inappropriate gestures on famous cricketers, and an anachronistic future date (2026), heavily indicating fabrication."
