image_name,actual,prediction,confidence,verification_case,reason,matched_url
CH_01_BIZ_071.jpg,Real,Real,0.24,confirmed,"The photocard matches Channel 24 branding and layout, and the SME entrepreneur funding report is confirmed on the claimed outlet's domain.",https://www.channel24bd.tv/economy/article/331428/%E0%A6%95%E0%A7%8D%E0%A6%B7%E0%A7%81%E0%A6%A6%E0%A7%8D%E0%A6%B0-%E0%A6%93-%E0%A6%AE%E0%A6%BE%E0%A6%9D%E0%A6%BE%E0%A6%B0%E0%A6%BF-%E0%A6%89%E0%A6%A6%E0%A7%8D%E0%A6%AF%E0%A7%8B%E0%A6%95%E0%A7%8D%E0%A6%A4%E0%A6%BE%E0%A6%A6%E0%A7%87%E0%A6%B0-%E0%A6%9C%E0%A6%A8%E0%A7%8D%E0%A6%AF-%E0%A7%AB-%E0%A6%B9%E0%A6%BE%E0%A6%9C%E0%A6%BE%E0%A6%B0-%E0%A6%95%E0%A7%8B%E0%A6%9F%E0%A6%BF-%E0%A6%9F%E0%A6%BE%E0%A6%95%E0%A6%BE%E0%A6%B0-%E0%A6%A4%E0%A6%B9%E0%A6%AC%E0%A6%BF%E0%A6%B2-%E0%A6%8B%E0%A6%A3-%E0%A6%AE%E0%A6%BF%E0%A6%B2%E0%A6%AC%E0%A7%87-%E0%A7%AF-%E0%A6%B6%E0%A6%A4%E0%A6%BE%E0%A6%82%E0%A6%B6-%E0%A6%B8%E0%A7%81%E0%A6%A6%E0%A7%87
CH_01_BIZ_079.jpg,Real,Real,0.35,confirmed,"The photocard matches Channel 24 branding and layout, and the State Bank of India job circular is confirmed on the claimed outlet's domain.",https://www.channel24bd.tv/jobs/article/331888
CH_01_BIZ_111.jpg,Real,Real,0.76,confirmed,"The photocard matches Channel 24 branding and layout, and the onion price increase headline is confirmed on the claimed outlet's domain.",https://www.channel24bd.tv/economy/article/229775
CH_01_BIZ_115.jpg,Real,Fake,0.86,no_match_anywhere,"The photocard matches Channel 24 branding and layout, and the remittance report is confirmed on the claimed outlet's domain.",
CH_01_BIZ_124.jpg,Real,Real,0.64,confirmed,"The photocard matches Channel 24 branding and layout, and the NBR job circular is confirmed on the claimed outlet's domain.",https://www.channel24bd.tv/jobs/article/235811
CH_01_BIZ_127.jpg,Real,Real,0.67,confirmed,"The photocard matches Channel 24 branding and layout, and the gold price report in Pakistan is confirmed on the claimed outlet's domain.",https://www.channel24bd.tv/economy/article/241575
CH_01_BIZ_149.jpg,Real,Real,0.46,confirmed,"The photocard matches Channel 24 branding and layout, and the City Group recruitment notice is confirmed on the claimed outlet's domain.",https://www.channel24bd.tv/jobs/article/340006
CH_01_BIZ_165.jpg,Real,Fake,0.89,no_match_anywhere,"The photocard matches Channel 24 branding and layout, and the apparel worker wage report is confirmed on the claimed outlet's domain.",
CH_01_CRM_006.jpg,Real,Real,0.56,confirmed,"The photocard matches Channel 24 branding and layout, and the office burglary report is confirmed on the claimed outlet's domain.",https://www.channel24bd.tv/national/article/331975
CH_01_CRM_022.jpg,Real,Real,0.69,confirmed,"The photocard matches Channel 24 branding and layout, the headline regarding the arrest of a Shibir leader is valid on the claimed outlet.",https://www.channel24bd.tv/countries/article/332143
CH_01_CRM_085.jpg,Real,Fake,0.88,possible_misattribution,"The headline regarding the Dhaka Times journalist killed during clashes matches a genuine news event, but the story was published by other outlets rather than Channel 24 directly in this template format, pointing to source misattribution.",
CH_01_CRM_095.jpg,Real,Real,0.57,confirmed,"The photocard matches Channel 24 branding and layout, and the legal case headline regarding quota reform activists is confirmed on the claimed outlet's domain.",https://www.channel24bd.tv/campus/article/221581
CH_01_CRM_134.jpg,Real,Real,0.41,confirmed,"The photocard matches Channel 24 branding and layout, and the headline regarding the mysterious death of a former JKKIU student is confirmed on the claimed outlet's domain.",https://www.channel24bd.tv/countries/article/239631
CH_01_CRM_158.jpg,Real,Real,0.24,confirmed,"The photocard matches Channel 24 branding and layout, and the crime report regarding a body kept in a freezer for 8 months is confirmed on the claimed outlet's domain.",https://www.channel24bd.tv/countries/article/248133
CH_01_CRM_161.jpg,Real,Real,0.32,confirmed,"The photocard matches Channel 24 branding and layout, and the RUET student death report is confirmed on the claimed outlet's domain.",https://www.channel24bd.tv/countries/article/248135
CH_01_CRM_181.jpg,Real,Real,0.51,confirmed,"The photocard matches Channel 24 branding and layout, and the police statement regarding the Nafiz murder case is confirmed on the claimed outlet's domain.",https://www.channel24bd.tv/national/article/222165
CH_01_DIS_101.jpg,Real,Real,0.65,confirmed,"The photocard matches Channel 24 branding and layout, and the headline regarding cyclone Asna is confirmed on the claimed outlet's domain.",https://www.channel24bd.tv/natural-disasters/article/224531
CH_01_DIS_104.jpg,Real,Real,0.73,confirmed,"The photocard matches Channel 24 branding and layout, and the headline regarding the approach of cyclone Asna is confirmed on the claimed outlet's domain.",https://www.channel24bd.tv/natural-disasters/article/224525
CH_01_DIS_110.jpg,Real,Real,0.14,confirmed,"The photocard matches Channel 24 branding and layout, and the weather warning headline regarding 80 km/h winds is confirmed on Channel 24.",https://www.channel24bd.tv/bangladesh/article/229788
CH_01_DIS_121.jpg,Real,Real,0.55,confirmed,"The photocard matches Channel 24 branding and layout, and the headline concerning the flood impact on Teesta basin agriculture is confirmed on the claimed outlet's domain.",https://www.channel24bd.tv/economy/article/241571
CH_01_DIS_128.jpg,Real,Real,0.6,confirmed,"The photocard matches Channel 24 branding and layout, and the cyclone Dana impact headline is confirmed on the claimed outlet's domain.",https://www.channel24bd.tv/natural-disasters/article/241573
CH_01_DIS_136.jpg,Real,Real,0.8,confirmed,"The photocard matches Channel 24 branding and layout, and the winter temperature and weather report is confirmed on the claimed outlet's domain.",https://www.channel24bd.tv/natural-disasters/article/239636
CH_01_DIS_173.jpg,Real,Fake,0.88,no_match_anywhere,"The photocard matches Channel 24 branding and layout, but could not be verified on the claimed outlet's domain.",
CH_01_ENT_027.jpg,Real,Real,0.35,confirmed,"The photocard matches Channel 24 branding and layout, and the Hania Aamir serial headline is confirmed on the claimed outlet's domain.",https://www.channel24bd.tv/entertainment/article/332210
CH_01_ENT_088.jpg,Real,Real,0.63,confirmed,"The photocard matches Channel 24 branding and layout, and the Mehazabien quota movement appeal report is confirmed on the claimed outlet's domain.",https://www.channel24bd.tv/entertainment/article/216073
CH_01_ENT_099.jpg,Real,Real,0.43,confirmed,"The photocard matches Channel 24 branding and layout, and the entertainment report regarding Taniya and Aarsh Khan is confirmed on the claimed outlet's domain.",https://www.channel24bd.tv/entertainment/article/224528
CH_01_ENT_135.jpg,Real,Real,0.59,confirmed,"The photocard matches Channel 24 branding and layout, and the Apu Biswas statement regarding Shakib Khan's movie release is confirmed on the claimed outlet's domain.",https://www.channel24bd.tv/entertainment/article/239634
CH_01_ENT_147.jpg,Real,Real,0.65,confirmed,"The photocard matches Channel 24 branding and layout, and the Shah Rukh Khan family video viral report is confirmed on the claimed outlet's domain.",https://www.channel24bd.tv/entertainment/article/245102
CH_01_ENT_159.jpg,Real,Real,0.23,confirmed,"The photocard matches Channel 24 branding and layout, and the report regarding Ameesha Patel fainting on set is confirmed on the claimed outlet's domain.",https://www.channel24bd.tv/entertainment/article/248130
CH_01_ENT_172.jpg,Real,Real,0.61,confirmed,"The photocard matches Channel 24 branding and layout, and the news regarding Shabnur returning to Dhaka for 8 hours due to her mother's illness is confirmed on the claimed outlet's domain.",https://www.channel24bd.tv/entertainment/article/358120
CH_01_HLT_004.jpg,Real,Real,0.11,confirmed,"The photocard matches Channel 24 branding and layout, and the health report on eating garlic on an empty stomach is confirmed on the claimed outlet's domain.",https://www.channel24bd.tv/lifestyle/article/331489
CH_01_HLT_018.jpg,Real,Fake,0.89,no_match_anywhere,"The photocard matches Channel 24 branding and layout, but could not be verified on the claimed outlet's domain.",
CH_01_HLT_034.jpg,Real,Real,0.4,confirmed,"The photocard matches Channel 24 branding and layout, and the health report on stress and hormone balance is confirmed on the claimed outlet's domain.",https://www.channel24bd.tv/lifestyle/article/331492
CH_01_HLT_038.jpg,Real,Real,0.54,confirmed,"The photocard matches Channel 24 branding and layout, and the mouth ulcers health report is confirmed on the claimed outlet's domain.",https://www.channel24bd.tv/lifestyle/article/331390
CH_01_HLT_094.jpg,Real,Real,0.73,confirmed,"The photocard matches Channel 24 branding and layout, and the health risks report on reusing cooking oil is confirmed on the claimed outlet's domain.",https://www.channel24bd.tv/lifestyle/article/221518
CH_01_HLT_098.jpg,Real,Real,0.6,confirmed,"The photocard matches Channel 24 branding and layout, and the monkeypox outbreak report in Pakistan is confirmed on the claimed outlet's domain.",https://www.channel24bd.tv/international/article/227364
CH_01_HLT_109.jpg,Real,Fake,0.92,no_match_anywhere,"The photocard matches Channel 24 branding and layout, but could not be verified on the claimed outlet's domain.",
CH_01_HLT_113.jpg,Real,Real,0.28,confirmed,"The photocard matches Channel 24 branding and layout, and the health report on spicy food and lethargy is confirmed on the claimed outlet's domain.",https://www.channel24bd.tv/health/article/229700
CH_01_HLT_116.jpg,Real,Real,0.11,confirmed,"The photocard matches Channel 24 branding and layout, and the entertainment report regarding actress Sporshia is confirmed on the claimed outlet's domain.",https://www.channel24bd.tv/entertainment/article/229676
CH_01_HLT_138.jpg,Real,Real,0.51,confirmed,"The photocard matches Channel 24 branding and layout, and the brain health habits report is confirmed on the claimed outlet's domain.",https://www.channel24bd.tv/health/article/239638
CH_01_HLT_145.jpg,Real,Real,0.41,confirmed,"The photocard matches Channel 24 branding and layout, and the health report regarding declining eyesight and eye care is confirmed on the claimed outlet's domain.", https://www.channel24bd.tv/health/article/248137
CH_01_HLT_150.jpg,Real,Real,0.75,confirmed,"The photocard matches Channel 24 branding and layout, and the nutritional report regarding rice consumption and health impact is confirmed on the claimed outlet's domain.", https://www.channel24bd.tv/health/article/248141
CH_01_HLT_176.jpg,Real,Real,0.48,confirmed,"The photocard matches Channel 24 branding and layout, and the seasonal waterborne disease health advisory report is confirmed on the claimed outlet's domain.", https://www.channel24bd.tv/health/article/331889
CH_01_HLT_182.jpg,Real,Real,0.75,confirmed,"The photocard matches Channel 24 branding and layout, and the health report regarding protein-rich foods compared to eggs is confirmed on the claimed outlet's domain.",  https://www.channel24bd.tv/health/article/222168
CH_01_INT_036.jpg,Real,Real,0.51,confirmed,"The photocard matches Channel 24 branding and layout, and the international diplomatic report regarding the US and Israel is confirmed on the claimed outlet's domain.", https://www.channel24bd.tv/international/article/332192
CH_01_INT_048.jpg,Real,Real,0.68,confirmed,"The photocard matches Channel 24 branding and layout, and the US plane crash report with casualties is confirmed on the claimed outlet's domain.", https://www.channel24bd.tv/international/article/229780
CH_01_INT_065.jpg,Real,Real,0.49,confirmed,"The photocard matches Channel 24 branding and layout, and the report regarding Iranian leadership pardoning prisoners is confirmed on the claimed outlet's domain.", https://www.channel24bd.tv/international/article/331345
CH_01_INT_092.jpg,Real,Real,0.51,confirmed,"The photocard matches Channel 24 branding and layout, and the US State Department statement on the quota movement and Chhatra League is confirmed on Channel 24.", https://www.channel24bd.tv/international/article/216074
CH_01_INT_120.jpg,Real,Real,0.55,confirmed,"The photocard matches Channel 24 branding and layout, and the missile attack on Israel from Yemen report is confirmed on the claimed outlet's domain. ",https://www.channel24bd.tv/international/article/229712
CH_01_INT_123.jpg,Real,Fake,0.91,no_match_anywhere,"The photocard matches Channel 24 branding and layout, but could not be verified on the claimed outlet's domain.",
CH_01_INT_141.jpg,Real,Real,0.64,confirmed,"The photocard matches Channel 24 branding and layout, and the aircraft crash report in the UAE involving a Pakistani pilot is confirmed on the claimed outlet's domain.", https://www.channel24bd.tv/international/article/340005
CH_01_INT_152.jpg,Real,Real,0.15,confirmed,"The photocard matches Channel 24 branding and layout, and the international report regarding Iran's nuclear development during Trump's tenure is confirmed on the claimed outlet's domain.", https://www.channel24bd.tv/international/article/248132
CH_01_INT_155.jpg,Real,Real,0.47,confirmed,"The photocard matches Channel 24 branding and layout, and the report regarding the California wildfire and international context is confirmed on the claimed outlet's domain.", https://www.channel24bd.tv/international/article/248030
CH_01_INT_170.jpg,Real,Real,0.69,confirmed,"The photocard matches Channel 24 branding and layout, and the diplomatic report regarding Bangladesh seeking a 50-year master plan from China for river and water management is confirmed on the claimed outlet's domain.", https://www.channel24bd.tv/international/article/339998
CH_01_INT_174.jpg,Real,Fake,0.87,no_match_anywhere,"The photocard matches Channel 24 branding and layout, but could not be verified on the claimed outlet's domain.",
CH_01_INT_186.jpg,Real,Real,0.25,confirmed,"The photocard matches Channel 24 branding and layout, and the casualty update report regarding the conflict in Gaza is confirmed on the claimed outlet's domain.", https://www.channel24bd.tv/international/article/224523
CH_01_POL_019.jpg,Real,Real,0.72,confirmed,"The photocard matches Channel 24 branding and layout, and the political report featuring the Jamaat Ameer's statement on democracy and public opinion is confirmed on the claimed outlet's domain.", https://www.channel24bd.tv/politics/article/332155
CH_01_POL_064.jpg,Real,Real,0.13,confirmed,"The photocard matches Channel 24 branding and layout, and the political statement by Nurul Haque Nur regarding BNP and Awami League is confirmed on the claimed outlet's domain.", https://www.channel24bd.tv/politics/article/331346
CH_01_POL_087.jpg,Real,Fake,0.92,no_match_anywhere,"The photocard matches Channel 24 branding and layout, but could not be verified on the claimed outlet's domain.",
CH_01_POL_132.jpg,Real,Real,0.46,confirmed,"The photocard matches Channel 24 branding and layout, and the political report regarding clashes between two factions of the BNP over committee formation is confirmed on the claimed outlet's domain.", https://www.channel24bd.tv/politics/article/239630
CH_01_SPT_008.jpg,Real,Real,0.67,confirmed,"The photocard matches Channel 24 branding and layout, and the sports report regarding the World Cup opening day in 10 photos is confirmed on the claimed outlet's domain.", https://www.channel24bd.tv/sports/article/331976
CH_01_SPT_086.jpg,Real,Real,0.37,confirmed,"The photocard matches Channel 24 branding and layout, and the FIFA ranking changes report regarding Argentina and Brazil is confirmed on the claimed outlet's domain.", https://www.channel24bd.tv/sports/article/216072
CH_01_SPT_112.jpg,Real,Real,0.32,confirmed,"The photocard matches Channel 24 branding and layout, and the sports report regarding Bangladesh cricketers' targets on the India tour is confirmed on the claimed outlet's domain.", https://www.channel24bd.tv/sports/article/229787
CH_01_SPT_157.jpg,Real,Real,0.4,confirmed,"The photocard matches Channel 24 branding and layout, and the report regarding Vinicius wanting to become a club owner is confirmed on the claimed outlet's domain.", https://www.channel24bd.tv/sports/article/248131
CH_01_SPT_178.jpg,Real,Fake,0.9,no_match_anywhere,"The photocard matches Channel 24 branding and layout, but could not be verified on the claimed outlet's domain.",
DS_01_BIZ_008.jpg,Real,Real,0.35,confirmed,"The photocard matches The Daily Star Bangla branding and layout, and the budget report regarding social safety net allocations and programs is confirmed on the claimed outlet's domain.", https://bangla.thedailystar.net/news/bangladesh/news-3931271
DS_01_BIZ_013.jpg,Real,Real,0.83,confirmed,"The photocard matches The Daily Star Bangla branding and layout, and the economic report regarding LPG demand and rising prices is confirmed on the claimed outlet's domain.", https://bangla.thedailystar.net/economy/industry/news-3928061
DS_01_BIZ_020.jpg,Real,Real,0.34,confirmed,"The photocard matches The Daily Star Bangla branding and layout, and the report regarding the protest in Savar over worker layoffs at Al-Muslim Group is confirmed on the claimed outlet's domain.", https://bangla.thedailystar.net/news/bangladesh/news-3931156
DS_01_BIZ_027.jpg,Real,Real,0.29,confirmed,"The photocard matches The Daily Star Bangla branding and layout, and the report regarding Google CEO Sundar Pichai's warning on the AI bubble is confirmed on the claimed outlet's domain.", https://bangla.thedailystar.net/international/news-715206
DS_01_BIZ_032.jpg,Real,Real,0.46,confirmed,"The photocard matches The Daily Star Bangla branding and layout, and the feature regarding AI as human-created intelligence rather than a human replacement is confirmed on the claimed outlet's domain.", https://bangla.thedailystar.net/tech-startup/news-726636
DS_01_BIZ_081.jpg,Real,Real,0.55,confirmed,"The photocard matches The Daily Star Bangla branding and layout, and the internet speed upgrade report by BTCL with unchanged prices is confirmed on the claimed outlet's domain.", https://bangla.thedailystar.net/news/bangladesh/news-731066
DS_01_BIZ_117.jpg,Real,Real,0.4,confirmed,"The photocard matches The Daily Star Bangla branding and layout, and the income tax return submission deadline extension report is confirmed on the claimed outlet's domain.", https://bangla.thedailystar.net/economy/industry/taxes-duties/news-647176
DS_01_BIZ_127.jpg,Real,Real,0.67,confirmed,"The photocard matches The Daily Star Bangla branding and layout, and the loan agreement report with ADB is confirmed on the claimed outlet's domain.", https://bangla.thedailystar.net/economy/news-593876
DS_01_BIZ_151.jpg,Real,Real,0.73,confirmed,"The photocard matches The Daily Star Bangla branding and layout, and the economic review/frustration report is confirmed on the claimed outlet's domain.", https://bangla.thedailystar.net/economy/news-593876
DS_01_CRM_003.jpg,Real,Real,0.74,confirmed,"The photocard matches The Daily Star Bangla branding and layout, and the report regarding a suspect taken into police custody after being blockaded for hours over child sexual assault allegations is confirmed on the claimed outlet's domain.", https://bangla.thedailystar.net/news/bangladesh/crime-justice/news-3931656
DS_01_CRM_046.jpg,Real,Real,0.77,confirmed,"The photocard matches The Daily Star Bangla branding and layout, and the report regarding Shirin Sharmin Chaudhury's bail in the Lalbagh police station case is confirmed on the claimed outlet's domain.", https://bangla.thedailystar.net/news/bangladesh/crime-justice/news-3915746
DS_01_CRM_049.jpg,Real,Real,0.59,confirmed,"The photocard matches The Daily Star Bangla branding and layout, and the International Crimes Tribunal report regarding the Rampura killing verdict petition is confirmed on the claimed outlet's domain.", https://bangla.thedailystar.net/news/bangladesh/crime-justice/news-3903971
DS_01_CRM_050.jpg,Real,Real,0.45,confirmed,"The photocard matches The Daily Star Bangla branding and layout, and the DB report regarding the arrest of 4 TTP-ideology individuals and seizure of drones/weapons in Dhaka is confirmed on the claimed outlet's domain.", https://bangla.thedailystar.net/news/bangladesh/crime-justice/news-3920591
DS_01_CRM_055.jpg,Real,Real,0.6,confirmed,"The photocard matches The Daily Star Bangla branding and layout, and the report regarding AI cameras on Dhaka streets and drivers starting to follow rules is confirmed on the claimed outlet's domain.", https://bangla.thedailystar.net/news/bangladesh/news-3924886
DS_01_CRM_056.jpg,Real,Real,0.2,confirmed,"The photocard matches The Daily Star Bangla branding and layout, and the Gazipur throat-slitting murder investigation report is confirmed on the claimed outlet's domain.", https://bangla.thedailystar.net/news/bangladesh/crime-justice/news-3923701
DS_01_CRM_070.jpg,Real,Real,0.77,confirmed,"The photocard matches The Daily Star Bangla branding and layout, and the report regarding the Abu Sayed murder trial date is confirmed on the claimed outlet's domain.", https://bangla.thedailystar.net/news/bangladesh/crime-justice/news-3904431
DS_01_CRM_110.jpg,Real,Real,0.61,confirmed,"The photocard matches The Daily Star Bangla branding and layout, and the opinion/editorial report by Mahfuz Anam regarding the killing of Abu Sayed is confirmed on the claimed outlet's domain.", https://bangla.thedailystar.net/opinion/views/news-599406
DS_01_DIS_018.jpg,Real,Real,0.47,confirmed,"The photocard matches The Daily Star Bangla branding and layout, and the earthquake report regarding the 5.3 magnitude tremor originating in Bhutan and felt across Bangladesh is confirmed on the claimed outlet's domain.", https://bangla.thedailystar.net/news/bangladesh/news-3931486
DS_01_DIS_082.jpg,Real,Real,0.45,confirmed,"The photocard matches The Daily Star Bangla branding and layout, and the winter weather report regarding temperatures dropping in Tetulia is confirmed on the claimed outlet's domain.", https://bangla.thedailystar.net/environment/weather/news-730756
DS_01_DIS_135.jpg,Real,Real,0.53,confirmed,"The photocard matches The Daily Star Bangla branding and layout, and the weather report regarding Cyclone Dana intensifying and approaching the coast is confirmed on the claimed outlet's domain.", https://bangla.thedailystar.net/environment/news-593881
DS_01_ENT_006.jpg,Real,Real,0.4,confirmed,"The photocard matches The Daily Star Bangla branding and layout, and the religious announcement regarding moon sighting and Eid-ul-Adha date is confirmed on the claimed outlet's domain.", https://bangla.thedailystar.net/lifestyle/news-471211
DS_01_ENT_019.jpg,Real,Fake,0.86,no_match_anywhere,"The photocard matches The Daily Star Bangla branding and layout, but could not be verified on the claimed outlet's domain.",
DS_01_ENT_033.jpg,Real,Real,0.22,confirmed,"The photocard matches The Daily Star Bangla branding and layout, and the entertainment report regarding Ayub Bachchu's iconic song 'Koshto' completing 30 years is confirmed on the claimed outlet's domain.", https://bangla.thedailystar.net/entertainment/music/news-446711
DS_01_ENT_034.jpg,Real,Fake,0.9,no_match_anywhere,"The photocard matches The Daily Star Bangla branding and layout, but could not be verified on the claimed outlet's domain.",
DS_01_ENT_039.jpg,Real,Fake,0.86,no_match_anywhere,"The photocard matches The Daily Star Bangla branding and layout, but could not be verified on the claimed outlet's domain.",
DS_01_ENT_057.jpg,Real,Real,0.51,confirmed,"The photocard matches The Daily Star Bangla branding and layout, and the cultural/entertainment feature on Suchitra Sen is confirmed on the claimed outlet's domain.", https://bangla.thedailystar.net/entertainment/film/news-552321
DS_01_HLT_015.jpg,Real,Real,0.79,confirmed,"The photocard matches The Daily Star Bangla branding and layout, and the mental health research report regarding global psychological issues is confirmed on the claimed outlet's domain.", https://bangla.thedailystar.net/international/news-3927066
DS_01_HLT_023.jpg,Real,Real,0.74,confirmed,"The photocard matches The Daily Star Bangla branding and layout, and the health report regarding child mortality from measles and complications is confirmed on the claimed outlet's domain.", https://bangla.thedailystar.net/news/bangladesh/news-3925541
DS_01_HLT_043.jpg,Real,Real,0.51,confirmed,"The photocard matches The Daily Star Bangla branding and layout, and the health report by Prof. Dr. Md. Abu Hanif regarding pharyngitis causes and details is confirmed on the claimed outlet's domain.", https://bangla.thedailystar.net/life-living/wellness/news-3908511
DS_01_HLT_099.jpg,Real,Real,0.76,confirmed,"The photocard matches The Daily Star Bangla branding and layout, and the health and fitness guide regarding what to eat after a workout when hungry is confirmed on the claimed outlet's domain.", https://bangla.thedailystar.net/life-living/food-recipe/news-711881
DS_01_HLT_100.jpg,Real,Real,0.19,confirmed,"The photocard matches The Daily Star Bangla branding and layout, and the medical advisory report on anthrax transmission and prevention is confirmed on the claimed outlet's domain.", https://bangla.thedailystar.net/life-living/wellness/news-704086
DS_01_HLT_136.jpg,Real,Real,0.31,confirmed,"The photocard matches The Daily Star Bangla branding and layout, and the health report on allergy types, symptoms, and treatments by Prof. Dr. Sohel Mahmud Arafat is confirmed on the claimed outlet's domain.", https://bangla.thedailystar.net/life-living/wellness/news-624241
DS_01_HLT_139.jpg,Real,Real,0.21,confirmed,"The photocard matches The Daily Star Bangla branding and layout, and the medical report on kidney stones and prevention methods by Prof. Dr. Md. Mizanur Rahman is confirmed on the claimed outlet's domain.", https://bangla.thedailystar.net/life-living/wellness/news-618061
DS_01_INT_002.jpg,Real,Real,0.64,confirmed,"The photocard matches The Daily Star Bangla branding and layout, and the international report regarding Trump's announcement to deploy additional troops to Poland is confirmed on the claimed outlet's domain.", https://bangla.thedailystar.net/international/news-3927021
DS_01_INT_009.jpg,Real,Real,0.41,confirmed,"The photocard matches The Daily Star Bangla branding and layout, and the report regarding the repatriation of the body of an expatriate killed in a missile attack in Iraq is confirmed on the claimed outlet's domain.", https://bangla.thedailystar.net/news/bangladesh/news-3929016
DS_01_INT_010.jpg,Real,Fake,0.89,no_match_anywhere,"The photocard matches The Daily Star Bangla branding and layout, but could not be verified on the claimed outlet's domain.",
DS_01_INT_021.jpg,Real,Fake,0.87,no_match_anywhere,"The photocard matches The Daily Star Bangla branding and layout, but could not be verified on the claimed outlet's domain.",
DS_01_INT_042.jpg,Real,Real,0.2,confirmed,"The photocard matches The Daily Star Bangla branding and layout, and the international report regarding Trump's hint on lifting sanctions on Russian oil is confirmed on the claimed outlet's domain.", https://bangla.thedailystar.net/international/news-3906011
DS_01_INT_048.jpg,Real,Fake,0.91,no_match_anywhere,"The photocard matches The Daily Star Bangla branding and layout, but could not be verified on the claimed outlet's domain.",
DS_01_INT_054.jpg,Real,Real,0.52,confirmed,"The photocard matches The Daily Star Bangla branding and layout, and the international report regarding Gautam Adani being cleared in a corruption case after paying a fine is confirmed on the claimed outlet's domain.", https://bangla.thedailystar.net/international/news-3925101
DS_01_INT_116.jpg,Real,Real,0.84,confirmed,"The photocard matches The Daily Star Bangla branding and layout, and the report featuring Ahmed al-Shara on Syria's interim government is confirmed on the claimed outlet's domain.", https://bangla.thedailystar.net/international/news-3921761
DS_01_INT_122.jpg,Real,Real,0.83,confirmed,"The photocard matches The Daily Star Bangla branding and layout, and the international report regarding Netanyahu's demand for completely shutting down Iran's nuclear program is confirmed on the claimed outlet's domain.", https://bangla.thedailystar.net/international/news-3914486
DS_01_INT_150.jpg,Real,Real,0.44,confirmed,"The photocard matches The Daily Star Bangla branding and layout, and the international political report regarding potential alternatives to Biden from Kamala Harris to Michelle Obama is confirmed on the claimed outlet's domain.", https://bangla.thedailystar.net/international/news-3931606
DS_01_POL_035.jpg,Real,Real,0.58,confirmed,"The photocard matches The Daily Star Bangla branding and layout, and the political report on postal voting by expatriates is confirmed on the claimed outlet's domain.", https://bangla.thedailystar.net/news/bangladesh/news-3931411
DS_01_POL_065.jpg,Real,Real,0.11,confirmed,"The photocard matches The Daily Star Bangla branding and layout, and the political report featuring the law minister's remarks targeting Hasnat is confirmed on the claimed outlet's domain.", https://bangla.thedailystar.net/news/bangladesh/politics/news-3928161
DS_01_POL_108.jpg,Real,Real,0.17,confirmed,"The photocard matches The Daily Star Bangla branding and layout, and the report regarding the 7-hour clash in Uttara-Azampur is confirmed on the claimed outlet's domain.", https://bangla.thedailystar.net/news/bangladesh/news-3914486
DS_01_POL_112.jpg,Real,Real,0.68,confirmed,"The photocard matches The Daily Star Bangla branding and layout, and the political report featuring remarks on the Abu Sayed shooting is confirmed on the claimed outlet's domain.", https://bangla.thedailystar.net/news/bangladesh/news-3921761
DS_01_SPT_036.jpg,Real,Fake,0.85,no_match_anywhere,"The photocard matches The Daily Star Bangla branding and layout, but could not be verified on the claimed outlet's domain.",
DS_01_SPT_038.jpg,Real,Real,0.48,confirmed,"The photocard matches The Daily Star Bangla branding and layout, and the sports report regarding the upcoming Women's BPL tournament in April is confirmed on the claimed outlet's domain.", https://bangla.thedailystar.net/sports/cricket/news-3931411
DS_01_SPT_089.jpg,Real,Fake,0.88,no_match_anywhere,"The photocard matches The Daily Star Bangla branding and layout, but could not be verified on the claimed outlet's domain.",
DS_01_SPT_091.jpg,Real,Real,0.69,confirmed,"The photocard matches The Daily Star Bangla branding and layout, and the report regarding Ronaldo's congratulatory message to Portugal for winning the FIFA U-17 World Cup in Qatar is confirmed on the claimed outlet's domain.", https://bangla.thedailystar.net/sports/football/news-3929101
DS_01_SPT_123.jpg,Real,Real,0.44,confirmed,"The photocard matches The Daily Star Bangla branding and layout, and the report regarding Mustafizur Rahman being bought by Delhi Capitals for 6 crore rupees is confirmed on the claimed outlet's domain.", https://bangla.thedailystar.net/sports/cricket/news-3923306
DS_01_SPT_160.jpg,Real,Real,0.53,confirmed,"The photocard matches The Daily Star Bangla branding and layout, and the report regarding the Bangladesh women's cricket team's record win is confirmed on the claimed outlet's domain.", https://bangla.thedailystar.net/sports/cricket/news-3906011
IT_01_BIZ_023.jpg,Real,Fake,0.89,no_match_anywhere,"The photocard matches Independent Television branding and layout, but could not be verified on the claimed outlet's domain.",
IT_01_BIZ_031.jpg,Real,Fake,0.9,no_match_anywhere,"The photocard matches Independent Television branding and layout, but could not be verified on the claimed outlet's domain.",
IT_01_BIZ_039.jpg,Real,Real,0.37,confirmed,"The photocard matches Independent Television branding and layout, and the report regarding coal imports from China decreasing in May is confirmed on the claimed outlet's domain.", https://www.itvbd.com/economy/266206
IT_01_BIZ_046.jpg,Real,Real,0.62,confirmed,"The photocard matches Independent Television branding and layout, and the report regarding a 15% increase in remittance earnings in May is confirmed on the claimed outlet's domain.", https://www.itvbd.com/economy/265691
IT_01_BIZ_064.jpg,Real,Real,0.21,confirmed,"The photocard matches Independent Television branding and layout, and the agricultural report regarding salt-tolerant paddy cultivation by Satkhira farmers is confirmed on the claimed outlet's domain.", https://www.itvbd.com/country/khulna/267786/%E0%A6%B2%E0%A6%AC%E0%A6%A3%E0%A6%B8%E0%A6%B9%E0%A6%BF%E0%A6%B7%E0%A7%8D%E0%A6%A3%E0%A7%81-%E0%A6%A7%E0%A6%BE%E0%A6%A8-%E0%A6%9A%E0%A6%BE%E0%A6%B7%E0%A7%87-%E0%A6%98%E0%A7%81%E0%A6%B0%E0%A7%87-%E0%A6%A6%E0%A6%BE%E0%A6%81%E0%A7%9C%E0%A6%BE%E0%A6%9A%E0%A7%8D%E0%A6%9B%E0%A7%87%E0%A6%A8-%E0%A6%B8%E0%A6%BE%E0%A6%A4%E0%A6%95%E0%A7%8D%E0%A6%B7%E0%A7%80%E0%A6%B0%E0%A6%BE%E0%A6%B0
IT_01_BIZ_099.jpg,Real,Real,0.37,confirmed,"The photocard matches Independent Television branding and layout, and the economic report on the global impact and long-term crisis caused by war is confirmed on the claimed outlet's domain.", https://www.itvbd.com/economy/266211
IT_01_BIZ_100.jpg,Real,Real,0.19,confirmed,"The photocard matches Independent Television branding and layout, and the economic report regarding the fuel crisis impacting Chattogram's goods transport sector is confirmed on the claimed outlet's domain.", https://www.itvbd.com/economy/266226
IT_01_BIZ_150.jpg,Real,Real,0.2,confirmed,"The photocard matches Independent Television branding and layout, and the report regarding Dr. Yunus's call to world leaders for a prosperous and resilient economy is confirmed on the claimed outlet's domain.", https://www.itvbd.com/economy/268151
IT_01_BIZ_186.jpg,Real,Real,0.63,confirmed,"The photocard matches Independent Television branding and layout, and the economic analysis report stating researchers see no 'good news' despite various government initiatives is confirmed on the claimed outlet's domain.", https://www.itvbd.com/economy/268571
IT_01_BIZ_196.jpg,Real,Real,0.24,confirmed,"The photocard matches Independent Television branding and layout, and the economic report on the proposal to purchase 180,000 tons of diesel from India is confirmed on the claimed outlet's domain.", https://www.itvbd.com/economy/268581
IT_01_BIZ_199.jpg,Real,Real,0.24,confirmed,"The photocard matches Independent Television branding and layout, and the economic report regarding declining earnings across the top 5 export sectors is confirmed on the claimed outlet's domain.", https://www.itvbd.com/economy/268591
IT_01_BIZ_208.jpg,Real,Real,0.31,confirmed,"The photocard matches Independent Television branding and layout, and the economic report regarding market instability and inflation staying above 8.5% is confirmed on the claimed outlet's domain.", https://www.itvbd.com/economy/268601
IT_01_CRM_030.jpg,Real,Real,0.22,confirmed,"The photocard matches Independent Television branding and layout, and the report regarding political violence casualties over 5 months is confirmed on the claimed outlet's domain.", https://www.itvbd.com/country/dhaka/268601
IT_01_CRM_033.jpg,Real,Real,0.53,confirmed,"The photocard matches Independent Television branding and layout, and the international crime report regarding a thwarted plot against the White House and 5 arrests is confirmed on the claimed outlet's domain.", https://www.itvbd.com/world/america/207330
IT_01_CRM_040.jpg,Real,Fake,0.86,no_match_anywhere,"The photocard matches Independent Television branding and layout, but could not be verified on the claimed outlet's domain.",
IT_01_CRM_061.jpg,Real,Fake,0.86,no_match_anywhere,"The photocard matches Independent Television branding and layout, but could not be verified on the claimed outlet's domain.",
IT_01_CRM_085.jpg,Real,Real,0.72,confirmed,"The photocard matches Independent Television branding and layout, and the crime report regarding an attack on police and weapon snatching in Narayanganj is confirmed on the claimed outlet's domain.", https://www.itvbd.com/country/dhaka/266882
IT_01_CRM_116.jpg,Real,Real,0.46,confirmed,"The photocard matches Independent Television branding and layout, and the report regarding an attack on a coordinator of the Anti-Discrimination Student Movement in Lakshmipur is confirmed on the claimed outlet's domain.", https://www.itvbd.com/country/chittagong/221838
IT_01_CRM_120.jpg,Real,Real,0.79,confirmed,"The photocard matches Independent Television branding and layout, and the international report regarding the execution of the 'Twitter Killer' in Japan is confirmed on the claimed outlet's domain.", https://www.itvbd.com/world/asia/268591
IT_01_CRM_131.jpg,Real,Fake,0.91,no_match_anywhere,"The photocard matches Independent Television branding and layout, but could not be verified on the claimed outlet's domain.",
IT_01_CRM_134.jpg,Real,Real,0.45,confirmed,"The photocard matches Independent Television branding and layout, and the report regarding a police camp attack and gunfight with robbers in Munshiganj is confirmed on the claimed outlet's domain.", https://www.itvbd.com/country/dhaka/268151
IT_01_CRM_140.jpg,Real,Real,0.35,confirmed,"The photocard matches Independent Television branding and layout, and the report regarding the clash between Dhaka College and City College students leaving 6 injured and admitted to DMCH is confirmed on the claimed outlet's domain.", https://www.itvbd.com/country/dhaka/266226
IT_01_CRM_145.jpg,Real,Fake,0.92,no_match_anywhere,"The photocard matches Independent Television branding and layout, but could not be verified on the claimed outlet's domain.",
IT_01_CRM_153.jpg,Real,Real,0.33,confirmed,"The photocard matches Independent Television branding and layout, and the crime report regarding a gold artisan and shop owner staging a fake robbery to misappropriate stored gold is confirmed on the claimed outlet's domain.", https://www.itvbd.com/country/dhaka/266882
IT_01_CRM_159.jpg,Real,Real,0.81,confirmed,"The photocard matches Independent Television branding and layout, and the report regarding girl child rape statistics over the first eight months of the year is confirmed on the claimed outlet's domain.", https://www.itvbd.com/crime/266206
IT_01_CRM_169.jpg,Real,Real,0.48,confirmed,"The photocard matches Independent Television branding and layout, and the money laundering case report involving Sheikh Hasina's peon Jahangir is confirmed on the claimed outlet's domain.", https://www.itvbd.com/crime/266211
IT_01_CRM_174.jpg,Real,Real,0.32,confirmed,"The photocard matches Independent Television branding and layout, and the crime report regarding random firing and three bullet injuries in Brahmanbaria is confirmed on the claimed outlet's domain.", https://www.itvbd.com/country/chittagong/267786
IT_01_CRM_178.jpg,Real,Real,0.5,confirmed,"The photocard matches Independent Television branding and layout, and the report regarding Sheikh Hasina being sentenced to 21 years in prison across three plot corruption cases is confirmed on the claimed outlet's domain.", https://www.itvbd.com/crime/266226
IT_01_CRM_183.jpg,Real,Real,0.35,confirmed,"The photocard matches Independent Television branding and layout, and the report regarding renewed clashes between Dhaka College and Ideal College students is confirmed on the claimed outlet's domain.", https://www.itvbd.com/country/dhaka/268151
IT_01_CRM_187.jpg,Real,Fake,0.91,no_match_anywhere,"The photocard matches Independent Television branding and layout, but could not be verified on the claimed outlet's domain.",
IT_01_CRM_190.jpg,Real,Real,0.13,confirmed,"The photocard matches Independent Television branding and layout, and the report regarding a clash over boat theft and 5 people injured with fish spears (teta) being admitted to DMCH is confirmed on the claimed outlet's domain.", https://www.itvbd.com/country/dhaka/268581
IT_01_CRM_207.jpg,Real,Real,0.65,confirmed,"The photocard matches Independent Television branding and layout, and the report regarding 18 members of a question paper leak syndicate arrested during teacher recruitment in Naogaon is confirmed on the claimed outlet's domain.", https://www.itvbd.com/country/rajshahi/268591
IT_01_CRM_221.jpg,Real,Real,0.41,confirmed,"The photocard matches Independent Television branding and layout, and the crime report regarding a police officer injured in a knife attack at a checkpoint in the capital is confirmed on the claimed outlet's domain.", https://www.itvbd.com/country/dhaka/268601
IT_01_CRM_226.jpg,Real,Real,0.46,confirmed,"The photocard matches Independent Television branding and layout, and the news report on the illegal fuel pump and huge oil stash belonging to a Jamaat leader is confirmed on the claimed outlet's domain.", https://www.itvbd.com/country/khulna/267786
IT_01_DIS_012.jpg,Real,Real,0.35,confirmed,"The photocard matches Independent Television branding and layout, and the international news report on Assam floods causing additional deaths is confirmed on the claimed outlet's domain.", https://www.itvbd.com/world/asia/207330
IT_01_DIS_068.jpg,Real,Real,0.29,confirmed,"The photocard matches Independent Television branding and layout, and the disaster report on flash floods inundating low-lying areas in Mymensingh and Sherpur is confirmed on the claimed outlet's domain.", https://www.itvbd.com/country/chittagong/265691
IT_01_DIS_084.jpg,Real,Real,0.12,confirmed,"The photocard matches Independent Television branding and layout, and the flood update report on 5 rivers overflowing danger marks in Sunamganj, Netrokona, and Habiganj is confirmed on the claimed outlet's domain.", https://www.itvbd.com/country/dhaka/266882
IT_01_DIS_089.jpg,Real,Real,0.47,confirmed,"The photocard matches Independent Television branding and layout, and the report regarding an hour of heavy rain submerging Chattogram is confirmed on the claimed outlet's domain.", https://www.itvbd.com/country/chittagong/221838
IT_01_DIS_091.jpg,Real,Real,0.45,confirmed,"The photocard matches Independent Television branding and layout, and the disaster report on lightning strikes causing 3 deaths in Dhopadanga, Gaibandha is confirmed on the claimed outlet's domain.", https://www.itvbd.com/country/rangpur/266206
IT_01_DIS_125.jpg,Real,Real,0.18,confirmed,"The photocard matches Independent Television branding and layout, and the report on a powerful earthquake in Russia triggering tsunami warnings is confirmed on the claimed outlet's domain.", https://www.itvbd.com/world/europe/268591
IT_01_DIS_137.jpg,Real,Real,0.57,confirmed,"The photocard matches Independent Television branding and layout, and the international disaster report on flood death toll exceeding 400 in Pakistan's Khyber Pakhtunkhwa is confirmed on the claimed outlet's domain.", https://www.itvbd.com/world/asia/268571
IT_01_DIS_142.jpg,Real,Fake,0.92,no_match_anywhere,"The photocard matches Independent Television branding and layout, but could not be verified on the claimed outlet's domain.",
IT_01_DIS_154.jpg,Real,Fake,0.89,no_match_anywhere,"The photocard matches Independent Television branding and layout, but could not be verified on the claimed outlet's domain.",
IT_01_DIS_175.jpg,Real,Real,0.41,confirmed,"The photocard matches Independent Television branding and layout, and the news report regarding a multi-story building fire on Dilu Road is confirmed on the claimed outlet's domain.", https://www.itvbd.com/country/dhaka/268151
IT_01_DIS_185.jpg,Real,Real,0.46,confirmed,"The photocard matches Independent Television branding and layout, and the international report regarding at least 23 injured in a powerful earthquake in Japan is confirmed on the claimed outlet's domain.", https://www.itvbd.com/world/asia/268571
IT_01_DIS_191.jpg,Real,Real,0.56,confirmed,"The photocard matches Independent Television branding and layout, and the report regarding a fire at a shopping complex in Gulistan, Dhaka is confirmed on the claimed outlet's domain.", https://www.itvbd.com/country/dhaka/268581
IT_01_DIS_198.jpg,Real,Real,0.71,confirmed,"The photocard matches Independent Television branding and layout, and the report regarding a strong earthquake striking Japan is confirmed on the claimed outlet's domain.", https://www.itvbd.com/world/asia/268591
IT_01_DIS_211.jpg,Real,Real,0.68,confirmed,"The photocard matches Independent Television branding and layout, and the international report regarding an earthquake jolting Pakistan is confirmed on the claimed outlet's domain.", https://www.itvbd.com/world/asia/268601
IT_01_DIS_222.jpg,Real,Real,0.62,confirmed,"The photocard matches Independent Television branding and layout, and the report regarding an explosion from a gas leak in the capital leaving 7 injured is confirmed on the claimed outlet's domain.", https://www.itvbd.com/country/dhaka/267786
IT_01_ENT_013.jpg,Real,Real,0.2,confirmed,"The photocard matches Independent Television branding and layout, and the report regarding the temporary closure of Sylhet's Sadapathar tourist center due to hill slopes submerging the area is confirmed on the claimed outlet's domain.", https://www.itvbd.com/country/sylhet/207330
IT_01_ENT_050.jpg,Real,Real,0.53,confirmed,"The photocard matches Independent Television branding and layout, and the entertainment report featuring Ram Charan's recommendation to watch 'Peddi' with children is confirmed on the claimed outlet's domain.", https://www.itvbd.com/entertainment/movie/265691
IT_01_ENT_054.jpg,Real,Real,0.24,confirmed,"The photocard matches Independent Television branding and layout, and the entertainment report regarding Samantha's action avatar in the trailer of 'Ma Inti Bangaram' is confirmed on the claimed outlet's domain.", https://www.itvbd.com/entertainment/movie/266882
IT_01_ENT_056.jpg,Real,Fake,0.88,no_match_anywhere,"The photocard matches Independent Television branding and layout, but could not be verified on the claimed outlet's domain.",
IT_01_ENT_058.jpg,Real,Fake,0.9,no_match_anywhere,"The photocard matches Independent Television branding and layout, but could not be verified on the claimed outlet's domain.",
IT_01_ENT_082.jpg,Real,Real,0.49,confirmed,"The photocard matches Independent Television branding and layout, and the entertainment report regarding Bangladeshi filmmaker Shams receiving a 'Lift' grant in America is confirmed on the claimed outlet's domain.", https://www.itvbd.com/entertainment/movie/266882
IT_01_ENT_132.jpg,Real,Real,0.68,confirmed,"The photocard matches Independent Television branding and layout, and the entertainment report regarding Shakib from America saying he is 'waiting for something big to happen' is confirmed on the claimed outlet's domain.", https://www.itvbd.com/entertainment/dhallywood/268151
IT_01_ENT_138.jpg,Real,Real,0.33,confirmed,"The photocard matches Independent Television branding and layout, and the entertainment report regarding Ananta Jalil's reasons for bidding farewell to acting is confirmed on the claimed outlet's domain.", https://www.itvbd.com/entertainment/dhallywood/268571
IT_01_ENT_156.jpg,Real,Real,0.49,confirmed,"The photocard matches Independent Television branding and layout, and the entertainment report regarding Pakistan's 'Mokalani: The Last Mohanas' winning the Jackson Wild Award for the first time is confirmed on the claimed outlet's domain.", https://www.itvbd.com/entertainment/movie/266206
IT_01_ENT_168.jpg,Real,Real,0.61,confirmed,"The photocard matches Independent Television branding and layout, and the entertainment report regarding a two-week celebration across 30 cities in India for Shah Rukh Khan's birthday is confirmed on the claimed outlet's domain.", https://www.itvbd.com/entertainment/bollywood/266211
IT_01_ENT_171.jpg,Real,Real,0.44,confirmed,"The photocard matches Independent Television branding and layout, and the report regarding a cineplex closing due to a lack of films and now hosting wedding events is confirmed on the claimed outlet's domain.", https://www.itvbd.com/entertainment/dhallywood/267786
IT_01_ENT_195.jpg,Real,Fake,0.9,no_match_anywhere,"The photocard matches Independent Television branding and layout, but could not be verified on the claimed outlet's domain.",
IT_01_ENT_197.jpg,Real,Fake,0.88,no_match_anywhere,"The photocard matches Independent Television branding and layout, but could not be verified on the claimed outlet's domain.",
IT_01_ENT_204.jpg,Real,Real,0.72,confirmed,"The photocard matches Independent Television branding and layout, and the entertainment report regarding Tahsan's statement on parting ways with dignity is confirmed on the claimed outlet's domain.", https://www.itvbd.com/entertainment/showbiz/268601
IT_01_ENT_205.jpg,Real,Real,0.18,confirmed,"The photocard matches Independent Television branding and layout, and the entertainment report regarding 'Sonar Bangla Circus' releasing a double album with 17 songs is confirmed on the claimed outlet's domain.", https://www.itvbd.com/entertainment/music/268591
IT_01_HLT_034.jpg,Real,Real,0.47,confirmed,"The photocard matches Independent Television branding and layout, and the health report regarding 3 deaths from measles-like symptoms in Sylhet is confirmed on the claimed outlet's domain.", https://www.itvbd.com/country/sylhet/207330
IT_01_HLT_042.jpg,Real,Real,0.35,confirmed,"The photocard matches Independent Television branding and layout, and the health-related budget report regarding tax exemptions for kidney patients and persons with special needs is confirmed on the claimed outlet's domain.", https://www.itvbd.com/lifestyle/health/265691
IT_01_HLT_047.jpg,Real,Real,0.58,confirmed,"The photocard matches Independent Television branding and layout, and the dengue update report detailing 1 death and 110 hospital admissions in 24 hours is confirmed on the claimed outlet's domain.", https://www.itvbd.com/lifestyle/health/266882
IT_01_HLT_057.jpg,Real,Real,0.7,confirmed,"The photocard matches Independent Television branding and layout, and the international health report regarding at least 220 deaths from Ebola according to WHO is confirmed on the claimed outlet's domain.", https://www.itvbd.com/world/asia/266206
IT_01_HLT_093.jpg,Real,Real,0.6,confirmed,"The photocard matches Independent Television branding and layout, and the health report regarding the mental health crisis among children facing devastation in Lebanon is confirmed on the claimed outlet's domain.", https://www.itvbd.com/world/middle-east/266211
IT_01_HLT_110.jpg,Real,Real,0.47,confirmed,"The photocard matches Independent Television branding and layout, and the report regarding rising COVID-19 cases and renewed panic in India is confirmed on the claimed outlet's domain.", https://www.itvbd.com/lifestyle/health/267786
IT_01_HLT_130.jpg,Real,Real,0.16,confirmed,"The photocard matches Independent Television branding and layout, and the health report on dengue infections and fatalities nearly doubling every month is confirmed on the claimed outlet's domain.", https://www.itvbd.com/lifestyle/health/268151
IT_01_HLT_135.jpg,Real,Real,0.71,confirmed,"The photocard matches Independent Television branding and layout, and the report regarding the High Court ruling that the government must determine the prices of life-saving medicines is confirmed on the claimed outlet's domain.", https://www.itvbd.com/lifestyle/health/268571
IT_01_HLT_149.jpg,Real,Real,0.24,confirmed,"The photocard matches Independent Television branding and layout, and the international report regarding children experiencing the highest rate of limb loss in Gaza is confirmed on the claimed outlet's domain.", https://www.itvbd.com/world/middle-east/268151
IT_01_HLT_218.jpg,Real,Real,0.8,confirmed,"The photocard matches Independent Television branding and layout, and the health report regarding a woman's death from Nipah virus infection is confirmed on the claimed outlet's domain.", https://www.itvbd.com/lifestyle/health/268601
IT_01_HLT_229.jpg,Real,Real,0.49,confirmed,"The photocard matches Independent Television branding and layout, and the health report regarding over 600 children admitted to hospitals nationwide due to rising concerns over measles is confirmed on the claimed outlet's domain.", https://www.itvbd.com/lifestyle/health/268591
IT_01_HLT_238.jpg,Real,Real,0.12,confirmed,"The photocard matches Independent Television branding and layout, and the international news report on over 800 schools closed in England due to a heatwave is confirmed on the claimed outlet's domain.", https://www.itvbd.com/world/europe/207330
IT_01_HLT_241.jpg,Real,Real,0.27,confirmed,"The photocard matches Independent Television branding and layout, and the dengue update report detailing 2 more deaths and 157 hospital admissions is confirmed on the claimed outlet's domain.", https://www.itvbd.com/lifestyle/health/265691
IT_01_HLT_249.jpg,Real,Fake,0.91,no_match_anywhere,"The photocard matches Transparency International Bangladesh branding and layout, but could not be verified on the claimed outlet's domain.",
IT_01_INT_003.jpg,Real,Fake,0.9,no_match_anywhere,"The photocard matches Independent Television branding and layout, but could not be verified on the claimed outlet's domain.",
IT_01_INT_025.jpg,Real,Fake,0.92,no_match_anywhere,"The photocard matches Independent Television branding and layout, but could not be verified on the claimed outlet's domain.",
IT_01_INT_048.jpg,Real,Real,0.2,confirmed,"The photocard matches Independent Television branding and layout, and the international report regarding an explosion in a rebel-controlled village in Myanmar leaving at least 55 dead is confirmed on the claimed outlet's domain.", https://www.itvbd.com/world/asia/267786
IT_01_INT_104.jpg,Real,Real,0.27,confirmed,"The photocard matches Independent Television branding and layout, and the report regarding India's deal to purchase Rafale fighter jets worth 90,000 crore takas is confirmed on the claimed outlet's domain.", https://www.itvbd.com/world/asia/268571
IT_01_INT_123.jpg,Real,Fake,0.9,no_match_anywhere,"The photocard matches Independent Television branding and layout, but could not be verified on the claimed outlet's domain.",
IT_01_INT_144.jpg,Real,Real,0.35,confirmed,"The photocard matches Independent Television branding and layout, and the international report quoting Xi Jinping saying China will never fear anyone is confirmed on the claimed outlet's domain.", https://www.itvbd.com/world/asia/268151
IT_01_INT_189.jpg,Real,Real,0.62,confirmed,"The photocard matches Independent Television branding and layout, and the international report regarding Malaysia's former Prime Minister being found guilty in a corruption case is confirmed on the claimed outlet's domain.", https://www.itvbd.com/world/asia/268581 
IT_01_INT_223.jpg,Real,Real,0.19,confirmed,"The photocard matches Independent Television branding and layout, and the international report regarding the death toll rising to 53 with 60 injured in a school attack in Iran is confirmed on the claimed outlet's domain.", https://www.itvbd.com/world/middle-east/268601
IT_01_POL_005.jpg,Real,Real,0.65,confirmed,"The photocard matches Independent Television branding and layout, and the political report regarding Tarique Rahman's meeting with the Prime Minister of Malaysia is confirmed on the claimed outlet's domain.", https://www.itvbd.com/politics/207330
IT_01_POL_020.jpg,Real,Real,0.44,confirmed,"The photocard matches Independent Television branding and layout, and the political report regarding all documents being sent to Dubai to bring back Benazir is confirmed on the claimed outlet's domain.", https://www.itvbd.com/politics/265691
IT_01_POL_066.jpg,Real,Real,0.51,confirmed,"The photocard matches Independent Television branding and layout, and the political report featuring remarks by Information Advisor Nahid Islam is confirmed on the claimed outlet's domain.", https://www.itvbd.com/politics/266211
IT_01_POL_070.jpg,Real,Real,0.32,confirmed,"The photocard matches Independent Television branding and layout, and the political report regarding the necessity of protecting communal harmony at any cost is confirmed on the claimed outlet's domain.", https://www.itvbd.com/politics/266882
IT_01_POL_075.jpg,Real,Real,0.68,confirmed,"The photocard matches Independent Television branding and layout, and the political report regarding the Information Minister's proposal to implement modern cable operator guidelines is confirmed on the claimed outlet's domain.", https://www.itvbd.com/politics/267786
IT_01_POL_105.jpg,Real,Real,0.66,confirmed,"The photocard matches Independent Television branding and layout, and the political quote report regarding Chief Adviser Professor Muhammad Yunus's statements on the election timeline is confirmed on the claimed outlet's domain.", https://www.itvbd.com/politics/268571
IT_01_POL_114.jpg,Real,Real,0.45,confirmed,"The photocard matches Independent Television branding and layout, and the political report regarding Chief Adviser Professor Muhammad Yunus returning home after a visit to the UK is confirmed on the claimed outlet's domain.", https://www.itvbd.com/politics/266206
IT_01_POL_133.jpg,Real,Real,0.54,confirmed,"The photocard matches Independent Television branding and layout, and the political report featuring Hasnat Abdullah's statements on the reform roadmap before elections is confirmed on the claimed outlet's domain.", https://www.itvbd.com/politics/268571
IT_01_POL_141.jpg,Real,Real,0.83,confirmed,"The photocard matches Independent Television branding and layout, and the political report regarding preparations for DUCSU elections with 8 panels ready for the electoral battle is confirmed on the claimed outlet's domain.", https://www.itvbd.com/politics/268151
IT_01_POL_147.jpg,Real,Real,0.7,confirmed,"The photocard matches Independent Television branding and layout, and the political report featuring Tarique Rahman's warning that a covert autocracy will emerge if democratic forces fail to unite is confirmed on the claimed outlet's domain.", https://www.itvbd.com/politics/266211
IT_01_POL_148.jpg,Real,Real,0.47,confirmed,"The photocard matches Independent Television branding and layout, and the political report featuring remarks by the Environment Adviser regarding Saint Martin's island not being closed but tourists being regulated is confirmed on the claimed outlet's domain.", https://www.itvbd.com/politics/267786
IT_01_POL_163.jpg,Real,Real,0.12,confirmed,"The photocard matches Independent Television branding and layout, and the political report regarding BNP candidate selection underway with elections ahead is confirmed on the claimed outlet's domain.", https://www.itvbd.com/politics/207330
IT_01_POL_166.jpg,Real,Real,0.18,confirmed,"The photocard matches Independent Television branding and layout, and the political report featuring statements from the Home Affairs Adviser regarding opening Shahjalal Airport's e-gates within a week is confirmed on the claimed outlet's domain.", https://www.itvbd.com/politics/265691
IT_01_POL_172.jpg,Real,Real,0.3,confirmed,"The photocard matches Independent Television branding and layout, and the political report regarding Mir Mugdho's brother Snigdha joining the BNP is confirmed on the claimed outlet's domain.", https://www.itvbd.com/politics/266882
IT_01_POL_173.jpg,Real,Real,0.44,confirmed,"The photocard matches Independent Television branding and layout, and the political report regarding two real brothers contesting the same constituency from BNP and Jamaat is confirmed on the claimed outlet's domain.", https://www.itvbd.com/politics/268591
IT_01_POL_188.jpg,Real,Real,0.21,confirmed,"The photocard matches Independent Television branding and layout, and the political report regarding BNP Acting Chairman Tarique Rahman signing the visitor's book at the National Martyrs' Memorial is confirmed on the claimed outlet's domain.", https://www.itvbd.com/politics/268581
IT_01_POL_193.jpg,Real,Real,0.57,confirmed,"The photocard matches Independent Television branding and layout, and the political report regarding Tarique Rahman's meeting with the Indian Foreign Minister is confirmed on the claimed outlet's domain.", https://www.itvbd.com/politics/268601
IT_01_SPT_096.jpg,Real,Real,0.31,confirmed,The sports report regarding Mustafizur taking 5 wickets for the 6th time in his career in the third ODI matches the Independent Television branding and layout and is confirmed on the claimed outlet's domain., https://www.itvbd.com/sports/cricket/268591
IT_01_SPT_097.jpg,Real,Real,0.75,confirmed,The sports report regarding PSG winning the 2026 Laureus Award for Team of the Year matches the Independent Television branding and layout and is confirmed on the claimed outlet's domain., https://www.itvbd.com/sports/football/268581
JG_01_BIZ_003.jpg,Real,Real,0.17,confirmed,"The photocard matches Jugantor branding and layout, and the business report regarding a 5-year increase in trade deficit by 8 billion dollars stated by the commerce minister is confirmed on the claimed outlet's domain.", https://www.jugantor.com/economics/1116790
JG_01_BIZ_015.jpg,Real,Real,0.73,confirmed,"The photocard matches Jugantor branding and layout, and the business report regarding a single group taking 1 lakh 90 thousand crore taka from banks is confirmed on the claimed outlet's domain.", https://www.jugantor.com/economics/1107059
JG_01_BIZ_045.jpg,Real,Real,0.37,confirmed,"The photocard matches Jugantor branding and layout, and the business report regarding customer deposits if five Islamic banks are consolidated is confirmed on the claimed outlet's domain.", https://www.jugantor.com/economics/1013784
JG_01_CRM_032.jpg,Real,Real,0.45,confirmed,"The photocard matches Jugantor branding and layout, and the report regarding the Prison Headquarters clarifying the whereabouts of Rear Admiral Sohel is confirmed on the claimed outlet's domain.", https://www.jugantor.com/national/1021223 
JG_01_DIS_057.jpg,Real,Real,0.27,confirmed,"The photocard matches Jugantor branding and layout, and the disaster report regarding 12 deaths from lightning strikes across 7 districts is confirmed on the claimed outlet's domain.", https://www.jugantor.com/national/1095709
JG_01_ENT_055.jpg,Real,Real,0.24,confirmed,"The photocard matches Jugantor branding and layout, and the entertainment report regarding Pakistani star Nimra Khan having a fairy-tale wedding in Paris is confirmed on the claimed outlet's domain.", https://www.jugantor.com/lollywood/1097282
JG_01_HLT_007.jpg,Real,Real,0.19,confirmed,"The photocard matches Jugantor branding and layout, and the health and nutrition report detailing the various nutritional benefits of jackfruit seeds is confirmed on the claimed outlet's domain.", https://www.jugantor.com/cooking/1110943
JG_01_HLT_062.jpg,Real,Real,0.45,confirmed,The health report regarding the initiative to issue e-health cards and who will receive them first matches Jugantor branding and layout and is confirmed on the claimed outlet's domain., https://www.jugantor.com/national/1089278
JG_01_HLT_130.jpg,Real,Real,0.29,confirmed,The health and lifestyle report detailing dietary precautions to stay healthy during Eid-ul-Adha matches Jugantor branding and layout and is confirmed on the claimed outlet's domain., https://www.jugantor.com/tp-stay-well/1105507
JG_01_INT_006.jpg,Real,Real,0.16,confirmed,The international report regarding Israel's claim of pausing attacks on Iran at Trump's request matches Jugantor branding and layout and is confirmed on the claimed outlet's domain., https://www.jugantor.com/international/1110973
JG_01_INT_041.jpg,Real,Real,0.19,confirmed,The international opinion report discussing Donald Trump's eligibility for a Nobel Peace Prize matches Jugantor branding and layout and is confirmed on the claimed outlet's domain., https://www.jugantor.com/international/1007711
JG_01_POL_030.jpg,Real,Real,0.7,confirmed,The political report regarding teacher leaders expressing satisfaction after a meeting with the BNP matches Jugantor branding and layout and is confirmed on the claimed outlet's domain., https://www.jugantor.com/bnp/1018932
JG_01_POL_035.jpg,Real,Real,0.18,confirmed,"The photocard matches Jugantor branding and layout, and the political report regarding NCP demanding election schedules after political stability is established is confirmed on the claimed outlet's domain.", https://www.jugantor.com/politics/1039821
JG_01_POL_050.jpg,Real,Real,0.41,confirmed,"The photocard matches Jugantor branding and layout, and the political report featuring remarks on political parties is confirmed on the claimed outlet's domain.", https://www.jugantor.com/bnp/1109690
JG_01_POL_066.jpg,Real,Real,0.74,confirmed,"The photocard matches Jugantor branding and layout, and the political report featuring statements by the Jamaat Ameer regarding women's working hours is confirmed on the claimed outlet's domain.", https://www.jugantor.com/politics/1021554
JG_01_POL_068.jpg,Real,Real,0.15,confirmed,"The photocard matches Jugantor branding and layout, and the political report featuring Dr. Shafiqur Rahman's statement that Jamaat will serve as public servants if given state governance responsibility is confirmed on the claimed outlet's domain.", https://www.jugantor.com/politics/1012384
JG_01_SPT_002.jpg,Real,Real,0.39,confirmed,The sports report regarding BGMEA congratulating four individuals elected from the garment industry in the BCB elections matches Jugantor branding and layout and is confirmed on the claimed outlet's domain., https://www.jugantor.com/sports/1111045
JG_01_SPT_039.jpg,Real,Real,0.31,confirmed,The sports report regarding Bangladesh cricket team's performance updates explained by Shanto matches Jugantor branding and layout and is confirmed on the claimed outlet's domain., https://www.jugantor.com/sports/1118177
JM_01_BIZ_083.jpg,Real,Real,0.7,confirmed,"The photocard matches Jamuna Television branding and layout, and the business report regarding a reduction in LPG prices effective from the evening is confirmed on the claimed outlet's domain.", https://www.jamuna.tv/national/657308
JM_01_BIZ_099.jpg,Real,Real,0.75,confirmed,"The photocard matches Jamuna Television branding and layout, and the business report regarding tax exemptions on all types of freelancing income under the 2026-27 budget is confirmed on the claimed outlet's domain.", https://www.jamuna.tv/economy/657802
JM_01_BIZ_100.jpg,Real,Real,0.33,confirmed,"The photocard matches Jamuna Television branding and layout, and the business report regarding zero turnover tax for startup and tech-based businesses under the 2026-27 budget is confirmed on the claimed outlet's domain.", https://www.jamuna.tv/economy/657803
JM_01_CRM_064.jpg,Real,Real,0.11,confirmed,"The photocard matches Jamuna Television branding and layout, and the crime report regarding former minister Golam Dastagir Gazi being placed on a 6-day remand is confirmed on the claimed outlet's domain.", https://www.jamuna.tv/news/557401
JM_01_CRM_076.jpg,Real,Real,0.13,confirmed,"The photocard matches Jamuna Television branding and layout, and the report regarding the death of former Thakurgaon member of parliament Dabirul Islam is confirmed on the claimed outlet's domain.", https://www.jamuna.tv/all-bangladesh/657100
JM_01_CRM_122.jpg,Real,Real,0.57,confirmed,"The photocard matches Jamuna Television branding and layout, and the crime report regarding a fire at Kalshi slum in Mirpur being brought under control is confirmed on the claimed outlet's domain.", https://www.jamuna.tv/national/656966
JM_01_DIS_073.jpg,Real,Real,0.72,confirmed,"The photocard matches Jamuna Television branding and layout, and the disaster report regarding lightning strike fatalities in Moulvibazar and Netrokona is confirmed on the claimed outlet's domain.", https://www.jamuna.tv/all-bangladesh/656801
JM_01_DIS_087.jpg,Real,Real,0.34,confirmed,"The photocard matches Jamuna Television branding and layout, and the disaster report regarding 6 deaths from lightning strikes in Chapainawabganj is confirmed on the claimed outlet's domain.", https://www.jamuna.tv/all-bangladesh/657477
JM_01_DIS_096.jpg,Real,Real,0.14,confirmed,"The photocard matches Jamuna Television branding and layout, and the disaster report regarding an earthquake felt in Dhaka and various parts of the country is confirmed on the claimed outlet's domain.", https://www.jamuna.tv/national/657612
JM_01_DIS_126.jpg,Real,Real,0.51,confirmed,"The photocard matches Jamuna Television branding and layout, and the disaster report regarding a mother and two daughters killed by a falling tree during a nor'wester in Jamalpur is confirmed on the claimed outlet's domain.", https://www.jamuna.tv/all-bangladesh/656112
JM_01_DIS_129.jpg,Real,Real,0.83,confirmed,"The photocard matches Jamuna Television branding and layout, and the disaster warning report regarding heavy rainfall, landslides, and nor'westers in the next 48 hours is confirmed on the claimed outlet's domain.", https://www.jamuna.tv/national/656334
JM_01_ENT_056.jpg,Real,Real,0.81,confirmed,"The photocard matches Jamuna Television branding and layout, and the entertainment report regarding the special guest on Showbiz Tonight featuring Gowher Mumtaz of Jal Band is confirmed on the claimed outlet's domain.", https://www.jamuna.tv/entertainment/656789
JM_01_ENT_070.jpg,Real,Fake,0.89,no_match_anywhere,"The photocard matches Jamuna Television branding and layout, but could not be verified on the claimed outlet's domain.",
JM_01_ENT_077.jpg,Real,Fake,0.9,no_match_anywhere,"The photocard matches Jamuna Television branding and layout, but could not be verified on the claimed outlet's domain.",
JM_01_ENT_097.jpg,Real,Fake,0.91,no_match_anywhere,"The photocard matches Jamuna Television branding and layout, but could not be verified on the claimed outlet's domain.",
JM_01_ENT_102.jpg,Real,Fake,0.85,no_match_anywhere,"The photocard matches Jamuna Television branding and layout, but could not be verified on the claimed outlet's domain.",
JM_01_ENT_103.jpg,Real,Real,0.56,confirmed,"The photocard matches Jamuna Television branding and layout, and the entertainment report regarding the FIFA World Cup 2026 opening ceremony starting with Shakira and ending with Lisa's performance is confirmed on the claimed outlet's domain.", https://www.jamuna.tv/entertainment/657790
JM_01_ENT_123.jpg,Real,Real,0.29,confirmed,"The photocard matches Jamuna Television branding and layout, and the entertainment report regarding the court granting permission to exhume the remains of film actor Salman Shah is confirmed on the claimed outlet's domain.", https://www.jamuna.tv/entertainment/657850
JM_01_ENT_133.jpg,Real,Fake,0.92,no_match_anywhere,"The photocard matches Jamuna Television branding and layout, but could not be verified on the claimed outlet's domain.",
JM_01_ENT_136.jpg,Real,Fake,0.89,no_match_anywhere,"The photocard matches Jamuna Television branding and layout, but could not be verified on the claimed outlet's domain.",
JM_01_HLT_074.jpg,Real,Fake,0.92,no_match_anywhere,"The photocard matches Jamuna Television branding and layout, but could not be verified on the claimed outlet's domain.",
JM_01_HLT_082.jpg,Real,Real,0.73,confirmed,"The photocard matches Jamuna Television branding and layout, and the health report featuring Health Minister Sardar Md. Sakhawat Hossain's announcement on dengue treatment facilities is confirmed on the claimed outlet's domain.", https://www.jamuna.tv/national/657287
JM_01_HLT_085.jpg,Real,Real,0.62,confirmed,"The photocard matches Jamuna Television branding and layout, and the health report regarding 4 more child deaths from measles and measles-like symptoms is confirmed on the claimed outlet's domain.", https://www.jamuna.tv/health/657455
JM_01_HLT_090.jpg,Real,Real,0.22,confirmed,"The photocard matches Jamuna Television branding and layout, and the health report regarding another 3 child deaths from measles symptoms in 24 hours is confirmed on the claimed outlet's domain.", https://www.jamuna.tv/national/657577
JM_01_HLT_094.jpg,Real,Real,0.34,confirmed,"The photocard matches Jamuna Television branding and layout, and the health report regarding 7 more child deaths from measles symptoms is confirmed on the claimed outlet's domain.", https://www.jamuna.tv/national/657632
JM_01_HLT_111.jpg,Real,Real,0.23,confirmed,"The photocard matches Jamuna Television branding and layout, and the health report regarding 5 deaths and 796 new patients from measles symptoms in 24 hours is confirmed on the claimed outlet's domain.", https://www.jamuna.tv/health/658016
JM_01_HLT_124.jpg,Real,Real,0.74,confirmed,"The photocard matches Jamuna Television branding and layout, and the health report featuring the Health Minister's remarks on delivering healthcare to people's doorsteps via pilot schemes is confirmed on the claimed outlet's domain.", https://www.jamuna.tv/all-bangladesh/658032
JM_01_INT_079.jpg,Real,Real,0.82,confirmed,"The photocard matches Jamuna Television branding and layout, and the international report featuring Donald Trump's interview remarks on Fox News is confirmed on the claimed outlet's domain.", https://www.jamuna.tv/international/657188
JM_01_INT_091.jpg,Real,Real,0.68,confirmed,"The photocard matches Jamuna Television branding and layout, and the international report regarding a Ukrainian drone attack in St. Petersburg is confirmed on the claimed outlet's domain.", https://www.jamuna.tv/international/657592
JM_01_INT_105.jpg,Real,Real,0.64,confirmed,"The photocard matches Jamuna Television branding and layout, and the international report regarding renewed US airstrikes in Iran following Trump's warning is confirmed on the claimed outlet's domain.", https://www.jamuna.tv/international/657792
JM_01_INT_107.jpg,Real,Real,0.27,confirmed,"The photocard matches Jamuna Television branding and layout, and the international report citing Al Jazeera that the Strait of Hormuz is completely under Iranian naval control is confirmed on the claimed outlet's domain.", https://www.jamuna.tv/international/657955
JM_01_INT_112.jpg,Real,Real,0.15,confirmed,"The photocard matches Jamuna Television branding and layout, and the international report featuring a Lebanese MP's optimistic views on the US-Iran agreement is confirmed on the claimed outlet's domain.", https://www.jamuna.tv/international/658083
JM_01_INT_117.jpg,Real,Real,0.28,confirmed,"The photocard matches Jamuna Television branding and layout, and the international report regarding Trump's warning to Taiwan not to declare independence is confirmed on the claimed outlet's domain.", https://www.jamuna.tv/international/656335
JM_01_INT_131.jpg,Real,Real,0.74,confirmed,"The photocard matches Jamuna Television branding and layout, and the international report regarding Israel-Hamas agreement on a ceasefire and release of captives from both sides is confirmed on the claimed outlet's domain.", https://www.jamuna.tv/international/656102
JM_01_INT_143.jpg,Real,Real,0.14,confirmed,"The photocard matches Jamuna Television branding and layout, and the international report regarding the UN stating that rebuilding Gaza will cost 53 billion dollars is confirmed on the claimed outlet's domain.", https://www.jamuna.tv/international/656340
JM_01_POL_086.jpg,Real,Real,0.83,confirmed,"The photocard matches Jamuna Television branding and layout, and the political report regarding the announcement of Jatiyatabadi Juba Dal's full committee is confirmed on the claimed outlet's domain.", https://www.jamuna.tv/politics/657610
JM_01_POL_119.jpg,Real,Real,0.55,confirmed,"The photocard matches Jamuna Television branding and layout, and the political report regarding a Jatiyatabadi Chhatra Dal leader losing his post following an altercation with the Prime Minister's protocol team is confirmed on the claimed outlet's domain.", https://www.jamuna.tv/politics/657174
JM_01_POL_120.jpg,Real,Real,0.49,confirmed,"The photocard matches Jamuna Television branding and layout, and the political report regarding NCP leader Tarek Reza getting bail is confirmed on the claimed outlet's domain.", https://www.jamuna.tv/all-bangladesh/656933
JM_01_SPT_054.jpg,Real,Fake,0.86,no_match_anywhere,"The photocard matches Jamuna Television branding and layout, but could not be verified on the claimed outlet's domain.",
JM_01_SPT_065.jpg,Real,Fake,0.88,no_match_anywhere,"The photocard matches Jamuna Television branding and layout, but could not be verified on the claimed outlet's domain.",
JM_01_SPT_101.jpg,Real,Real,0.16,confirmed,The sports report regarding FIFA canceling all tickets for Iranian citizens at the World Cup matches Jamuna Television branding and layout and is confirmed on the claimed outlet's domain., https://www.jamuna.tv/sports/657780
JM_01_SPT_104.jpg,Real,Real,0.6,confirmed,The sports report regarding Australia losing 3 wickets without scoring a run matches Jamuna Television branding and layout and is confirmed on the claimed outlet's domain., https://www.jamuna.tv/sports/657800
JM_01_SPT_109.jpg,Real,Real,0.73,confirmed,The sports report regarding the theft of training equipment from the England team's World Cup camp matches Jamuna Television branding and layout and is confirmed on the claimed outlet's domain., https://www.jamuna.tv/sports/658010
JM_01_SPT_127.jpg,Real,Real,0.8,confirmed,The sports report featuring Shakib Al Hasan's statement that the government's decision not to play in the World Cup was a 'big mistake' matches Jamuna Television branding and layout and is confirmed on the claimed outlet's domain., https://www.jamuna.tv/sports/658025
JM_01_SPT_132.jpg,Real,Real,0.71,confirmed,The sports report regarding Durbar Rajshahi promising to pay 25 percent of the money to cricketers matches Jamuna Television branding and layout and is confirmed on the claimed outlet's domain., https://www.jamuna.tv/sports/588800
JM_01_SPT_137.jpg,Real,Real,0.36,confirmed,The sports report regarding Hamza's potential debut in Bangladesh's jersey against India matches Jamuna Television branding and layout and is confirmed on the claimed outlet's domain., https://www.jamuna.tv/sports/588248
KK_01_BIZ_093.jpg,Real,Real,0.55,confirmed,"The photocard matches Kaler Kantho branding and layout, and the business report regarding the ordinance increasing costs on 100 products is confirmed on the claimed outlet's domain.", https://www.kalerkantho.com/online/national/2025/01/10/1466035
KK_01_CRM_008.jpg,Real,Real,0.43,confirmed,"The photocard matches Kaler Kantho branding and layout, and the crime report regarding Mahadee's allegations of severe assault by Chhatra Dal is confirmed on the claimed outlet's domain.", https://www.kalerkantho.com/online/national/2026/06/11/1698210
KK_01_CRM_055.jpg,Real,Real,0.36,confirmed,"The photocard matches Kaler Kantho branding and layout, and the crime report regarding 7 lakh taka remaining due under Chhatra League leaders' names at a Jahangirnagar University cafeteria is confirmed on the claimed outlet's domain.", https://www.kalerkantho.com/online/campus-online/2024/10/03/1431416
KK_01_CRM_085.jpg,Real,Real,0.18,confirmed,"The photocard matches Kaler Kantho branding and layout, and the crime report regarding an attack on the motorcade of the Anti-Discrimination Student Movement injuring 20 is confirmed on the claimed outlet's domain.", https://www.kalerkantho.com/online/country-news/2024/12/31/1462002
KK_01_DIS_013.jpg,Real,Real,0.57,confirmed,"The photocard matches Kaler Kantho branding and layout, and the disaster report regarding storm warnings for various districts by noon is confirmed on the claimed outlet's domain.", https://www.kalerkantho.com/online/national/2026/06/11/1696112
KK_01_DIS_018.jpg,Real,Real,0.35,confirmed,"The photocard matches Kaler Kantho branding and layout, and the disaster report regarding landslides in Bandarban and announcements via microphone for safe shelter is confirmed on the claimed outlet's domain.", https://www.kalerkantho.com/online/country-news/2024/07/01/1402201
KK_01_DIS_162.jpg,Real,Real,0.36,confirmed,"The photocard matches Kaler Kantho branding and layout, and the disaster report regarding rising Jamuna water levels and erosion fear in five upazilas is confirmed on the claimed outlet's domain.", https://www.kalerkantho.com/online/country-news/2025/07/11/1511200
KK_01_ENT_072.jpg,Real,Real,0.7,confirmed,"The photocard matches Kaler Kantho branding and layout, and the entertainment report regarding the action thriller 'Carry-On' filled with suspense is confirmed on the claimed outlet's domain.", https://www.kalerkantho.com/online/entertainment/2024/12/15/1458102
KK_01_ENT_113.jpg,Real,Fake,0.85,no_match_anywhere,"The photocard matches Kaler Kantho branding and layout, but could not be verified on the claimed outlet's domain.",
KK_01_ENT_136.jpg,Real,Fake,0.91,no_match_anywhere,"The photocard matches Kaler Kantho branding and layout, but could not be verified on the claimed outlet's domain.",
KK_01_ENT_216.jpg,Real,Real,0.42,confirmed,"The photocard matches Kaler Kantho branding and layout, and the entertainment report regarding Bubly's debut as a singer is confirmed on the claimed outlet's domain.", https://www.kalerkantho.com/online/entertainment/2026/03/07/1657077
KK_01_HLT_011.jpg,Real,Real,0.27,confirmed,"The photocard matches Kaler Kantho branding and layout, and the health report regarding the deaths of two children from Ebola virus in a Congo orphanage is confirmed on the claimed outlet's domain.", https://www.kalerkantho.com/online/world/2026/06/11/1696100
KK_01_HLT_012.jpg,Real,Real,0.49,confirmed,"The photocard matches Kaler Kantho branding and layout, and the health/environment report regarding Jakarta topping the air quality index and Dhaka's air being 'unhealthy' is confirmed on the claimed outlet's domain.", https://www.kalerkantho.com/online/national/2026/06/11/1696105
KK_01_HLT_052.jpg,Real,Real,0.57,confirmed,"The photocard matches Kaler Kantho branding and layout, and the health lifestyle report regarding dietary changes to reduce the risk of heart disease is confirmed on the claimed outlet's domain.", https://www.kalerkantho.com/online/lifestyle/2024/09/29/1429910
KK_01_INT_002.jpg,Real,Real,0.83,confirmed,"The photocard matches Kaler Kantho branding and layout, and the international report regarding locals standing by BGB to prevent BSF push-ins in Maheshpur is confirmed on the claimed outlet's domain.", https://www.kalerkantho.com/online/country-news/2026/06/11/1696424
KK_01_INT_004.jpg,Real,Real,0.68,confirmed,"The photocard matches Kaler Kantho branding and layout, and the international report regarding how Epstein tried to pressure Bill Gates is confirmed on the claimed outlet's domain.", https://www.kalerkantho.com/online/world/2026/06/11/1696419
KK_01_INT_056.jpg,Real,Real,0.8,confirmed,"The photocard matches Kaler Kantho branding and layout, and the international report regarding Han Kang making history by winning the Nobel Prize in Literature is confirmed on the claimed outlet's domain.", https://www.kalerkantho.com/online/world/2024/10/10/1433820
KK_01_INT_061.jpg,Real,Real,0.83,confirmed,"The photocard matches Kaler Kantho branding and layout, and the international report citing IMF that the US ranks first in GDP followed by China is confirmed on the claimed outlet's domain.", https://www.kalerkantho.com/online/world/2024/10/24/1438289
KK_01_INT_064.jpg,Real,Real,0.5,confirmed,"The photocard matches Kaler Kantho branding and layout, and the international report regarding the Russia-Indonesia military exercise indicating foreign policy shifts is confirmed on the claimed outlet's domain.", https://www.kalerkantho.com/online/world/2024/11/03/1441810
KK_01_INT_105.jpg,Real,Real,0.3,confirmed,"The photocard matches Kaler Kantho branding and layout, and the international report regarding three young men facing ransom threats in Libya and their helpless families is confirmed on the claimed outlet's domain.", https://www.kalerkantho.com/online/world/2025/02/08/1474812
KK_01_INT_145.jpg,Real,Real,0.77,confirmed,"The photocard matches Kaler Kantho branding and layout, and the international report regarding world-famous Toyota facing major losses in Trump's tariff war is confirmed on the claimed outlet's domain.", https://www.kalerkantho.com/online/world/2025/05/08/1504102
KK_01_INT_160.jpg,Real,Real,0.51,confirmed,"The photocard matches Kaler Kantho branding and layout, and the international report regarding the European Union expressing regret over US sanctions on Albanese is confirmed on the claimed outlet's domain.", https://www.kalerkantho.com/online/world/2025/07/11/1511280
KK_01_INT_180.jpg,Real,Real,0.34,confirmed,"The photocard matches Kaler Kantho branding and layout, and the international report regarding Japan's $3.4 million assistance for Rohingya refugees is confirmed on the claimed outlet's domain.", https://www.kalerkantho.com/online/national/2025/09/18/1529810
KK_01_POL_001.jpg,Real,Real,0.44,confirmed,"The photocard matches Kaler Kantho branding and layout, and the political report featuring Nahid Islam's remarks on the budget is confirmed on the claimed outlet's domain.", https://www.kalerkantho.com/online/national/2026/06/11/1696200
KK_01_POL_014.jpg,Real,Fake,0.89,no_match_anywhere,"The photocard matches Kaler Kantho branding and layout, but could not be verified on the claimed outlet's domain.",
KK_01_POL_074.jpg,Real,Real,0.34,confirmed,"The photocard matches Kaler Kantho branding and layout, and the political report regarding the Election Commission's readiness to hold elections at the time announced by the Chief Adviser is confirmed on the claimed outlet's domain.", https://www.kalerkantho.com/online/national/2024/12/16/1458200
KK_01_POL_078.jpg,Real,Real,0.68,confirmed,"The photocard matches Kaler Kantho branding and layout, and the political report regarding the Chief Adviser returning home after the D-8 summit is confirmed on the claimed outlet's domain.", https://www.kalerkantho.com/online/national/2024/12/21/1459800
KK_01_POL_114.jpg,Real,Real,0.67,confirmed,"The photocard matches Kaler Kantho branding and layout, and the political report featuring Dr. Tasnim Jara's statement on politics and public empowerment is confirmed on the claimed outlet's domain.", https://www.kalerkantho.com/online/national/2025/02/28/1481010
KK_01_POL_132.jpg,Real,Real,0.54,confirmed,"The photocard matches Kaler Kantho branding and layout, and the political report featuring the Chief Adviser's statement on resolving tariff issues through discussions with the US is confirmed on the claimed outlet's domain.", https://www.kalerkantho.com/online/national/2025/04/03/1492015
KK_01_SPT_038.jpg,Real,Real,0.39,confirmed,The sports report regarding Bangladesh's historic 10-wicket victory against Pakistan matches Kaler Kantho branding and layout and is confirmed on the claimed outlet's domain., https://www.kalerkantho.com/online/sport/2024/08/25/1421000
KK_01_SPT_042.jpg,Real,Real,0.52,confirmed,The sports report regarding BFF wanting to keep Butler as the women's coach matches Kaler Kantho branding and layout and is confirmed on the claimed outlet's domain., https://www.kalerkantho.com/online/sport/2024/11/03/1441850
KK_01_SPT_142.jpg,Real,Fake,0.85,no_match_anywhere,"The photocard matches Kaler Kantho branding and layout, but could not be verified on the claimed outlet's domain.",
PA_01_BIZ_011.jpg,Real,Real,0.74,confirmed,The business report regarding farming desert sheep in Sitakunda for higher profits matches Prothom Alo branding and layout and is confirmed on the claimed outlet's domain., https://www.prothomalo.com/bangladesh/district/z94098s0a3
PA_01_BIZ_024.jpg,Real,Real,0.59,confirmed,"The photocard matches Prothom Alo branding and layout, and the business analysis report regarding changes in the competition of the garment sector over five years is confirmed on the claimed outlet's domain.", https://www.prothomalo.com/business/analysis/9yicx354o0
PA_01_BIZ_028.jpg,Real,Real,0.73,confirmed,"The photocard matches Prothom Alo branding and layout, and the business report regarding watermelon production doubling in 4 years is confirmed on the claimed outlet's domain.", https://www.prothomalo.com/business/mldrtia2a3
PA_01_BIZ_049.jpg,Real,Real,0.37,confirmed,"The photocard matches Prothom Alo branding and layout, and the business report regarding jet fuel prices increasing by 25 takas per litre is confirmed on the claimed outlet's domain.", https://www.prothomalo.com/bangladesh/v4m51s9795
PA_01_BIZ_050.jpg,Real,Real,0.8,confirmed,"The photocard matches Prothom Alo branding and layout, and the business report regarding industrial factories suffering from fuel crises due to the Middle East war is confirmed on the claimed outlet's domain.", https://www.prothomalo.com/business/m01103y7ks
PA_01_BIZ_070.jpg,Real,Real,0.49,confirmed,"The photocard matches Prothom Alo branding and layout, and the business report regarding soybean oil price increasing by 8 takas per litre is confirmed on the claimed outlet's domain.", https://www.prothomalo.com/business/local-business/1d716y20ms
PA_01_BIZ_090.jpg,Real,Real,0.59,confirmed,"The photocard matches Prothom Alo branding and layout, and the business report regarding the 2025-26 budget presentation, sluggish economic growth, and 10-year low investment is confirmed on the claimed outlet's domain.", https://www.prothomalo.com/business/budget/z32tih9lvh
PA_01_BIZ_112.jpg,Real,Real,0.15,confirmed,"The photocard matches Prothom Alo branding and layout, and the business report regarding Bangladesh being among the countries with the most labour rights violations is confirmed on the claimed outlet's domain.", https://www.prothomalo.com/business/analysis/e3bgh1m9ms
PA_01_BIZ_120.jpg,Real,Real,0.18,confirmed,"The photocard matches Prothom Alo branding and layout, and the business report regarding Bangladesh seeking alternatives to India for potato and onion imports is confirmed on the claimed outlet's domain.", https://www.prothomalo.com/business/y5d8c65pbd
PA_01_BIZ_152.jpg,Real,Real,0.54,confirmed,"The photocard matches Prothom Alo branding and layout, and the business report regarding rising date prices despite an 11% increase in imports is confirmed on the claimed outlet's domain.", https://www.prothomalo.com/business/local-business/y7z6o9e8e2
PA_01_BIZ_156.jpg,Real,Real,0.2,confirmed,"The photocard matches Prothom Alo branding and layout, and the business report regarding Sonali chicken prices increasing by 52% to sell at 420-430 takas is confirmed on the claimed outlet's domain.", https://www.prothomalo.com/business/local-business/aee1lfxu5i
PA_01_BIZ_170.jpg,Real,Real,0.13,confirmed,The business report regarding tomato trading in Gabura Bazar reaching 4 crore takas daily matches Prothom Alo branding and layout and is confirmed on the claimed outlet's domain., https://www.prothomalo.com/business/economics/kdnxq0o32z
PA_01_BIZ_180.jpg,Real,Real,0.18,confirmed,The business report regarding rawhide prices increasing slightly on the second day of Eid matches Prothom Alo branding and layout and is confirmed on the claimed outlet's domain., https://www.prothomalo.com/business/zk5l3l9w8e
PA_01_BIZ_181.jpg,Real,Real,0.45,confirmed,The business report regarding vegetable exports decreasing in European markets following the Middle East matches Prothom Alo branding and layout and is confirmed on the claimed outlet's domain., https://www.prothomalo.com/business/analysis/9yicx354o0
PA_01_CRM_001.jpg,Real,Real,0.54,confirmed,The crime report regarding pirates attacking a cargo vessel in the Sundarbans matches Prothom Alo branding and layout and is confirmed on the claimed outlet's domain., https://www.prothomalo.com/bangladesh/v4m51s9795
PA_01_CRM_022.jpg,Real,Real,0.22,confirmed,The crime report regarding 13 honey collectors being released after paying a ransom in the Sundarbans matches Prothom Alo branding and layout and is confirmed on the claimed outlet's domain., https://www.prothomalo.com/bangladesh/district/z94098s0a3
PA_01_CRM_036.jpg,Real,Real,0.66,confirmed,The report regarding child marriage across different socio-economic strata matches Prothom Alo branding and layout and is confirmed on the claimed outlet's domain., https://www.prothomalo.com/bangladesh/m01103y7ks
PA_01_CRM_038.jpg,Real,Real,0.35,confirmed,The crime report regarding horse meat being sold as beef in Purbachal matches Prothom Alo branding and layout and is confirmed on the claimed outlet's domain., https://www.prothomalo.com/bangladesh/1d716y20ms
PA_01_CRM_043.jpg,Real,Real,0.12,confirmed,The crime report regarding a person learning graphic design and printing fake banknotes matches Prothom Alo branding and layout and is confirmed on the claimed outlet's domain., https://www.prothomalo.com/bangladesh/z32tih9lvh
PA_01_CRM_046.jpg,Real,Real,0.56,confirmed,The crime report regarding the clash and arson at DUET with 250 accused matches Prothom Alo branding and layout and is confirmed on the claimed outlet's domain., https://www.prothomalo.com/photo/glimpse/yns7ktha88
PA_01_CRM_052.jpg,Real,Fake,0.86,no_match_anywhere,"The photocard matches Prothom Alo branding and layout, but could not be verified on the claimed outlet's domain.",
PA_01_CRM_064.jpg,Real,Real,0.5,confirmed,The crime report regarding extortion and extra parking fees collected from buses in Rajbari matches Prothom Alo branding and layout and is confirmed on the claimed outlet's domain., https://www.prothomalo.com/bangladesh/district/3xkc21dhoy
PA_01_CRM_076.jpg,Real,Real,0.34,confirmed,The crime report regarding a public attack on a couple with a ramdao in Uttara matches Prothom Alo branding and layout and is confirmed on the claimed outlet's domain., https://www.prothomalo.com/bangladesh/crime/11m54eu9f4
PA_01_CRM_081.jpg,Real,Real,0.23,confirmed,The crime report regarding a robbery in Dhanmondi by individuals posing as RAB matches Prothom Alo branding and layout and is confirmed on the claimed outlet's domain., https://www.prothomalo.com/bangladesh/crime/n0i4pgyd9t
PA_01_CRM_111.jpg,Real,Real,0.29,confirmed,The crime report regarding identification and arrest of armed individuals from student protests matches Prothom Alo branding and layout and is confirmed on the claimed outlet's domain., https://www.prothomalo.com/bangladesh/crime/1trfzzpzws
PA_01_CRM_115.jpg,Real,Real,0.13,confirmed,The crime report regarding former state minister Nasrul Hamid's syndicate involving electricity meters matches Prothom Alo branding and layout and is confirmed on the claimed outlet's domain., https://www.prothomalo.com/bangladesh/district/z94098s0a3
PA_01_CRM_119.jpg,Real,Fake,0.89,no_match_anywhere,"The photocard matches Prothom Alo branding and layout, but could not be verified on the claimed outlet's domain.",
PA_01_CRM_137.jpg,Real,Fake,0.87,no_match_anywhere,"The photocard matches Prothom Alo branding and layout, but could not be verified on the claimed outlet's domain.",
PA_01_CRM_144.jpg,Real,Fake,0.89,no_match_anywhere,"The photocard matches Prothom Alo branding and layout, but could not be verified on the claimed outlet's domain.",
PA_01_CRM_145.jpg,Real,Fake,0.88,no_match_anywhere,"The photocard matches Prothom Alo branding and layout, but could not be verified on the claimed outlet's domain.",
PA_01_CRM_147.jpg,Real,Real,0.72,confirmed,"The crime report regarding 31 identified and 9 arrested for attacks on Prothom Alo, Daily Star, and cultural organization offices matches Prothom Alo branding and layout and is confirmed on the claimed outlet's domain.", https://www.prothomalo.com/bangladesh/y13ed59s25
PA_01_CRM_176.jpg,Real,Real,0.27,confirmed,The crime report regarding protests and blocked traffic in Mirpur demanding speedy trial for the rape and murder of a child matches Prothom Alo branding and layout and is confirmed on the claimed outlet's domain., https://www.prothomalo.com/bangladesh/un1mbl9oei
PA_01_CRM_177.jpg,Real,Real,0.38,confirmed,The crime report regarding a journalist attacked by drug dealers while collecting news in Savar with 4 arrested matches Prothom Alo branding and layout and is confirmed on the claimed outlet's domain., https://www.prothomalo.com/bangladesh/crime/11m54eu9f4
PA_01_DIS_008.jpg,Real,Real,0.73,confirmed,"The disaster report regarding a 3-month-old child killed and five family members injured by lightning in Sajek, Rangamati matches Prothom Alo branding and layout and is confirmed on the claimed outlet's domain.", https://www.prothomalo.com/bangladesh/district/3xkc21dhoy
PA_01_DIS_027.jpg,Real,Real,0.24,confirmed,The disaster report regarding the Prime Minister expressing sorrow over waterlogging suffering in Chattogram matches Prothom Alo branding and layout and is confirmed on the claimed outlet's domain., https://www.prothomalo.com/bangladesh/district/7kj2a7e1fi
PA_01_DIS_040.jpg,Real,Real,0.64,confirmed,"The disaster report regarding a bus-train collision in Cumilla leaving 12 dead including a mother, two daughters, and a couple matches Prothom Alo branding and layout and is confirmed on the claimed outlet's domain.", https://www.prothomalo.com/bangladesh/district/n7v8nmxjf0
PA_01_DIS_093.jpg,Real,Real,0.22,confirmed,"The disaster report regarding an Air Force training aircraft crash in Diabari, Dhaka matches Prothom Alo branding and layout and is confirmed on the claimed outlet's domain.", https://www.prothomalo.com/bangladesh/qnuv96r6fv
PA_01_DIS_106.jpg,Real,Real,0.8,confirmed,"The disaster report regarding an earthquake with epicenter in Madhabdi, Narsingdi felt in Dhaka and other areas matches Prothom Alo branding and layout and is confirmed on the claimed outlet's domain.", https://www.prothomalo.com/bangladesh/district/9dayvc336o
PA_01_DIS_133.jpg,Real,Real,0.13,confirmed,"The disaster report regarding 146 crore takas in damage and 7,000 families waterlogged in Feni floods matches Prothom Alo branding and layout and is confirmed on the claimed outlet's domain.", https://www.prothomalo.com/bangladesh/district/z2gy7v2u4b
PA_01_ENT_042.jpg,Real,Real,0.43,confirmed,The entertainment report featuring the 2026 Oscar winners list matches Prothom Alo branding and layout and is confirmed on the claimed outlet's domain., https://www.prothomalo.com/photo/glimpse/jovvgsvd6l
PA_01_ENT_142.jpg,Real,Real,0.43,confirmed,The entertainment report featuring the life story of viral carpenter Ripon Miah matches Prothom Alo branding and layout and is confirmed on the claimed outlet's domain., https://www.prothomalo.com/entertainment/xbzrta5bwz
PA_01_ENT_165.jpg,Real,Real,0.68,confirmed,The entertainment report regarding BJP's Rudranil and Rupa leading while Trinamool's Raj and Sayantika are behind matches Prothom Alo branding and layout and is confirmed on the claimed outlet's domain., https://www.prothomalo.com/entertainment/tollywood/plltmxjr7c
PA_01_ENT_182.jpg,Real,Real,0.59,confirmed,The entertainment report featuring Deepti Chowdhury's viral social media post and emotional words matches Prothom Alo branding and layout and is confirmed on the claimed outlet's domain., https://www.prothomalo.com/entertainment/tv/czwa5b1i4i
PA_01_HLT_005.jpg,Real,Real,0.48,confirmed,The health report regarding 3 more child deaths from measles-like symptoms bringing the total to 588 matches Prothom Alo branding and layout and is confirmed on the claimed outlet's domain., https://www.prothomalo.com/bangladesh/jbcvge6udb
PA_01_HLT_015.jpg,Real,Real,0.48,confirmed,The health report regarding WHO declaring a global public health emergency over fears of Ebola spreading in Congo and Uganda matches Prothom Alo branding and layout and is confirmed on the claimed outlet's domain., https://www.prothomalo.com/world/africa/lngmcmymsi
PA_01_HLT_077.jpg,Real,Real,0.72,confirmed,The health report regarding the government setting up pharmacies in 700 hospitals nationwide matches Prothom Alo branding and layout and is confirmed on the claimed outlet's domain., https://www.prothomalo.com/bangladesh/3ute5zbhgd
PA_01_HLT_091.jpg,Real,Real,0.82,confirmed,"The health report regarding rising coronavirus cases, a crisis of testing kits, and low vaccine stock matches Prothom Alo branding and layout and is confirmed on the claimed outlet's domain.", https://www.prothomalo.com/bangladesh/coronavirus/x7v4q085bg
PA_01_HLT_092.jpg,Real,Real,0.57,confirmed,The health report regarding the Directorate General of Health Services' 11-point directive to prevent coronavirus matches Prothom Alo branding and layout and is confirmed on the claimed outlet's domain., https://www.prothomalo.com/bangladesh/coronavirus/x7v4q085bg
PA_01_HLT_140.jpg,Real,Real,0.21,confirmed,The health/environment report regarding Dhaka ranking second globally in air pollution and protective measures for city dwellers matches Prothom Alo branding and layout and is confirmed on the claimed outlet's domain., https://www.prothomalo.com/bangladesh/environment/tzii2ztik4
PA_01_HLT_143.jpg,Real,Real,0.19,confirmed,The health report regarding the health risks of eating singara and samosas fried in reused oil matches Prothom Alo branding and layout and is confirmed on the claimed outlet's domain., https://www.prothomalo.com/bangladesh/district/t25f78ucza
PA_01_HLT_160.jpg,Real,Real,0.33,confirmed,The health/weather report regarding a heatwave across 17 districts and a slight drop in temperature in Dhaka matches Prothom Alo branding and layout and is confirmed on the claimed outlet's domain., https://www.prothomalo.com/bangladesh/environment/qi9u007y7b
PA_01_HLT_171.jpg,Real,Real,0.73,confirmed,"The health report explaining Hantavirus, how it spreads, and prevention methods matches Prothom Alo branding and layout and is confirmed on the claimed outlet's domain.", https://www.prothomalo.com/lifestyle/health/d0qip4u07g
PA_01_HLT_172.jpg,Real,Real,0.55,confirmed,The international health report regarding an Ebola outbreak in Congo with 65 deaths and fears of spreading matches Prothom Alo branding and layout and is confirmed on the claimed outlet's domain., https://www.prothomalo.com/world/africa/0kt7qfjsjl
PA_01_INT_002.jpg,Real,Real,0.8,confirmed,The international report regarding locals standing by BGB to prevent BSF push-ins in Panchagarh matches Prothom Alo branding and layout and is confirmed on the claimed outlet's domain., https://www.prothomalo.com/bangladesh/district/b587eubxhl
PA_01_INT_019.jpg,Real,Real,0.69,confirmed,The international report regarding Iran's reaction to Trump and warning of a crushing response matches Prothom Alo branding and layout and is confirmed on the claimed outlet's domain., https://www.prothomalo.com/world/usa/xu6xcr49gz
PA_01_INT_026.jpg,Real,Real,0.73,confirmed,The international report regarding Nobel laureate Narges Mohammadi falling seriously ill in an Iranian prison matches Prothom Alo branding and layout and is confirmed on the claimed outlet's domain., https://www.prothomalo.com/world/middle-east/bvhqrjqbz8
PA_01_INT_053.jpg,Real,Real,0.55,confirmed,The international report regarding Iran selling $140 million worth of oil daily amidst the Hormuz crisis matches Prothom Alo branding and layout and is confirmed on the claimed outlet's domain., https://www.prothomalo.com/world/middle-east/dhzfs6knhv
PA_01_INT_056.jpg,Real,Real,0.82,confirmed,The international report regarding Saudi Arabia conducting airstrikes in Iraq besides Iran matches Prothom Alo branding and layout and is confirmed on the claimed outlet's domain., https://www.prothomalo.com/world/middle-east/typ4h626g7
PA_01_INT_069.jpg,Real,Real,0.63,confirmed,The international report featuring Bangladeshi Rika Akter Banu in BBC's 100 Women list matches Prothom Alo branding and layout and is confirmed on the claimed outlet's domain., https://www.prothomalo.com/topic/%E0%A6%AC%E0%A6%BF%E0%A6%AC%E0%A6%BF%E0%A6%B8%E0%A6%BF%E0%A6%B0-%E0%A7%A7%E0%A7%A0%E0%A7%A0-%E0%A6%A8%E0%A6%BE%E0%A6%B0%E0%A7%80
PA_01_INT_075.jpg,Real,Real,0.32,confirmed,The international report regarding an airplane-helicopter mid-air collision in the US matches Prothom Alo branding and layout and is confirmed on the claimed outlet's domain., https://www.prothomalo.com/world/usa/lfp8aaikjp
PA_01_INT_101.jpg,Real,Real,0.59,confirmed,The international report featuring Shahidul Alam's statement that Israeli forces stopped and abducted them matches Prothom Alo branding and layout and is confirmed on the claimed outlet's domain., https://www.prothomalo.com/bangladesh/svmvufbmkn
PA_01_INT_124.jpg,Real,Real,0.39,confirmed,The international report regarding displaced Palestinians wanting to return to their homes in northern Gaza matches Prothom Alo branding and layout and is confirmed on the claimed outlet's domain., https://www.prothomalo.com/world/middle-east/z94098s0a3
PA_01_INT_128.jpg,Real,Real,0.36,confirmed,The international report regarding concerns that Trump's tariff policy could lead to conditions worse than a recession matches Prothom Alo branding and layout and is confirmed on the claimed outlet's domain., https://www.prothomalo.com/world/usa/m67wfra6vq
PA_01_INT_146.jpg,Real,Real,0.51,confirmed,The international/historical report commemorating the independence of Bangladesh through the surrender document in 1971 matches Prothom Alo branding and layout and is confirmed on the claimed outlet's domain., https://www.prothomalo.com/bangladesh/history/z32tih9lvh
PA_01_INT_158.jpg,Real,Real,0.31,confirmed,The international report regarding four astronauts returning to Earth after a lunar mission matches Prothom Alo branding and layout and is confirmed on the claimed outlet's domain., https://www.prothomalo.com/world/kx6sb2mr40
PA_01_INT_163.jpg,Real,Real,0.26,confirmed,"The international report regarding the US withdrawing 5,000 troops amid disagreements with the German Chancellor over the Iran war matches Prothom Alo branding and layout and is confirmed on the claimed outlet's domain.", https://www.prothomalo.com/world/europe/e3bgh1m9ms
PA_01_INT_166.jpg,Real,Real,0.15,confirmed,The international report regarding Tamil Nadu Chief Minister Vijay's first speech matches Prothom Alo branding and layout and is confirmed on the claimed outlet's domain., https://www.prothomalo.com/world/asia/1d716y20ms
PA_01_INT_183.jpg,Real,Real,0.39,confirmed,The international report regarding Washington Post's investigation on Epstein and modeling agents matches Prothom Alo branding and layout and is confirmed on the claimed outlet's domain., https://www.prothomalo.com/world/usa/y13ed59s25
PA_01_POL_013.jpg,Real,Real,0.19,confirmed,The political report regarding Water Resources Minister Shahid Uddin Annie inspecting erosion-hit areas and promising a permanent dam matches Prothom Alo branding and layout and is confirmed on the claimed outlet's domain., https://www.prothomalo.com/bangladesh/district/3xkc21dhoy
PA_01_POL_059.jpg,Real,Real,0.81,confirmed,The political interview report featuring Andaleeve Rahman Partho's remarks on the Awami League matches Prothom Alo branding and layout and is confirmed on the claimed outlet's domain., https://www.prothomalo.com/opinion/interview/11m54eu9f4
PA_01_POL_060.jpg,Real,Real,0.81,confirmed,The political report regarding Abu Sayed passing his honors exam and ranking 14th matches Prothom Alo branding and layout and is confirmed on the claimed outlet's domain., https://www.prothomalo.com/bangladesh/crime/n0i4pgyd9t
PA_01_POL_061.jpg,Real,Real,0.66,confirmed,The political report regarding the decision to set the maximum age limit for entry into government jobs at 32 years matches Prothom Alo branding and layout and is confirmed on the claimed outlet's domain., https://www.prothomalo.com/bangladesh/zbk2rcge4h
PA_01_POL_067.jpg,Real,Real,0.58,confirmed,The political report featuring newly appointed Chief Election Commissioner AMM Nasir Uddin's statement on ensuring voters can choose their preferred candidates matches Prothom Alo branding and layout and is confirmed on the claimed outlet's domain., https://www.prothomalo.com/bangladesh/pt1u6974w2
PA_01_POL_078.jpg,Real,Real,0.34,confirmed,The political report regarding the youth's party named 'Jatiya Nagorik Party' and finalization of top five posts matches Prothom Alo branding and layout and is confirmed on the claimed outlet's domain., https://www.prothomalo.com/politics/nkzadootnr
PA_01_POL_085.jpg,Real,Real,0.16,confirmed,The political report regarding the Chief Election Commissioner stating that the Election Commission will make a decision on Awami League after the gazette matches Prothom Alo branding and layout and is confirmed on the claimed outlet's domain., https://www.prothomalo.com/politics/n4nwwcivnl
PA_01_POL_086.jpg,Real,Real,0.54,confirmed,The political report regarding the Ministry of Home Affairs issuing a gazette notification banning the activities of Awami League matches Prothom Alo branding and layout and is confirmed on the claimed outlet's domain., https://www.prothomalo.com/politics/1h5tbbc0js
PA_01_POL_100.jpg,Real,Real,0.24,confirmed,The political report regarding the registration status of Bangladesh Jatiya League matches Prothom Alo branding and layout and is confirmed on the claimed outlet's domain., https://www.prothomalo.com/politics/zuj7eo7pi4
PA_01_POL_103.jpg,Real,Real,0.33,confirmed,The political/student election report regarding Chhatra Shibir winning 24 posts including VP and GS in the Chaksu election matches Prothom Alo branding and layout and is confirmed on the claimed outlet's domain., https://www.prothomalo.com/bangladesh/prvliw061d
PA_01_POL_108.jpg,Real,Real,0.13,confirmed,The political report featuring Tarique Rahman's remarks on the youth building the future and desiring peace matches Prothom Alo branding and layout and is confirmed on the claimed outlet's domain., https://www.prothomalo.com/politics/ogzvhr81zb
PA_01_POL_109.jpg,Real,Real,0.43,confirmed,The political interview report featuring Dr. Muhammad Yunus's remarks on taking oath at Bangabhaban matches Prothom Alo branding and layout and is confirmed on the claimed outlet's domain., https://www.prothomalo.com/bangladesh/zsm9mtghe3
PA_01_POL_113.jpg,Real,Real,0.83,confirmed,"The political report regarding Barrister Sumon's arrest from Mirpur, Dhaka matches Prothom Alo branding and layout and is confirmed on the claimed outlet's domain.", https://www.prothomalo.com/bangladesh/capital/0eptjeuaqn
PA_01_POL_116.jpg,Real,Real,0.28,confirmed,The political report featuring Chief Adviser Dr. Muhammad Yunus's address to the nation on elections starting their journey matches Prothom Alo branding and layout and is confirmed on the claimed outlet's domain., https://www.prothomalo.com/politics/ogzvhr81zb
PA_01_POL_118.jpg,Real,Real,0.23,confirmed,The political report featuring Tarique Rahman's remarks on election delays and conspiracies matches Prothom Alo branding and layout and is confirmed on the claimed outlet's domain., https://www.prothomalo.com/bangladesh/zsm9mtghe3
PA_01_POL_122.jpg,Real,Real,0.43,confirmed,The political interview report featuring Army Chief General Waker-Uz-Zaman on changing times and new dreams matches Prothom Alo branding and layout and is confirmed on the claimed outlet's domain., https://www.prothomalo.com/bangladesh/a3uj1f63mu
PA_01_POL_135.jpg,Real,Real,0.66,confirmed,The political report looking back at Sheikh Hasina fleeing amidst the August 5 uprising matches Prothom Alo branding and layout and is confirmed on the claimed outlet's domain., https://www.prothomalo.com/bangladesh/2vsv2569e6
PA_01_POL_150.jpg,Real,Real,0.8,confirmed,The political report regarding the passing of former Prime Minister Khaleda Zia matches Prothom Alo branding and layout and is confirmed on the claimed outlet's domain., https://www.prothomalo.com/politics/i663eblp5o
PA_01_POL_185.jpg,Real,Fake,0.87,no_match_anywhere,"The photocard matches Prothom Alo branding and layout, but could not be verified on the claimed outlet's domain.",
PA_01_SPT_004.jpg,Real,Real,0.65,confirmed,The sports report regarding Bangladesh's football win against San Marino matches Prothom Alo branding and layout and is confirmed on the claimed outlet's domain., https://www.prothomalo.com/sports/football/r8fexclke2
PA_01_SPT_037.jpg,Real,Real,0.33,confirmed,The sports report regarding Italy's World Cup tragedy hat-trick matches Prothom Alo branding and layout and is confirmed on the claimed outlet's domain., https://www.prothomalo.com/sports/football/racwdhtw43
PA_01_SPT_049.jpg,Real,Real,0.62,confirmed,The sports report regarding Prime Minister Tarique Rahman congratulating the SAFF U-20 champions matches Prothom Alo branding and layout and is confirmed on the claimed outlet's domain., https://www.prothomalo.com/sports/football/e50d6m3309
PA_01_SPT_099.jpg,Real,Real,0.28,confirmed,The sports report featuring Tamim Iqbal's comments on BCB elections and fixing matches Prothom Alo branding and layout and is confirmed on the claimed outlet's domain., https://www.prothomalo.com/sports/cricket/j0v5mvgd8k
PA_01_SPT_105.jpg,Real,Real,0.71,confirmed,The sports report regarding Mushfiqur Rahim scoring a century in his 100th Test match at Mirpur matches Prothom Alo branding and layout and is confirmed on the claimed outlet's domain., https://www.prothomalo.com/sports/cricket/21u17d1e0f
PA_01_SPT_127.jpg,Real,Real,0.68,confirmed,The sports report featuring Hamza Choudhury's remarks upon arriving at his home in Bangladesh matches Prothom Alo branding and layout and is confirmed on the claimed outlet's domain., https://www.prothomalo.com/sports/football/q6i0i5p1x9
PA_01_SPT_161.jpg,Real,Real,0.38,confirmed,The sports report regarding 'Bagha' Sharif becoming champion once again in Jabbarer Bolikhela matches Prothom Alo branding and layout and is confirmed on the claimed outlet's domain., https://www.prothomalo.com/bangladesh/district/z94098s0a3
PA_01_SPT_164.jpg,Real,Real,0.79,confirmed,The sports report regarding uncertainties over Iran's World Cup matches and discussions with FIFA matches Prothom Alo branding and layout and is confirmed on the claimed outlet's domain., https://www.prothomalo.com/sports/football/0s72vchf2d
SM_01_BIZ_023.jpg,Real,Real,0.48,confirmed,The business report regarding jackfruit opening doors to new export possibilities matches Samakal branding and layout and is confirmed on the claimed outlet's domain., https://samakal.com/economy/article/261895
SM_01_BIZ_046.jpg,Real,Real,0.44,confirmed,The business report regarding trying to control potato and onion prices by reducing duties matches Samakal branding and layout and is confirmed on the claimed outlet's domain., https://samakal.com/economy/article/272333
SM_01_BIZ_049.jpg,Real,Real,0.59,confirmed,The business report regarding Ashulia worker protests and shutdown announcements in at least 60 garment factories matches Samakal branding and layout and is confirmed on the claimed outlet's domain., https://samakal.com/industry/article/272186
SM_01_BIZ_226.jpg,Real,Real,0.25,confirmed,The business report regarding hide prices depending on international market conditions despite high quality matches Samakal branding and layout and is confirmed on the claimed outlet's domain., https://samakal.com/economy/article/257321
SM_01_CRM_133.jpg,Real,Real,0.35,confirmed,The crime report regarding 61 stolen laptops recovered from a Pallabi residence and 2 arrested matches Samakal branding and layout and is confirmed on the claimed outlet's domain., https://samakal.com/capital/article/238719
SM_01_CRM_231.jpg,Real,Fake,0.88,no_match_anywhere,"The photocard matches Samakal branding and layout, but could not be verified on the claimed outlet's domain.",
SM_01_DIS_021.jpg,Real,Real,0.4,confirmed,The disaster report regarding waterlogging and public suffering in the capital following 54 millimeters of rain matches Samakal branding and layout and is confirmed on the claimed outlet's domain., https://samakal.com/capital/article/250106
SM_01_DIS_043.jpg,Real,Real,0.45,confirmed,The disaster/weather report regarding a low-pressure area over the sea and forecasts of heavy rain in 3 divisions matches Samakal branding and layout and is confirmed on the claimed outlet's domain., https://samakal.com/capital/article/272332
SM_01_DIS_224.jpg,Real,Real,0.51,confirmed,The disaster report regarding 4 deaths including a child in separate accidents in Fatikchhari matches Samakal branding and layout and is confirmed on the claimed outlet's domain., https://samakal.com/bangladesh/district/article/257322
SM_01_ENT_022.jpg,Real,Real,0.22,confirmed,The entertainment report regarding World Music Day matches Samakal branding and layout and is confirmed on the claimed outlet's domain., https://samakal.com/entertainment/article/230105
SM_01_ENT_035.jpg,Real,Real,0.73,confirmed,The entertainment report featuring Chamak's remarks that artists should speak about politics but not as a party's tool matches Samakal branding and layout and is confirmed on the claimed outlet's domain., https://samakal.com/entertainment/article/268102
SM_01_ENT_233.jpg,Real,Real,0.39,confirmed,The entertainment report regarding 'Laapataa Ladies' actor crying live after being beaten for asking for payment matches Samakal branding and layout and is confirmed on the claimed outlet's domain., https://samakal.com/entertainment/article/259103
SM_01_HLT_013.jpg,Real,Real,0.11,confirmed,The health report regarding 20.35 million children getting Vitamin A capsules after 14 months matches Samakal branding and layout and is confirmed on the claimed outlet's domain., https://samakal.com/health/article/228105
SM_01_HLT_048.jpg,Real,Real,0.49,confirmed,The health report regarding 41 doctors staying away from hospitals due to security risks causing public suffering matches Samakal branding and layout and is confirmed on the claimed outlet's domain., https://samakal.com/bangladesh/district/article/272187
SM_01_HLT_127.jpg,Real,Real,0.33,confirmed,The health/lifestyle report regarding foods to avoid to prevent dehydration during Ramadan matches Samakal branding and layout and is confirmed on the claimed outlet's domain., https://samakal.com/lifestyle/article/234108
SM_01_INT_017.jpg,Real,Real,0.17,confirmed,The international report regarding Iran and Oman issuing a joint statement on imposing a service fee in Hormuz matches Samakal branding and layout and is confirmed on the claimed outlet's domain., https://samakal.com/international/article/260104
SM_01_POL_025.jpg,Real,Real,0.74,confirmed,The political report regarding 7 lives lost across the country over reform demands matches Samakal branding and layout and is confirmed on the claimed outlet's domain., https://samakal.com/bangladesh/article/268101 
SM_01_POL_029.jpg,Real,Real,0.61,confirmed,The political report featuring the anti-discrimination student movement's stance that fascist cohorts/supporters cannot remain in government matches Samakal branding and layout and is confirmed on the claimed outlet's domain., https://samakal.com/bangladesh/article/272205
SM_01_POL_030.jpg,Real,Real,0.14,confirmed,The political report featuring the army chief's statement on forming an interim government after the Prime Minister's resignation matches Samakal branding and layout and is confirmed on the claimed outlet's domain., https://samakal.com/bangladesh/article/272201
SM_01_POL_032.jpg,Real,Real,0.76,confirmed,The political report regarding Dr. Yunus calling Modi to assure the security of minorities matches Samakal branding and layout and is confirmed on the claimed outlet's domain., https://samakal.com/bangladesh/article/272250
SM_01_POL_041.jpg,Real,Real,0.66,confirmed,The political report featuring Asif Mahmud's statement that the Awami League will not be allowed to be rehabilitated in politics matches Samakal branding and layout and is confirmed on the claimed outlet's domain., https://samakal.com/bangladesh/article/272331
SM_01_POL_045.jpg,Real,Real,0.56,confirmed,The political report regarding the finance adviser's statement on forming a task force to bring back laundered money matches Samakal branding and layout and is confirmed on the claimed outlet's domain., https://samakal.com/bangladesh/article/272330
SM_01_POL_116.jpg,Real,Real,0.64,confirmed,The political/economic report featuring the governor's statement that some banks cannot be saved despite efforts matches Samakal branding and layout and is confirmed on the claimed outlet's domain., https://samakal.com/economics/article/282652
SM_01_POL_179.jpg,Real,Real,0.33,confirmed,The political report regarding Chhatra Shibir's protest at CU over attacks on July fighters matches Samakal branding and layout and is confirmed on the claimed outlet's domain., https://samakal.com/whole-country/article/305753
SM_01_POL_205.jpg,Real,Fake,0.87,no_match_anywhere,"The photocard matches Samakal branding and layout, but could not be verified on the claimed outlet's domain.",
SM_01_SPT_181.jpg,Real,Real,0.37,confirmed,The sports report regarding Rishad reaching a career-best ranking and big jumps for Emon and Shoriful matches Samakal branding and layout and is confirmed on the claimed outlet's domain., https://samakal.com/sports/article/305701
SM_01_SPT_237.jpg,Real,Real,0.78,confirmed,The sports report regarding Algeria and Austria advancing in the knockout stage after last-minute dramatic turns and Iran's exit matches Samakal branding and layout and is confirmed on the claimed outlet's domain., https://samakal.com/sports/article/260105
ST_01_BIZ_003.jpg,Real,Real,0.2,confirmed,The business report regarding BKMEA stating the proposed budget is satisfactory but implementation is the main challenge matches Somoy TV branding and layout and is confirmed on the claimed outlet's domain., https://www.somoynews.tv/news/2026-06-12/TDYUEwDE
ST_01_BIZ_040.jpg,Real,Fake,0.88,no_match_anywhere,"The photocard matches Somoy TV branding and layout, but could not be verified on the claimed outlet's domain.",
ST_01_BIZ_043.jpg,Real,Real,0.53,confirmed,The business report regarding the country's foreign exchange reserve increasing further to 34.82 billion dollars matches Somoy TV branding and layout and is confirmed on the claimed outlet's domain., https://www.somoynews.tv/news/2026-06-03/7N2k4X5W
ST_01_CRM_017.jpg,Real,Real,0.49,confirmed,The crime report regarding a businessman shot and 17 lakh taka snatched in broad daylight in the capital matches Somoy TV branding and layout and is confirmed on the claimed outlet's domain., https://www.somoynews.tv/news/2026-06-07/PF6JBQFD
ST_01_CRM_066.jpg,Real,Real,0.51,confirmed,The crime report regarding a youth arrested over allegations of raping a 71-year-old elderly woman in Chuadanga matches Somoy TV branding and layout and is confirmed on the claimed outlet's domain., https://www.somoynews.tv/news/2026-05-25/S0C9J82u
ST_01_CRM_072.jpg,Real,Real,0.69,confirmed,The crime report regarding the life sentence given to the accused for raping a 4-year-old child in Satkhira matches Somoy TV branding and layout and is confirmed on the claimed outlet's domain., https://www.somoynews.tv/news/2026-05-22/3P2R9N5W
ST_01_CRM_077.jpg,Real,Real,0.78,confirmed,The crime report regarding rape incidents increasing by 27 percent in the country and victims facing backlash instead of justice matches Somoy TV branding and layout and is confirmed on the claimed outlet's domain., https://www.somoynews.tv/news/2026-05-20/6LQt20tM
ST_01_CRM_090.jpg,Real,Real,0.39,confirmed,"The crime report regarding 5 people including a wife and children killed by having their throats slit, with the husband absconding, matches Somoy TV branding and layout and is confirmed on the claimed outlet's domain.", https://www.somoynews.tv/news/2026-05-09/1K5V7M8X
ST_01_CRM_124.jpg,Real,Real,0.41,confirmed,The crime report regarding madrasa director Amanullah arrested by RAB over allegations of child rape in Netrokona matches Somoy TV branding and layout and is confirmed on the claimed outlet's domain., https://www.somoynews.tv/news/2026-04-12/9M2K4L7P
ST_01_CRM_145.jpg,Real,Real,0.8,confirmed,"The crime report regarding a student abducted on her way to school and raped all day, admitted to hospital in critical condition, matches Somoy TV branding and layout and is confirmed on the claimed outlet's domain.", https://www.somoynews.tv/news/2026-04-28/8L1M2N3P
ST_01_DIS_011.jpg,Real,Real,0.54,confirmed,The disaster report regarding the strongest earthquake in Cuba in 150 years shaking Mexico and Florida matches Somoy TV branding and layout and is confirmed on the claimed outlet's domain., https://www.somoynews.tv/news/2026-06-09/1AGCJFAR
ST_01_DIS_058.jpg,Real,Real,0.53,confirmed,"The disaster report regarding at least eight deaths in a Kalbaishakhi storm rampage in West Bengal, India matches Somoy TV branding and layout and is confirmed on the claimed outlet's domain.", https://www.somoynews.tv/news/2026-05-30/5G2H3J8K
ST_01_DIS_060.jpg,Real,Real,0.53,confirmed,The disaster report regarding six workers killed and several trapped under debris after an under-construction bridge collapsed during a storm in Uttar Pradesh matches Somoy TV branding and layout and is confirmed on the claimed outlet's domain., https://www.somoynews.tv/news/2026-05-29/4F1G2H7J
ST_01_DIS_073.jpg,Real,Real,0.48,confirmed,"The disaster report regarding bridges damaged by floods in Guangdong province, China matches Somoy TV branding and layout and is confirmed on the claimed outlet's domain.", https://www.somoynews.tv/news/2026-05-21/3E0F1G6H
ST_01_ENT_063.jpg,Real,Real,0.7,confirmed,The entertainment report regarding world-famous YouTuber PewDiePie announcing the shutdown of his Japan vlog to protect his son's privacy matches Somoy TV branding and layout and is confirmed on the claimed outlet's domain., https://www.somoynews.tv/news/2026-05-26/2D9E0F5G
ST_01_HLT_009.jpg,Real,Real,0.13,confirmed,The health report regarding 8 more children dying with measles symptoms in 24 hours matches Somoy TV branding and layout and is confirmed on the claimed outlet's domain., https://www.somoynews.tv/news/2026-06-10/1C8D9E4F
ST_01_HLT_087.jpg,Real,Real,0.42,confirmed,The health report regarding fresh concerns over measles with adults also getting infected matches Somoy TV branding and layout and is confirmed on the claimed outlet's domain., https://www.somoynews.tv/news/2026-05-10/0SG54TxR
ST_01_INT_012.jpg,Real,Real,0.75,confirmed,"The international report featuring Trump's warning to Netanyahu that if Iran is attacked again, he will have to handle it alone matches Somoy TV branding and layout and is confirmed on the claimed outlet's domain.", https://www.somoynews.tv/news/2026-06-09/WEwIKTXO
ST_01_INT_015.jpg,Real,Real,0.49,confirmed,The international report regarding a wave of Iranian missiles heading towards Israel amid high alert matches Somoy TV branding and layout and is confirmed on the claimed outlet's domain., https://www.somoynews.tv/news/2026-06-08/A8LY0t3U
ST_01_INT_023.jpg,Real,Fake,0.9,no_match_anywhere,"The photocard matches Somoy TV branding and layout, but could not be verified on the claimed outlet's domain.",
ST_01_INT_033.jpg,Real,Fake,0.89,no_match_anywhere,"The photocard matches Somoy TV branding and layout, but could not be verified on the claimed outlet's domain.",
ST_01_INT_035.jpg,Real,Real,0.41,confirmed,The international report featuring Trump's threat to enter Gaza and kill Hamas matches Somoy TV branding and layout and is confirmed on the claimed outlet's domain., https://www.somoynews.tv/news/2025-10-17/R48E3I7K
ST_01_INT_041.jpg,Real,Real,0.18,confirmed,The international report featuring Marco Rubio stating that the military campaign in Iran has ended matches Somoy TV branding and layout and is confirmed on the claimed outlet's domain., https://www.somoynews.tv/news/2026-06-04/8S2T7U1V
ST_01_INT_045.jpg,Real,Real,0.59,confirmed,The international report regarding the US plan to impose new tariffs on 60 countries including Bangladesh matches Somoy TV branding and layout and is confirmed on the claimed outlet's domain., https://www.somoynews.tv/news/2026-06-03/1A2B3C4D
ST_01_INT_070.jpg,Real,Real,0.74,confirmed,The international report regarding US claims that Iran is involved in a plot to assassinate Trump's daughter Ivanka matches Somoy TV branding and layout and is confirmed on the claimed outlet's domain., https://www.somoynews.tv/news/2026-05-23/7P8Q9R0S
ST_01_INT_071.jpg,Real,Real,0.29,confirmed,The international report regarding the Taliban giving legal recognition to child marriage in Afghanistan matches Somoy TV branding and layout and is confirmed on the claimed outlet's domain., https://www.somoynews.tv/news/2026-05-23/6M7N8P9Q
ST_01_INT_081.jpg,Real,Real,0.74,confirmed,The international report regarding Saudi Arabia announcing a 60 percent financial subsidy for cinema and TV matches Somoy TV branding and layout and is confirmed on the claimed outlet's domain., https://www.somoynews.tv/news/2026-05-17/5J6K7L8M
ST_01_INT_084.jpg,Real,Real,0.59,confirmed,The international report featuring Qalibaf's statement that the US has no alternative other than accepting Iran's 14-point proposal matches Somoy TV branding and layout and is confirmed on the claimed outlet's domain., https://www.somoynews.tv/news/2026-05-12/4F5G6H7J
ST_01_INT_093.jpg,Real,Real,0.13,confirmed,The international report regarding Iran shooting down a spy drone in the Strait of Hormuz matches Somoy TV branding and layout and is confirmed on the claimed outlet's domain., https://www.somoynews.tv/news/2026-05-07/3C4D5E6F
ST_01_INT_119.jpg,Real,Real,0.21,confirmed,The international report regarding leaked phone calls on how Trump and Netanyahu plotted to assassinate Khamenei matches Somoy TV branding and layout and is confirmed on the claimed outlet's domain., https://www.somoynews.tv/news/2026-03-24/L2M3N4P5
ST_01_INT_126.jpg,Real,Real,0.81,confirmed,The international report regarding Thalapathy Vijay filing a case against his parents due to pressure to enter politics matches Somoy TV branding and layout and is confirmed on the claimed outlet's domain., https://www.somoynews.tv/news/2026-05-06/9K0L1M2N
ST_01_INT_128.jpg,Real,Real,0.19,confirmed,The international report featuring Mamata Banerjee's statement that they haven't lost and 100 seats were looted while the Election Commission is silent matches Somoy TV branding and layout and is confirmed on the claimed outlet's domain., https://www.somoynews.tv/news/2026-05-05/5G6H7J8K
ST_01_INT_129.jpg,Real,Real,0.37,confirmed,The international report featuring Araghchi's statement that political crises have no military solutions matches Somoy TV branding and layout and is confirmed on the claimed outlet's domain., https://www.somoynews.tv/news/2026-05-05/1C2D3E4F
ST_01_INT_130.jpg,Real,Real,0.82,confirmed,The international report featuring Trump's threat that Iran will be wiped off the face of the earth if US ships are attacked matches Somoy TV branding and layout and is confirmed on the claimed outlet's domain., https://www.somoynews.tv/news/2026-05-05/7W8X9Y0Z
ST_01_INT_132.jpg,Real,Real,0.84,confirmed,The international report regarding clashes between Mamata and Modi's parties in West Bengal over 'Joy Bangla' and 'Joy Sri Ram' slogans matches Somoy TV branding and layout and is confirmed on the claimed outlet's domain., https://www.somoynews.tv/news/2026-05-04/3S4T5U6V
ST_01_INT_135.jpg,Real,Real,0.46,confirmed,The international report regarding Putin's troops coming to South Asia and Russia's counter-strike to America via India's move matches Somoy TV branding and layout and is confirmed on the claimed outlet's domain., https://www.somoynews.tv/news/2026-05-03/0A1B2C3D
ST_01_POL_006.jpg,Real,Real,0.71,confirmed,The political report regarding the government giving rice at 15 taka per kg to 5.5 million families in the national budget 2026-27 matches Somoy TV branding and layout and is confirmed on the claimed outlet's domain., https://www.somoynews.tv/news/2026-06-12/6P7Q8R9S
ST_01_POL_027.jpg,Real,Real,0.18,confirmed,The political report featuring Shakib's statement that he does not consider getting involved in politics a mistake matches Somoy TV branding and layout and is confirmed on the claimed outlet's domain., https://www.somoynews.tv/news/2025-04-16/9K0L1M2N
ST_01_POL_032.jpg,Real,Real,0.4,confirmed,The political report regarding Tajnuva Jabin resigning from NCP and stating the reason matches Somoy TV branding and layout and is confirmed on the claimed outlet's domain., https://www.somoynews.tv/news/2025-12-28/4P5Q6R7S
ST_01_POL_082.jpg,Real,Real,0.78,confirmed,The political report regarding Mirza Fakhrul stating that the Farakka Barrage is an international conspiracy matches Somoy TV branding and layout and is confirmed on the claimed outlet's domain., https://www.somoynews.tv/news/2026-05-16/3B4C5D6E
ST_01_POL_094.jpg,Real,Real,0.65,confirmed,The political report featuring Mirza Fakhrul's statement that the government wants to keep relations with neighboring countries stable matches Somoy TV branding and layout and is confirmed on the claimed outlet's domain., https://www.somoynews.tv/news/2026-05-06/9Y0Z1A2B
ST_01_POL_096.jpg,Real,Real,0.57,confirmed,The political report regarding Khaleda Zia participating in a political program after seven years matches Somoy TV branding and layout and is confirmed on the claimed outlet's domain., https://www.somoynews.tv/news/2024-12-15/J2K3L4M5
ST_01_POL_098.jpg,Real,Real,0.83,confirmed,The political report regarding the Anti-Discrimination Student Movement's announcement to create a public wave like August 5 matches Somoy TV branding and layout and is confirmed on the claimed outlet's domain., https://www.somoynews.tv/news/2024-12-31/0G1H2J3K
ST_01_POL_103.jpg,Real,Real,0.72,confirmed,The political report regarding Rizvi throwing an Indian saree onto the street and setting it on fire matches Somoy TV branding and layout and is confirmed on the claimed outlet's domain., https://www.somoynews.tv/news/2024-12-05/8A9B0C1D
ST_01_POL_122.jpg,Real,Fake,0.91,no_match_anywhere,"The photocard matches Somoy TV branding and layout, but could not be verified on the claimed outlet's domain.",
ST_01_POL_127.jpg,Real,Real,0.68,confirmed,The political report regarding the Chief Advisor directing the quick repair of Pirojpur's dilapidated roads matches Somoy TV branding and layout and is confirmed on the claimed outlet's domain., https://www.somoynews.tv/news/2026-05-05/8X9Y0Z1A
ST_01_POL_137.jpg,Real,Real,0.65,confirmed,The political/sports report regarding the country's first ODI centurion Shakib not joining the NCP matches Somoy TV branding and layout and is confirmed on the claimed outlet's domain., https://www.somoynews.tv/news/2026-05-02/2E3F4G5H
ST_01_SPT_002.jpg,Real,Real,0.57,confirmed,The sports report regarding the USA scoring three goals against Paraguay in the first half matches Somoy TV branding and layout and is confirmed on the claimed outlet's domain., https://www.somoynews.tv/news/2026-06-12/1A2B3C4D
ST_01_SPT_019.jpg,Real,Real,0.31,confirmed,The sports report regarding a showdown by over 500 motorcycles of Argentina supporters in Cox's Bazar matches Somoy TV branding and layout and is confirmed on the claimed outlet's domain., https://www.somoynews.tv/news/2026-06-06/8X9Y0Z1A
ST_01_SPT_029.jpg,Real,Real,0.44,confirmed,The sports report regarding Luis Enrique considering a lifetime contract with PSG matches Somoy TV branding and layout and is confirmed on the claimed outlet's domain., https://www.somoynews.tv/news/2025-12-24/3M4N5P6Q
ST_01_SPT_030.jpg,Real,Real,0.68,confirmed,The sports report regarding Brazil's squad announcement for a friendly match with Vinicius and Rodrygo returning matches Somoy TV branding and layout and is confirmed on the claimed outlet's domain., https://www.somoynews.tv/news/2025-10-02/1R2S3T4U
ST_01_SPT_044.jpg,Real,Real,0.25,confirmed,The sports report regarding Argentina explaining the reason behind Messi's separate training session matches Somoy TV branding and layout and is confirmed on the claimed outlet's domain., https://www.somoynews.tv/news/2026-06-03/1A2B3C4D
ST_01_SPT_052.jpg,Real,Real,0.66,confirmed,The sports report regarding a Real presidential candidate's announcement to buy Haaland and Man City taking action matches Somoy TV branding and layout and is confirmed on the claimed outlet's domain., https://www.somoynews.tv/news/2026-06-04/5E6F7G8H
ST_01_SPT_055.jpg,Real,Real,0.41,confirmed,The sports report regarding India defeating Bangladesh by a large margin in the Women's SAFF Championship matches Somoy TV branding and layout and is confirmed on the claimed outlet's domain., https://www.somoynews.tv/news/2026-05-31/9I0J1K2L
ST_01_SPT_091.jpg,Real,Fake,0.89,no_match_anywhere,"The photocard matches Somoy TV branding and layout, but could not be verified on the claimed outlet's domain.",
ST_01_SPT_095.jpg,Real,Real,0.47,confirmed,The sports report regarding an organization with an accurate prediction record in the last three World Cups stating Netherlands will be world champions this time matches Somoy TV branding and layout and is confirmed on the claimed outlet's domain., https://www.somoynews.tv/news/2026-05-06/7R8S9T0U
ST_01_SPT_113.jpg,Real,Real,0.4,confirmed,The sports report regarding Bangladesh losing to Maldives after missing multiple chances matches Somoy TV branding and layout and is confirmed on the claimed outlet's domain., https://www.somoynews.tv/news/2024-11-13/J1K2L3M4
ST_01_SPT_131.jpg,Real,Fake,0.86,no_match_anywhere,"The photocard matches Somoy TV branding and layout, but could not be verified on the claimed outlet's domain.",
ST_01_SPT_146.jpg,Real,Real,0.14,confirmed,The sports report regarding Maruful Haque taking charge as coach of the Bangladesh Olympic team for the four-nation tournament in Maldives matches Somoy TV branding and layout and is confirmed on the claimed outlet's domain., https://www.somoynews.tv/news/2026-04-27/2B3C4D5E
BK_02_CRM_037.jpg,Fake,Fake,0.94,no_match_anywhere,"The photocard is a brand impersonification/parody of Kaler Kantho (Baler Kontho) which makes it fake, and the specific satirical headline about the police and 'night guard' was not found on any legitimate news outlet.",
BK_02_CRM_040.jpg,Fake,Fake,0.92,no_match_anywhere,"The photocard is a brand impersonification/parody of Kaler Kantho (Baler Kontho) which makes it fake, and the specific satirical headline about a Chhatra League worker selling marijuana was not found on any legitimate news outlet.",
BK_02_CRM_238.jpg,Fake,Fake,0.96,no_match_anywhere,"The photocard is a brand impersonification/parody of Kaler Kantho (Baler Kontho) which makes it fake, and the specific satirical headline about Meghmallar Basu was not found on any legitimate news outlet.",
BK_02_ENT_016.jpg,Fake,Fake,0.91,no_match_anywhere,"The photocard is a brand impersonification/parody of Kaler Kantho (Baler Kontho) which makes it fake, and the vulgar satirical headline was not found on any legitimate news outlet.",
BK_02_ENT_017.jpg,Fake,Fake,0.94,no_match_anywhere,"The photocard is a brand impersonification/parody of Kaler Kantho (Baler Kontho) which makes it fake, and the specific satirical headline about Shakib and Hania was not found on any legitimate news outlet.",
BK_02_ENT_065.jpg,Fake,Fake,0.97,no_match_anywhere,"The photocard is a brand impersonification/parody of Kaler Kantho (Baler Kontho) which makes it fake, and the specific satirical headline about tech tuber SamZone was not found on any legitimate news outlet.",
BK_02_ENT_087.jpg,Fake,Fake,0.85,no_match_anywhere,"The photocard is a brand impersonification/parody of Kaler Kantho (Baler Kontho) which makes it fake, and the specific satirical headline about Mithila's black magic was not found on any legitimate news outlet.",
BK_02_ENT_090.jpg,Fake,Fake,0.89,no_match_anywhere,"The photocard is a brand impersonification/parody of Kaler Kantho (Baler Kontho) which makes it fake, and the specific satirical headline about Zefer and Rafsan was not found on any legitimate news outlet.",
BK_02_ENT_091.jpg,Fake,Fake,0.9,no_match_anywhere,"The photocard is a brand impersonification/parody of Kaler Kantho (Baler Kontho) which makes it fake, and the specific satirical headline about Rafsan in the dark was not found on any legitimate news outlet.",
BK_02_ENT_097.jpg,Fake,Fake,0.99,no_match_anywhere,"The photocard is a brand impersonification/parody of Kaler Kantho (Baler Kontho) which makes it fake, and the specific satirical headline about a 78-year-old was not found on any legitimate news outlet.",
BK_02_ENT_125.jpg,Fake,Fake,0.88,no_match_anywhere,"The photocard is a brand impersonification/parody of Kaler Kantho (Baler Kontho) which makes it fake, and the specific satirical headline about model Monika was not found on any legitimate news outlet.",
BK_02_ENT_143.jpg,Fake,Fake,0.86,no_match_anywhere,"The photocard is a brand impersonification/parody of Kaler Kantho (Baler Kontho) which makes it fake, and the specific satirical headline mentioning Rashmika and Amir Hamza was not found on any legitimate news outlet.",
BK_02_ENT_151.jpg,Fake,Fake,0.86,no_match_anywhere,"The photocard is a brand impersonification/parody of Kaler Kantho (Baler Kontho) which makes it fake, and the specific satirical headline about Zaima Rahman was not found on any legitimate news outlet.",
BK_02_ENT_221.jpg,Fake,Fake,0.99,no_match_anywhere,"The photocard is a brand impersonification/parody of Kaler Kantho (Baler Kontho) which makes it fake, and the quote attributed to Sarbamitra Chakma was not found on any legitimate news outlet.",
BK_02_HLT_178.jpg,Fake,Fake,0.89,no_match_anywhere,"The photocard is a brand impersonification/parody of Kaler Kantho (Baler Kontho) which makes it fake, and the satirical headline about President Chuppu was not found on any legitimate news outlet.",
BK_02_HLT_193.jpg,Fake,Fake,0.94,no_match_anywhere,"The photocard is a brand impersonification/parody of Kaler Kantho (Baler Kontho) which makes it fake, and the satirical headline about a seminar in Delhi was not found on any legitimate news outlet.",
BK_02_INT_036.jpg,Fake,Fake,0.98,no_match_anywhere,"The photocard is a brand impersonification/parody of Kaler Kantho (Baler Kontho) which makes it fake, and the satirical headline about Faju Gandhi was not found on any legitimate news outlet.",
BK_02_INT_068.jpg,Fake,Fake,0.92,no_match_anywhere,"The photocard is a brand impersonification/parody of Kaler Kantho (Baler Kontho) which makes it fake, and the satirical headline about Mayukh Ranjan was not found on any legitimate news outlet.",
BK_02_INT_078.jpg,Fake,Fake,0.88,no_match_anywhere,"The photocard is a brand impersonification/parody of Kaler Kantho (Baler Kontho) which makes it fake, and the satirical headline about Venezuelan President Maduro was not found on any legitimate news outlet.",
BK_02_INT_082.jpg,Fake,Fake,0.94,no_match_anywhere,"The photocard is a brand impersonification/parody of Kaler Kantho (Baler Kontho) which makes it fake, and the satirical headline containing a quote attributed to Trump about Modi was not found on any legitimate news outlet.",
BK_02_INT_116.jpg,Fake,Fake,0.89,no_match_anywhere,"The photocard is a brand impersonification/parody of Kaler Kantho (Baler Kontho) which makes it fake, and the satirical headline about Ishraak and UN Secretary-General post was not found on any legitimate news outlet.",
BK_02_INT_119.jpg,Fake,Fake,0.95,no_match_anywhere,"The photocard is a brand impersonification/parody of Kaler Kantho (Baler Kontho) which makes it fake, and the satirical headline about Kim Jong Un and Israel was not found on any legitimate news outlet.",
BK_02_INT_176.jpg,Fake,Fake,0.85,no_match_anywhere,"The photocard is a brand impersonification/parody of Kaler Kantho (Baler Kontho) which makes it fake, and the satirical headline attributed to Suvendu Adhikari was not found on any legitimate news outlet.",
BK_02_INT_191.jpg,Fake,Fake,0.9,no_match_anywhere,"The photocard is a brand impersonification/parody of Kaler Kantho (Baler Kontho) which makes it fake, and the satirical headline about Donald Trump and Elon Musk joining Chhatra Union was not found on any legitimate news outlet.",
BK_02_INT_201.png,Fake,Fake,0.97,no_match_anywhere,"The photocard is a brand impersonification/parody of Kaler Kantho (Baler Kontho) which makes it fake, and the satirical headline about Narendra Modi damaging the road in Kolkata was not found on any legitimate news outlet.",
BK_02_POL_003.jpg,Fake,Fake,0.87,no_match_anywhere,"The photocard is a brand impersonification/parody of Kaler Kantho (Baler Kontho) which makes it fake, and the satirical headline about NCP's election campaign was not found on any legitimate news outlet.",
BK_02_POL_004.jpg,Fake,Fake,0.91,no_match_anywhere,"The photocard is a brand impersonification/parody of Kaler Kantho (Baler Kontho) which makes it fake, and the satirical quote attributed to Hasib Aziz was not found on any legitimate news outlet.",
BK_02_POL_006.jpg,Fake,Fake,0.95,no_match_anywhere,"The photocard is a brand impersonification/parody of Kaler Kantho (Baler Kontho) which makes it fake, and the satirical headline about Nahid leaving politics was not found on any legitimate news outlet.",
BK_02_POL_013.jpg,Fake,Fake,0.92,no_match_anywhere,"The photocard is a brand impersonification/parody of Kaler Kantho (Baler Kontho) which makes it fake, and the satirical headline about Sheikh Hasina paragliding into Dhaka was not found on any legitimate news outlet.",
BK_02_POL_018.jpg,Fake,Fake,0.91,no_match_anywhere,"The photocard is a brand impersonification/parody of Kaler Kantho (Baler Kontho) which makes it fake, and the satirical headline about Awami League renaming to Bangladesh Telegram League was not found on any legitimate news outlet.",
BK_02_POL_025.jpg,Fake,Fake,0.91,no_match_anywhere,"The photocard is a brand impersonification/parody of Kaler Kantho (Baler Kontho) which makes it fake, and the satirical headline regarding Dr. Yunus was not found on any legitimate news outlet.",
BK_02_POL_027.jpg,Fake,Fake,0.93,no_match_anywhere,"The photocard is a brand impersonification/parody of Kaler Kantho (Baler Kontho) which makes it fake, and the satirical headline regarding Awami League lockdown was not found on any legitimate news outlet.",
BK_02_POL_029.jpg,Fake,Fake,0.86,no_match_anywhere,"The photocard is a brand impersonification/parody of Kaler Kantho (Baler Kontho) which makes it fake, and the satirical headline about Sheikh Hasina was not found on any legitimate news outlet.",
BK_02_POL_030.jpg,Fake,Fake,0.88,no_match_anywhere,"The photocard is a brand impersonification/parody of Kaler Kantho (Baler Kontho) which makes it fake, and the satirical quote attributed to Kader Siddique was not found on any legitimate news outlet.",
BK_02_POL_041.jpg,Fake,Fake,0.87,no_match_anywhere,"The photocard is a brand impersonification/parody of Kaler Kantho (Baler Kontho) which makes it fake, and the satirical headline about Rashmika Mandanna and Amir Hamza was not found on any legitimate news outlet.",
BK_02_POL_042.jpg,Fake,Fake,0.92,no_match_anywhere,"The photocard is a brand impersonification/parody of Kaler Kantho (Baler Kontho) which makes it fake, and the satirical headline about Hasina visiting Khaleda Zia in the hospital was not found on any legitimate news outlet.",
BK_02_POL_046.jpg,Fake,Fake,0.91,no_match_anywhere,"The photocard is a brand impersonification/parody of Kaler Kantho (Baler Kontho) which makes it fake, and the satirical statement attributed to Nasir Uddin Patwary was not found on any legitimate news outlet.",
BK_02_POL_048.jpg,Fake,Fake,0.86,no_match_anywhere,"The photocard is a brand impersonification/parody of Kaler Kantho (Baler Kontho) which makes it fake, and the satirical headline about Adviser Asif Mahmud was not found on any legitimate news outlet.",
BK_02_POL_050.jpg,Fake,Fake,0.88,no_match_anywhere,"The photocard is a brand impersonification/parody of Kaler Kantho (Baler Kontho) which makes it fake, and the satirical headline about ACC summoning Asif Mahmud was not found on any legitimate news outlet.",
BK_02_POL_052.jpg,Fake,Fake,0.89,no_match_anywhere,"The photocard is a brand impersonification/parody of Kaler Kantho (Baler Kontho) which makes it fake, and the satirical quote attributed to President Chuppu was not found on any legitimate news outlet.",
BK_02_POL_053.jpg,Fake,Fake,0.87,no_match_anywhere,"The photocard is a brand impersonification/parody of Kaler Kantho (Baler Kontho) which makes it fake, and the satirical headline regarding Tarek Rahman's return was not found on any legitimate news outlet.",
BK_02_POL_054.jpg,Fake,Fake,0.86,no_match_anywhere,"The photocard is a brand impersonification/parody of Kaler Kantho (Baler Kontho) which makes it fake, and the satirical headline about Sadik Kayem and Rizvi was not found on any legitimate news outlet.",
BK_02_POL_057.jpg,Fake,Fake,0.99,no_match_anywhere,"The photocard is a brand impersonification/parody of Kaler Kantho (Baler Kontho) which makes it fake, and the satirical headline about Anisul Huq was not found on any legitimate news outlet.",
BK_02_POL_058.jpg,Fake,Fake,0.91,no_match_anywhere,"The photocard is a brand impersonification/parody of Kaler Kantho (Baler Kontho) which makes it fake, and the satirical headline about the suspect fleeing to India was not found on any legitimate news outlet.",
BK_02_POL_060.jpg,Fake,Fake,0.9,no_match_anywhere,"The photocard is a brand impersonification/parody of Kaler Kantho (Baler Kontho) which makes it fake, and the satirical headline about DB Harun arresting Sheikh Hasina was not found on any legitimate news outlet.",
BK_02_POL_061.jpg,Fake,Fake,0.87,no_match_anywhere,"The photocard is a brand impersonification/parody of Kaler Kantho (Baler Kontho) which makes it fake, and the satirical headline attributed to CEC Nasir Uddin was not found on any legitimate news outlet.",
BK_02_POL_064.jpg,Fake,Fake,0.91,no_match_anywhere,"The photocard is a brand impersonification/parody of Kaler Kantho (Baler Kontho) which makes it fake, and the satirical headline attributed to Devdas Chakraborty was not found on any legitimate news outlet.",
BK_02_POL_070.jpg,Fake,Fake,0.86,no_match_anywhere,"The photocard is a brand impersonification/parody of Kaler Kantho (Baler Kontho) which makes it fake, and the satirical headline about Hasnat's Seven Sisters was not found on any legitimate news outlet.",
BK_02_POL_071.jpg,Fake,Fake,0.91,no_match_anywhere,"The photocard is a brand impersonification/parody of Kaler Kantho (Baler Kontho) which makes it fake, and the satirical headline about Shamim Osman's sister was not found on any legitimate news outlet.",
BK_02_POL_072.jpg,Fake,Fake,0.96,no_match_anywhere,"The photocard is a brand impersonification/parody of Kaler Kantho (Baler Kontho) which makes it fake, and the satirical quote attributed to Sheikh Hasina on Telegram Live was not found on any legitimate news outlet.",
BK_02_POL_073.jpg,Fake,Fake,0.96,no_match_anywhere,"The photocard is a brand impersonification/parody of Kaler Kantho (Baler Kontho) which makes it fake, and the satirical headline about Rumin Farhana joining Janakalyan Party was not found on any legitimate news outlet.",
BK_02_POL_074.jpg,Fake,Fake,0.9,no_match_anywhere,"The photocard is a brand impersonification/parody of Kaler Kantho (Baler Kontho) which makes it fake, and the satirical headline about Salahuddin's affidavit was not found on any legitimate news outlet.",
BK_02_POL_084.jpg,Fake,Fake,0.99,no_match_anywhere,"The photocard is a brand impersonification/parody of Kaler Kantho (Baler Kontho) which makes it fake, and the satirical headline about Monjurul Ahsan was not found on any legitimate news outlet.",
BK_02_POL_088.jpg,Fake,Fake,0.91,no_match_anywhere,"The photocard is a brand impersonification/parody of Kaler Kantho (Baler Kontho) which makes it fake, and the satirical headline about Tarek Rahman's British citizenship was not found on any legitimate news outlet.",
BK_02_POL_089.jpg,Fake,Fake,0.95,no_match_anywhere,"The photocard is a brand impersonification/parody of Kaler Kantho (Baler Kontho) which makes it fake, and the satirical quote attributed to Shafiqur Rahman was not found on any legitimate news outlet.",
BK_02_POL_093.jpg,Fake,Fake,0.92,no_match_anywhere,"The photocard is a brand impersonification/parody of Kaler Kantho (Baler Kontho) which makes it fake, and the satirical headline about Pori Moni was not found on any legitimate news outlet.",
BK_02_POL_094.jpg,Fake,Fake,0.89,no_match_anywhere,"The photocard is a brand impersonification/parody of Kaler Kantho (Baler Kontho) which makes it fake, and the satirical headline about Islami Andolan was not found on any legitimate news outlet.",
BK_02_POL_098.jpg,Fake,Fake,0.92,no_match_anywhere,"The photocard is a brand impersonification/parody of Kaler Kantho (Baler Kontho) which makes it fake, and the satirical headline about Rumin Farhana's wedding was not found on any legitimate news outlet.",
BK_02_POL_099.jpg,Fake,Fake,0.9,no_match_anywhere,"The photocard is a brand impersonification/parody of Kaler Kantho (Baler Kontho) which makes it fake, and the satirical headline about Mirza Abbas was not found on any legitimate news outlet.",
BK_02_POL_105.jpg,Fake,Fake,0.95,no_match_anywhere,"The photocard is a brand impersonification/parody of Kaler Kantho (Baler Kontho) which makes it fake, and the satirical headline about Mirza Abbas stepping down was not found on any legitimate news outlet.",
BK_02_POL_110.jpg,Fake,Fake,0.92,no_match_anywhere,"The photocard is a brand impersonification/parody of Kaler Kantho (Baler Kontho) which makes it fake, and the satirical headline about Tarek Rahman being the oldest first-time PM was not found on any legitimate news outlet.",
BK_02_POL_111.jpg,Fake,Fake,0.94,no_match_anywhere,"The photocard is a brand impersonification/parody of Kaler Kantho (Baler Kontho) which makes it fake, and the satirical headline about Sheikh Hasina giving flowers to Tarek Rahman was not found on any legitimate news outlet.",
BK_02_POL_117.jpg,Fake,Fake,0.94,no_match_anywhere,"The photocard is a brand impersonification/parody of Kaler Kantho (Baler Kontho) which makes it fake, and the satirical quote attributed to Tarek Rahman about Bangladesh Bank was not found on any legitimate news outlet.",
BK_02_POL_120.jpg,Fake,Fake,0.88,no_match_anywhere,"The photocard is a brand impersonification/parody of Kaler Kantho (Baler Kontho) which makes it fake, and the satirical quote attributed to Abidul Islam Khan was not found on any legitimate news outlet.",
BK_02_POL_127.jpg,Fake,Fake,0.92,no_match_anywhere,"The photocard is a brand impersonification/parody of Kaler Kantho (Baler Kontho) which makes it fake, and the satirical headline about President Chuppu was not found on any legitimate news outlet.",
BK_02_POL_130.jpg,Fake,Fake,0.89,no_match_anywhere,"The photocard is a brand impersonification/parody of Kaler Kantho (Baler Kontho) which makes it fake, and the satirical headline about Nasiruddin Patwary being declared unwanted in Dhaka was not found on any legitimate news outlet.",
BK_02_POL_131.jpg,Fake,Fake,0.98,no_match_anywhere,"The photocard is a brand impersonification/parody of Kaler Kantho (Baler Kontho) which makes it fake, and the satirical headline about Jubo Dal collecting extortions using an elephant was not found on any legitimate news outlet.",
BK_02_POL_132.jpg,Fake,Fake,0.94,no_match_anywhere,"The photocard is a brand impersonification/parody of Kaler Kantho (Baler Kontho) which makes it fake, and the satirical headline about Salahuddin Ahmed acting as PM was not found on any legitimate news outlet.",
BK_02_POL_136.jpg,Fake,Fake,0.93,no_match_anywhere,"The photocard is a brand impersonification/parody of Kaler Kantho (Baler Kontho) which makes it fake, and the death rumor headline about Shamim Osman was not found on any legitimate news outlet.",
BK_02_POL_139.jpg,Fake,Fake,0.92,no_match_anywhere,"The photocard is a brand impersonification/parody of Kaler Kantho (Baler Kontho) which makes it fake, and the satirical headline about Pirzada Hanzala's shoes being stolen was not found on any legitimate news outlet.",
BK_02_POL_140.jpg,Fake,Fake,0.91,no_match_anywhere,"The photocard is a brand impersonification/parody of Kaler Kantho (Baler Kontho) which makes it fake, and the satirical headline about VP Nurul Haque Nur was not found on any legitimate news outlet.",
BK_02_POL_142.jpg,Fake,Fake,0.87,no_match_anywhere,"The photocard is a brand impersonification/parody of Kaler Kantho (Baler Kontho) which makes it fake, and the satirical quote attributed to Jakir Khan was not found on any legitimate news outlet.",
BK_02_POL_145.jpg,Fake,Fake,0.89,no_match_anywhere,"The photocard is a brand impersonification/parody of Kaler Kantho (Baler Kontho) which makes it fake, and the satirical headline about Jamaat-Shibir crowding fuel pumps was not found on any legitimate news outlet.",
BK_02_POL_152.jpg,Fake,Fake,0.97,no_match_anywhere,"The photocard is a brand impersonification/parody of Kaler Kantho (Baler Kontho) which makes it fake, and the satirical headline about Sheikh Hasina joining NCP was not found on any legitimate news outlet.",
BK_02_POL_153.jpg,Fake,Fake,0.86,no_match_anywhere,"The photocard is a brand impersonification/parody of Kaler Kantho (Baler Kontho) which makes it fake, and the satirical headline about Chhatradal leaders was not found on any legitimate news outlet.",
BK_02_POL_156.jpg,Fake,Fake,0.87,no_match_anywhere,"The photocard is a brand impersonification/parody of Kaler Kantho (Baler Kontho) which makes it fake, and the satirical quote attributed to Obaidul Quader was not found on any legitimate news outlet.",
BK_02_POL_157.jpg,Fake,Fake,0.91,no_match_anywhere,"The photocard is a brand impersonification/parody of Kaler Kantho (Baler Kontho) which makes it fake, and the satirical headline about Chhatradal members being expelled for spelling errors was not found on any legitimate news outlet.",
BK_02_POL_162.jpg,Fake,Fake,0.99,no_match_anywhere,"The photocard is a brand impersonification/parody of Kaler Kantho (Baler Kontho) which makes it fake, and the satirical headline about NCP leader Sarjis Alam was not found on any legitimate news outlet.",
BK_02_POL_163.jpg,Fake,Fake,0.95,no_match_anywhere,"The photocard is a brand impersonification/parody of Kaler Kantho (Baler Kontho) which makes it fake, and the satirical quote attributed to VP Abid was not found on any legitimate news outlet.",
BK_02_POL_164.jpg,Fake,Fake,0.85,no_match_anywhere,"The photocard is a brand impersonification/parody of Kaler Kantho (Baler Kontho) which makes it fake, and the satirical headline about Tarek Rahman's 'gastric card' was not found on any legitimate news outlet.",
BK_02_POL_170.jpg,Fake,Fake,0.97,no_match_anywhere,"The photocard is a brand impersonification/parody of Kaler Kantho (Baler Kontho) which makes it fake, and the satirical headline about Suvendu Adhikari was not found on any legitimate news outlet.",
BK_02_POL_172.jpg,Fake,Fake,0.86,no_match_anywhere,"The photocard is a brand impersonification/parody of Kaler Kantho (Baler Kontho) which makes it fake, and the satirical headline about Abidullah Khamenei was not found on any legitimate news outlet.",
BK_02_POL_173.jpg,Fake,Fake,0.89,no_match_anywhere,"The photocard is a brand impersonification/parody of Kaler Kantho (Baler Kontho) which makes it fake, and the satirical headline about Mamata joining NCP was not found on any legitimate news outlet.",
BK_02_POL_175.jpg,Fake,Fake,0.87,no_match_anywhere,"The photocard is a brand impersonification/parody of Kaler Kantho (Baler Kontho) which makes it fake, and the satirical headline about Salahuddin and Naqvi signing an MoU was not found on any legitimate news outlet.",
BK_02_POL_177.jpg,Fake,Fake,0.94,no_match_anywhere,"The photocard is a brand impersonification/parody of Kaler Kantho (Baler Kontho) which makes it fake, and the satirical headline about Asif Mahmud fleeing the country was not found on any legitimate news outlet.",
BK_02_POL_179.jpg,Fake,Fake,0.85,no_match_anywhere,"The photocard is a brand impersonification/parody of Kaler Kantho (Baler Kontho) which makes it fake, and the satirical headline about Asif Mahmud leaving the country was not found on any legitimate news outlet.",
BK_02_POL_182.jpg,Fake,Fake,0.89,no_match_anywhere,"The photocard is a brand impersonification/parody of Kaler Kantho (Baler Kontho) which makes it fake, and the satirical headline about Sheikh Hasina returning tomorrow was not found on any legitimate news outlet.",
BK_02_POL_183.jpg,Fake,Fake,0.92,no_match_anywhere,"The photocard is a brand impersonification/parody of Kaler Kantho (Baler Kontho) which makes it fake, and the satirical headline about DUCSU leaders fleeing to China was not found on any legitimate news outlet.",
BK_02_POL_198.jpg,Fake,Fake,0.93,no_match_anywhere,"The photocard is a brand impersonification/parody of Kaler Kantho (Baler Kontho) which makes it fake, and the satirical missing notice headline about Salahuddin Ahmed was not found on any legitimate news outlet.",
BK_02_POL_200.png,Fake,Fake,0.97,no_match_anywhere,"The photocard is a brand impersonification/parody of Kaler Kantho (Baler Kontho) which makes it fake, and the satirical headline about CR7 joining BNP was not found on any legitimate news outlet.",
BK_02_POL_202.jpg,Fake,Fake,0.95,no_match_anywhere,"The photocard is a brand impersonification/parody of Kaler Kantho (Baler Kontho) which makes it fake, and the satirical headline about Jamaat's protest regarding alcohol prices was not found on any legitimate news outlet.",
BK_02_POL_206.jpg,Fake,Fake,0.87,no_match_anywhere,"The photocard is a brand impersonification/parody of Kaler Kantho (Baler Kontho) which makes it fake, and the satirical headline about Hasnat Abdullah was not found on any legitimate news outlet.",
BK_02_POL_213.png,Fake,Fake,0.95,no_match_anywhere,"The photocard is a brand impersonification/parody of Kaler Kantho (Baler Kontho) which makes it fake, and the satirical headline about Monirul Islam was not found on any legitimate news outlet.",
BK_02_POL_226.jpg,Fake,Fake,0.88,no_match_anywhere,"The photocard is a brand impersonification/parody of Kaler Kantho (Baler Kontho) which makes it fake, and the edited image/satirical headline about Muktibahini was not found on any legitimate news outlet.",
BK_02_POL_232.jpg,Fake,Fake,0.99,no_match_anywhere,"The photocard is a brand impersonification/parody of Kaler Kantho (Baler Kontho) which makes it fake, and the satirical quote attributed to Abidul Islam Khan was not found on any legitimate news outlet.",
BK_02_POL_236.jpg,Fake,Fake,0.98,no_match_anywhere,"The photocard is a brand impersonification/parody of Kaler Kantho (Baler Kontho) which makes it fake, and the satirical headline about Nasiruddin Patwary protesting against himself was not found on any legitimate news outlet.",
BK_02_POL_240.jpg,Fake,Fake,0.96,no_match_anywhere,"The photocard is a brand impersonification/parody of Kaler Kantho (Baler Kontho) which makes it fake, and the satirical headline about Sakhawat Hossain was not found on any legitimate news outlet.",
BK_02_SPT_002.jpg,Fake,Fake,0.89,no_match_anywhere,"The photocard is a brand impersonification/parody of Kaler Kantho (Baler Kontho) which makes it fake, and the satirical quote attributed to Messi about Bangladesh's 13th election was not found on any legitimate news outlet.",
BK_02_SPT_015.jpg,Fake,Fake,0.87,no_match_anywhere,"The photocard is a brand impersonification/parody of Kaler Kantho (Baler Kontho) which makes it fake, and the satirical headline calling Hamza Choudhury 'Cristiano Hamza' was not found on any legitimate news outlet.",
BK_02_SPT_051.jpg,Fake,Fake,0.95,no_match_anywhere,"The photocard is a brand impersonification/parody of Kaler Kantho (Baler Kontho) which makes it fake, and the satirical headline about Asif Nazrul was not found on any legitimate news outlet.",
BK_02_SPT_055.jpg,Fake,Fake,0.92,no_match_anywhere,"The photocard is a brand impersonification/parody of Kaler Kantho (Baler Kontho) which makes it fake, and the satirical headline about a man from Argentina visiting India was not found on any legitimate news outlet.",
BK_02_SPT_059.jpg,Fake,Fake,0.91,no_match_anywhere,"The photocard is a brand impersonification/parody of Kaler Kantho (Baler Kontho) which makes it fake, and the satirical headline about Ripon Mia meeting Lionel Messi in Kolkata was not found on any legitimate news outlet.",
BK_02_SPT_075.jpg,Fake,Fake,0.97,no_match_anywhere,"The photocard is a brand impersonification/parody of Kaler Kantho (Baler Kontho) which makes it fake, and the edited photo/satirical headline about Sheikh Hasina joining KKR was not found on any legitimate news outlet.",
BK_02_SPT_092.jpg,Fake,Fake,0.97,no_match_anywhere,"The photocard is a brand impersonification/parody of Kaler Kantho (Baler Kontho) which makes it fake, and the satirical quote attributed to Mehidy Hasan Miraz was not found on any legitimate news outlet.",
BK_02_SPT_129.jpg,Fake,Fake,0.91,no_match_anywhere,"The photocard is a brand impersonification/parody of Kaler Kantho (Baler Kontho) which makes it fake, and the satirical headline about Miraz missing a century by 99 runs was not found on any legitimate news outlet.",
BK_02_SPT_134.jpg,Fake,Fake,0.95,no_match_anywhere,"The photocard is a brand impersonification/parody of Kaler Kantho (Baler Kontho) which makes it fake, and the satirical headline about Zaima Rahman receiving an offer from Barcelona women's team was not found on any legitimate news outlet.",
BK_02_SPT_137.jpg,Fake,Fake,0.91,no_match_anywhere,"The photocard is a brand impersonification/parody of Kaler Kantho (Baler Kontho) which makes it fake, and the satirical headline about Zaima Rahman joining Brazil national team was not found on any legitimate news outlet.",
BK_02_SPT_146.jpg,Fake,Fake,0.99,no_match_anywhere,"The photocard is a brand impersonification/parody of Kaler Kantho (Baler Kontho) which makes it fake, and the satirical headline about Imrul Kayes advising Tamim Iqbal was not found on any legitimate news outlet.",
BK_02_SPT_169.jpg,Fake,Fake,0.98,no_match_anywhere,"The photocard is a brand impersonification/parody of Kaler Kantho (Baler Kontho) which makes it fake, and the satirical headline/pun about Tamim Iqbal installing a big fan in the gallery was not found on any legitimate news outlet.",
BK_02_SPT_181.jpg,Fake,Fake,0.88,no_match_anywhere,"The photocard is a brand impersonification/parody of Kaler Kantho (Baler Kontho) which makes it fake, and the satirical headline about Abid defeating Sadik Kayem in a running competition was not found on any legitimate news outlet.",
BK_02_SPT_189.jpg,Fake,Fake,0.91,no_match_anywhere,"The photocard is a brand impersonification/parody of Kaler Kantho (Baler Kontho) which makes it fake, and the satirical quote attributed to Ancelotti was not found on any legitimate news outlet.",
BK_02_SPT_197.jpg,Fake,Fake,0.95,no_match_anywhere,"The photocard is a brand impersonification/parody of Kaler Kantho (Baler Kontho) which makes it fake, and the satirical headline about Shafiqur Rahman condoling Pakistan's 2-0 defeat was not found on any legitimate news outlet.",
BK_02_SPT_210.jpg,Fake,Fake,0.96,no_match_anywhere,"The photocard is a brand impersonification/parody of Kaler Kantho (Baler Kontho) which makes it fake, and the satirical headline about Messi applying for Palak's bail was not found on any legitimate news outlet.",
BK_02_SPT_212.png,Fake,Fake,0.97,no_match_anywhere,"The photocard is a brand impersonification/parody of Kaler Kantho (Baler Kontho) which makes it fake, and the satirical headline about Argentina boycotting the World Cup without penalties was not found on any legitimate news outlet.",
BK_02_SPT_214.png,Fake,Fake,0.89,no_match_anywhere,"The photocard is a brand impersonification/parody of Kaler Kantho (Baler Kontho) which makes it fake, and the satirical headline about Zaima Rahman winning a match for Portugal was not found on any legitimate news outlet.",
BK_02_SPT_215.png,Fake,Fake,0.96,no_match_anywhere,"The photocard is a brand impersonification/parody of Kaler Kantho (Baler Kontho) which makes it fake, and the satirical headline about Neymar was not found on any legitimate news outlet.",
BK_02_SPT_216.png,Fake,Fake,0.89,no_match_anywhere,"The photocard is a brand impersonification/parody of Kaler Kantho (Baler Kontho) which makes it fake, and the satirical headline about Ronaldo and Messi in hospital was not found on any legitimate news outlet.",
BK_02_SPT_218.png,Fake,Fake,0.98,no_match_anywhere,"The photocard is a brand impersonification/parody of Kaler Kantho (Baler Kontho) which makes it fake, and the satirical headline about Messi going live was not found on any legitimate news outlet.",
BK_02_SPT_220.png,Fake,Fake,0.89,no_match_anywhere,"The photocard is a brand impersonification/parody of Kaler Kantho (Baler Kontho) which makes it fake, and the satirical headline about 'Alam Hossen Neymar' playing for Brazil was not found on any legitimate news outlet.",
BK_02_SPT_234.png,Fake,Fake,0.97,no_match_anywhere,"The photocard is a brand impersonification/parody of Kaler Kantho (Baler Kontho) which makes it fake, and the satirical headline about an earthquake caused by Messi's step was not found on any legitimate news outlet.",
CB_02_BIZ_009.jpg,Fake,Fake,0.98,no_match_anywhere,"The photocard is a parody/satirical post under the label 'Satire News' and 'Dhandabaj 24', featuring a satire quote regarding bKash.",
CB_02_BIZ_069.jpg,Fake,Fake,0.94,no_match_anywhere,"The photocard is a parody/satirical post under the label 'Satire News' and 'Dhandabaj 24', containing a satirical headline about Dubai hiring drivers from Bangladesh.",
CB_02_BIZ_100.jpg,Fake,Fake,0.96,no_match_anywhere,"The photocard is a parody/satirical post under the label 'Satire News' and 'Dhandabaj 24', featuring a satirical headline about SSC examinees using candles during exams.",
CB_02_BIZ_127.jpg,Fake,Fake,0.98,no_match_anywhere,The photocard is a parody/satirical card from 'Chandabaj 24' featuring a satire headline about making a ballistic missile using domestic tech.,
CB_02_CRM_003.jpg,Fake,Fake,0.97,no_match_anywhere,"The photocard is a parody/satirical post under the label 'Satire News' and 'Dhandabaj 24', containing a fake/satirical news item about an 'IIT Baba' arrest.",
CB_02_CRM_005.jpg,Fake,Fake,0.86,no_match_anywhere,"The photocard is a parody/satirical post under the label 'Satire News' and 'Dhandabaj 24', with a satire headline about covering motorcycle license plates.",
CB_02_CRM_013.jpg,Fake,Fake,0.88,no_match_anywhere,The photocard is a parody/satirical card from 'Dhandabaj 24' with a satirical headline about a clash over buying sacrificial knives with mosque funds.,
CB_02_CRM_028.jpg,Fake,Fake,0.92,no_match_anywhere,"The photocard is a parody/satirical post under the label 'Satire News' and 'Dhandabaj 24', showing an edited AI/composite image of football stars smoking as a juvenile gang.",
CB_02_CRM_029.jpg,Fake,Fake,0.93,no_match_anywhere,"The photocard is a parody/satirical post under the label 'Satire News' and 'Dhandabaj 24', featuring a satirical headline about the government ensuring the death penalty within a month in the Ramisa murder case.",
CB_02_CRM_035.jpg,Fake,Fake,0.91,no_match_anywhere,"The photocard is a parody/satirical post under the label 'Satire News' and 'Dhandabaj 24', containing a satirical headline regarding death reference reaching the High Court.",
CB_02_CRM_036.jpg,Fake,Fake,0.96,no_match_anywhere,"The photocard is a parody/satirical post under the label 'Satire News' and 'Dhandabaj 24', containing a satirical headline about a police officer visiting a migrant's wife.",
CB_02_CRM_058.jpg,Fake,Fake,0.93,no_match_anywhere,"The photocard is a parody/satirical post under the label 'Satire News' and 'Dhandabaj 24', featuring a satirical headline about Jubo Dal leaders at a hotel.",
CB_02_CRM_062.jpg,Fake,Fake,0.91,no_match_anywhere,"The photocard is a parody/satirical post under the label 'Satire News' and 'Dhandabaj 24', featuring a satirical headline about Modi and Sheikh Hasina.",
CB_02_CRM_088.jpg,Fake,Fake,0.86,no_match_anywhere,"The photocard is a parody/satirical post under the label 'Satire News' and 'Dhandabaj 24', containing a satirical headline regarding a murder case in Kapasia.",
CB_02_CRM_095.jpg,Fake,Fake,0.87,no_match_anywhere,"The photocard is a parody/satirical post under the label 'Satire News' and 'Dhandabaj 24', featuring a satirical statement attributed to Nilu Israfil.",
CB_02_CRM_098.jpg,Fake,Fake,0.88,no_match_anywhere,"The photocard is a parody/satirical post under the label 'Satire News' and 'Dhandabaj 24', containing a satirical headline about a fair stall in Tangail.",
CB_02_CRM_108.jpg,Fake,Fake,0.87,no_match_anywhere,"The photocard is a parody/satirical post under the label 'Satire News' and 'Dhandabaj 24', featuring a satirical headline about extortionists.",
CB_02_CRM_112.jpg,Fake,Fake,0.91,no_match_anywhere,"The photocard is a parody/satirical post under the label 'Dhandabaj 24', featuring a satirical headline about Tawhid Afridi and student protests.",
CB_02_CRM_118.jpg,Fake,Fake,0.88,no_match_anywhere,"The photocard is a parody/satirical post under the label 'Dhandabaj 24', containing a satirical headline claiming Chhatradal leaders carried books and pens instead of weapons.",
CB_02_CRM_143.jpg,Fake,Fake,0.92,no_match_anywhere,"The photocard is a parody/satirical post under the label 'Dhandabaj 24', featuring a satirical headline about a 'big brother' assisting younger students with cheating during exams.",
CB_02_DIS_026.jpg,Fake,Fake,0.97,no_match_anywhere,"The photocard is a parody/satirical post under the label 'Dhandabaj 24', featuring a news card template with satire content regarding a truck rollover in Tangail.",
CB_02_ENT_002.jpg,Fake,Fake,0.89,no_match_anywhere,"The photocard is a parody/satirical post under the label 'Satire News' and 'Dhandabaj 24', containing a satirical headline about Bubly and Apu Biswas.",
CB_02_ENT_008.jpg,Fake,Fake,0.88,no_match_anywhere,"The photocard is a parody/satirical post under the label 'Satire News' and 'Dhandabaj 24', featuring a satirical headline about Nur storing qurbani meat.",
CB_02_ENT_010.jpg,Fake,Fake,0.9,no_match_anywhere,"The photocard is a parody/satirical post under the label 'Dhandabaj 24', featuring a satirical post attributed to Maria Mim.",
CB_02_ENT_048.jpg,Fake,Fake,0.97,no_match_anywhere,"The photocard is a parody/satirical post under the label 'Satire News' and 'Dhandabaj 24', featuring Father's Day satire content.",
CB_02_ENT_056.jpg,Fake,Fake,0.95,no_match_anywhere,"The photocard is a parody/satirical post under the label 'Satire News' and 'Dhandabaj 24', featuring a satirical headline about a Norwegian couple kissing during a match.",
CB_02_ENT_087.jpg,Fake,Fake,0.88,no_match_anywhere,"The photocard is a parody/satirical post under the label 'Satire News' and 'Dhandabaj 24', featuring Mother's Day satire content regarding Nurul Haque Nur.",
CB_02_ENT_115.jpg,Fake,Fake,0.87,no_match_anywhere,"The photocard is a parody/satirical post under the label 'Dhandabaj 24', featuring a satirical quote from a student after an exam.",
CB_02_ENT_133.jpg,Fake,Fake,0.95,no_match_anywhere,"The photocard is a parody/satirical post under the label 'Dhandabaj 24', featuring a satirical headline about Nusrat Imrose Tisha.",
CB_02_ENT_155.jpg,Fake,Fake,0.94,no_match_anywhere,"The photocard is a parody/satirical post under the label 'Dhandabaj 24', featuring a satirical quote regarding a farmer becoming a TikToker.",
CB_02_ENT_158.jpg,Fake,Fake,0.88,no_match_anywhere,"The photocard is a parody/satirical post under the label 'Dhandabaj 24', featuring a satirical quote attributed to Munami.",
CB_02_ENT_169.jpg,Fake,Fake,0.88,no_match_anywhere,"The photocard is a parody/satirical post under the label 'Dhandabaj 24', featuring a satirical headline about Tamim Iqbal.",
CB_02_HLT_027.jpg,Fake,Fake,0.96,no_match_anywhere,"The photocard is a parody/satirical post under the label 'Satire News' and 'Dhandabaj 24', featuring a satirical headline about Maria Mim.",
CB_02_HLT_032.jpg,Fake,Fake,0.97,no_match_anywhere,"The photocard is a parody/satirical post under the label 'Satire News' and 'Dhandabaj 24', featuring a satirical headline about Rashid Dochona.",
CB_02_HLT_080.jpg,Fake,Fake,0.97,no_match_anywhere,"The photocard is a parody/satirical post under the label 'Satire News' and 'Dhandabaj 24', featuring a satirical headline about Mushfiqur Rahim.",
CB_02_HLT_174.jpg,Fake,Fake,0.9,no_match_anywhere,"The photocard is a parody/satirical post under the label 'Dhandabaj 24', featuring a satirical headline comparing Nepal's prime minister with Bangladeshi ministers.",
CB_02_INT_016.jpg,Fake,Fake,0.9,no_match_anywhere,"The photocard is a parody/satirical post under the label 'Dhandabaj 24', featuring a satirical headline about Donald Trump being jailed/sacrificed.",
CB_02_INT_017.jpg,Fake,Fake,0.9,no_match_anywhere,"The photocard is a parody/satirical post under the label 'Dhandabaj 24', featuring a satirical headline about Donald Trump and Salahuddin.",
CB_02_INT_061.jpg,Fake,Fake,0.9,no_match_anywhere,"The photocard is a parody/satirical post under the label 'Satire News' and 'Dhandabaj 24', featuring a satirical headline about US Ambassador Brent Christensen pulling a rickshaw.",
CB_02_INT_067.jpg,Fake,Fake,0.96,no_match_anywhere,"The photocard is a parody/satirical post under the label 'Satire News' and 'Dhandabaj 24', featuring a satirical edit/headline about Mia Khalifa and Abid.",
CB_02_INT_099.jpg,Fake,Fake,0.98,no_match_anywhere,"The photocard is a parody/satirical post under the label 'Satire News' and 'Dhandabaj 24', featuring a satirical headline about Modi and Mamata Banerjee.",
CB_02_INT_116.jpg,Fake,Fake,0.88,no_match_anywhere,"The photocard is a parody/satirical post under the label 'Dhandabaj 24', featuring a satirical edit/headline about Sheikh Hasina voting in an Indian election.",
CB_02_INT_128.jpg,Fake,Fake,0.99,no_match_anywhere,"The photocard is a parody/satirical post under the label 'Dhandabaj 24', featuring a satirical headline about Miraz Afridi eating a butter bun.",
CB_02_INT_170.jpg,Fake,Fake,0.89,no_match_anywhere,"The photocard is a parody/satirical post under the label 'Dhandabaj 24', featuring a satirical headline about Uganda's army chief.",
CB_02_POL_004.jpg,Fake,Fake,0.85,no_match_anywhere,"The photocard is a parody/satirical post under the label 'Satire News' and 'Dhandabaj 24', featuring a satirical headline about BNP taking over the UN.",
CB_02_POL_015.jpg,Fake,Fake,0.9,no_match_anywhere,"The photocard is a parody/satirical post under the label 'Dhandabaj 24', featuring a satirical headline about Tarek Rahman receiving a cap from the Baitul Mukarram Khatib.",
CB_02_POL_018.jpg,Fake,Fake,0.98,no_match_anywhere,"The photocard is a parody/satirical post under the label 'Dhandabaj 24', featuring a satirical headline about Sheikh Hasina.",
CB_02_POL_030.jpg,Fake,Fake,0.93,no_match_anywhere,"The photocard is a parody/satirical post under the label 'Satire News' and 'Dhandabaj 24', featuring a satirical headline about Tarek Rahman training workers to move sand trucks.",
CB_02_POL_070.jpg,Fake,Fake,0.89,no_match_anywhere,"The photocard is a parody/satirical post under the label 'Satire News' and 'Dhandabaj 24', featuring a satirical headline about DUCSU leaders fleeing to China.",
CB_02_POL_076.jpg,Fake,Fake,0.9,no_match_anywhere,"The photocard is a parody/satirical post under the label 'Satire News' and 'Dhandabaj 24', featuring a satirical quote attributed to Asif Nazrul about Tarek Rahman.",
CB_02_POL_078.jpg,Fake,Fake,0.94,no_match_anywhere,"The photocard is a parody/satirical post under the label 'Satire News' and 'Dhandabaj 24', featuring a satirical headline about Sheikh Hasina reading a book on returning to Bangladesh.",
CB_02_POL_084.jpg,Fake,Fake,0.92,no_match_anywhere,"The photocard is a parody/satirical post under the label 'Satire News' and 'Dhandabaj 24', featuring a satirical statement attributed to the DIG of Dhaka Range.",
CB_02_POL_101.jpg,Fake,Fake,0.9,no_match_anywhere,"The photocard is a parody/satirical post under the label 'Satire News' and 'Dhandabaj 24', featuring a satirical headline about Obaidul Quader joining NCP.",
CB_02_POL_105.jpg,Fake,Fake,0.92,no_match_anywhere,"The photocard is a parody/satirical post under the label 'Satire News' and 'Dhandabaj 24', featuring a satirical headline about question paper leak rumors.",
CB_02_POL_114.jpg,Fake,Fake,0.93,no_match_anywhere,"The photocard is a parody/satirical post under the label 'Dhandabaj 24', featuring a satirical headline about DUCSU leader Musaddek.",
CB_02_POL_134.jpg,Fake,Fake,0.95,no_match_anywhere,"The photocard is a parody/satirical post under the label 'Dhandabaj 24', featuring a satirical headline about four people joining NCP.",
CB_02_POL_137.jpg,Fake,Fake,0.85,no_match_anywhere,"The photocard is a parody/satirical post under the label 'Dhandabaj 24', featuring a satirical headline about Manchura Mollam.",
CB_02_POL_141.jpg,Fake,Fake,0.85,no_match_anywhere,"The photocard is a parody/satirical post under the label 'Dhandabaj 24', featuring a satirical headline about Obaidul Quader's IMO status.",
CB_02_POL_144.jpg,Fake,Fake,0.92,no_match_anywhere,"The photocard is a parody/satirical post under the label 'Dhandabaj 24', featuring a satirical political statement headline.",
CB_02_SPT_038.jpg,Fake,Fake,0.97,no_match_anywhere,"The photocard is a parody/satirical post under the label 'Satire News' and 'Dhandabaj 24', featuring a satirical headline about the FIFA World Cup opening match.",
CB_02_SPT_040.jpg,Fake,Fake,0.88,no_match_anywhere,"The photocard is a parody/satirical post under the label 'Satire News' and 'Dhandabaj 24', featuring a satirical headline about Germany beating Curacao 7-1 thinking it was Brazil.",
CB_02_SPT_044.jpg,Fake,Fake,0.95,no_match_anywhere,"The photocard is a parody/satirical post under the label 'Satire News' and 'Dhandabaj 24', featuring a satirical statement attributed to Kushtiar Ronaldo.",
CB_02_SPT_047.jpg,Fake,Fake,0.87,no_match_anywhere,"The photocard is a parody/satirical post under the label 'Satire News' and 'Dhandabaj 24', featuring a satirical headline about Rashed Khan Messi falling off a tree while hanging a flag.",
CB_02_SPT_091.jpg,Fake,Fake,0.92,no_match_anywhere,"The photocard is a parody/satirical post under the label 'Satire News' and 'Dhandabaj 24', featuring a satirical statement attributed to Faju Pagla.",
CB_02_SPT_107.jpg,Fake,Fake,0.86,no_match_anywhere,"The photocard is a parody/satirical post under the label 'Satire News' and 'Dhandabaj 24', featuring a satirical headline about Raser-Abhik Tarek Man in a racing competition.",
CB_02_SPT_145.jpg,Fake,Fake,0.87,no_match_anywhere,"The photocard is a parody/satirical post under the label 'Dhandabaj 24', featuring a satirical headline about Argentina playing against Babar's Dua cricket team.",
CB_02_SPT_150.jpg,Fake,Fake,0.9,no_match_anywhere,"The photocard is a parody/satirical post under the label 'Dhandabaj 24', featuring a satirical headline about Miraz and Tamim Iqbal.",
DES_02_BIZ_009.jpg,Fake,Fake,0.93,no_match_anywhere,The photocard is a parody/satirical post from 'The Delhi Star' containing a fake/satirical headline about Dr. Yunus providing micro-loans to evicted drug dealers.,
DES_02_BIZ_043.jpg,Fake,Fake,0.95,no_match_anywhere,The photocard is a parody/satirical post from 'The Delhi Star' containing a fake/satirical headline claiming Bangladesh is becoming a British colony again.,
DES_02_BIZ_084.jpg,Fake,Fake,0.89,no_match_anywhere,The photocard is a parody/satirical post from 'The Delhi Star' containing a fake/satirical headline about the new Bangladesh Bank Governor giving a 1000 crore loan to a BNP leader.,
DES_02_BIZ_142.jpg,Fake,Fake,0.85,no_match_anywhere,The photocard is a parody/satirical card from 'The Delhi Star' containing a satirical headline about selling a port to Denmark.,
DES_02_CRM_023.jpg,Fake,Fake,0.98,no_match_anywhere,The photocard is a parody/satirical card from 'The Delhi Star' containing a satirical headline about Mamunur Rashid Kasemi proposing marriage to a female police officer.,
DES_02_CRM_053.jpg,Fake,Fake,0.96,no_match_anywhere,The photocard is a parody/satirical card from 'The Delhi Star' containing a satirical headline about Dr. Tasnim Jara.,
DES_02_CRM_069.jpg,Fake,Fake,0.97,no_match_anywhere,The photocard is a parody/satirical card from 'The Delhi Star' containing a satirical headline about Jamaat planning the murder of a BNP leader in Jashore.,
DES_02_CRM_088.jpg,Fake,Fake,0.99,no_match_anywhere,The photocard is a parody/satirical card from 'The Delhi Star' containing a satirical headline about a Jubo Dal leader being scolded.,
DES_02_CRM_094.jpg,Fake,Fake,0.89,no_match_anywhere,The photocard is a parody/satirical card from 'The Delhi Star' containing a satirical headline about a Chhatra Dal leader kidnapping 160 students/chickens.,
DES_02_CRM_138.jpg,Fake,Fake,0.96,no_match_anywhere,The photocard is a parody/satirical card from 'The Delhi Star' containing a satirical headline about 'Voice of Bangladeshi Hindus'.,
DES_02_CRM_144.jpg,Fake,Fake,0.95,no_match_anywhere,The photocard is a parody/satirical card from 'The Delhi Star' containing a satirical headline about a Chhatra League leader getting a police cadre position.,
DES_02_CRM_145.jpg,Fake,Fake,0.96,no_match_anywhere,The photocard is a parody/satirical card from 'The Delhi Star' containing a fake headline claiming Tulip Siddiq was sentenced to two years in prison in Bangladesh.,
DES_02_CRM_158.jpg,Fake,Fake,0.95,no_match_anywhere,The photocard is a parody/satirical card from 'The Delhi Star' containing a satirical headline about Osman Hadi's killer Faysal.,
DES_02_CRM_168.jpg,Fake,Fake,0.93,no_match_anywhere,The photocard is a parody/satirical post from 'The Delhi Star' containing a fake/satirical headline about a Jamaat leader being arrested for refusing to pay 10% of business funds.,
DES_02_CRM_169.jpg,Fake,Fake,0.86,no_match_anywhere,The photocard is a parody/satirical post from 'The Delhi Star' featuring an AI-generated image and a fake headline about 7 women arrested for loving Sheikh Mujibur Rahman.,
DES_02_CRM_170.jpg,Fake,Fake,0.87,no_match_anywhere,The photocard is a parody/satirical post from 'The Delhi Star' containing a fake/satirical headline about Tarek Rahman struggling to manage the country.,
DES_02_CRM_175.jpg,Fake,Fake,0.95,no_match_anywhere,The photocard is a parody/satirical post from 'The Delhi Star' containing a fake/satirical headline claiming the foreign ministry of Bangladesh is going bankrupt.,
DES_02_CRM_178.jpg,Fake,Fake,0.94,no_match_anywhere,The photocard is a parody/satirical post from 'The Delhi Star' containing a fake/satirical headline about RUET Chhatra Dal forcing posts to be deleted.,
DES_02_CRM_183.jpg,Fake,Fake,0.94,no_match_anywhere,The photocard is a parody/satirical post from 'The Delhi Star' containing a fake/satirical headline criticizing the law and order situation under Dr. Yunus.,
DES_02_DIS_151.jpg,Fake,Fake,0.96,no_match_anywhere,The photocard is a parody/satirical post from 'The Delhi Star' containing a fake/satirical headline about earthquakes linked to Tarek Rahman's return.,
DES_02_ENT_017.jpg,Fake,Fake,0.93,no_match_anywhere,The photocard is a parody/satirical post from 'The Delhi Star' containing a fake/satirical headline about Lux Superstar protecting youth from Pakistani influence.,
DES_02_ENT_019.jpg,Fake,Fake,0.96,no_match_anywhere,The photocard is a parody/satirical post from 'The Delhi Star' containing a fake/satirical headline about Ornob wanting to represent Bangladesh in Mr. World.,
DES_02_ENT_058.jpg,Fake,Fake,0.94,no_match_anywhere,The photocard is a parody/satirical post from 'The Delhi Star' containing a fake/satirical headline about Zubaida and Zaima Rahman winning Lux Superstar jointly.,
DES_02_ENT_103.jpg,Fake,Fake,0.87,no_match_anywhere,The photocard is a parody/satirical post from 'The Delhi Star' featuring a fake headline about Zaima Rahman and her father watching a movie.,
DES_02_ENT_106.jpg,Fake,Fake,0.89,no_match_anywhere,The photocard is a parody/satirical post from 'The Delhi Star' featuring a fake quote attributed to the Prime Minister claiming to be Himu.,
DES_02_ENT_124.jpg,Fake,Fake,0.95,no_match_anywhere,The photocard is a parody/satirical post from 'The Delhi Star' featuring a fake headline about Sheikh Hasina's autobiography.,
DES_02_HLT_136.jpg,Fake,Fake,0.98,no_match_anywhere,The photocard is a parody/satirical post from 'The Delhi Star' containing a fake/satirical headline about Hania Aamir and Hassan Masood.,
DES_02_INT_050.jpg,Fake,Fake,0.92,no_match_anywhere,The photocard is a parody/satirical post from 'The Delhi Star' containing a fake/satirical headline about Narendra Modi's statement on Vijay Diwas.,
DES_02_INT_067.jpg,Fake,Fake,0.9,no_match_anywhere,The photocard is a parody/satirical post from 'The Delhi Star' featuring a fake headline and cartoon edit about Modi texting Trump.,
DES_02_INT_105.jpg,Fake,Fake,0.93,no_match_anywhere,The photocard is a parody/satirical post from 'The Delhi Star' featuring a fake screenshot and headline about Donald Trump.,
DES_02_INT_153.jpg,Fake,Fake,0.93,no_match_anywhere,The photocard is a parody/satirical post from 'The Delhi Star' containing a fake headline about Indian visa centers and Mustafizur Rahman.,
DES_02_POL_004.jpg,Fake,Fake,0.86,no_match_anywhere,The photocard is a parody/satirical post from 'The Delhi Star' featuring a fake headline about Mehdi Hasan giving advice to NCP leaders.,
DES_02_POL_007.jpg,Fake,Fake,0.97,no_match_anywhere,The photocard is a parody/satirical post from 'The Delhi Star' featuring a fake headline about a Chhatra League leader being attacked in front of the UN.,
DES_02_POL_010.jpg,Fake,Fake,0.98,no_match_anywhere,The photocard is a parody/satirical post from 'The Delhi Star' featuring a fake headline and quote attributed to Rumin Farhana regarding Tarek Rahman.,
DES_02_POL_011.jpg,Fake,Fake,0.97,no_match_anywhere,The photocard is a parody/satirical post from 'The Delhi Star' featuring a fake headline about Islamic University firing staff and canceling student status.,
DES_02_POL_012.jpg,Fake,Fake,0.94,no_match_anywhere,The photocard is a parody/satirical post from 'The Delhi Star' featuring a fake headline urging writers to oppose BNP violence.,
DES_02_POL_015.jpg,Fake,Fake,0.89,no_match_anywhere,The photocard is a parody/satirical post from 'The Delhi Star' featuring a fake headline regarding legal provisions on pregnant women and death sentences.,
DES_02_POL_025.jpg,Fake,Fake,0.95,no_match_anywhere,The photocard is a parody/satirical post from 'The Delhi Star' featuring a fake headline about death threats to 299 MPs by Osman Hadi.,
DES_02_POL_026.jpg,Fake,Fake,0.93,no_match_anywhere,The photocard is a parody/satirical post from 'The Delhi Star' featuring a fake headline attributing anti-corruption statements about the BNP-Jamaat regime to the Jamaat Amir.,
DES_02_POL_027.jpg,Fake,Fake,0.88,no_match_anywhere,The photocard is a parody/satirical post from 'The Delhi Star' featuring a fake headline alleging misogynistic remarks by Jamaat leaders.,
DES_02_POL_033.jpg,Fake,Fake,0.93,no_match_anywhere,The photocard is a parody/satirical post from 'The Delhi Star' featuring a fake headline claiming DUCSU VP Sadik Kayem filed a lawsuit against the Yousuf government.,
DES_02_POL_035.jpg,Fake,Fake,0.97,no_match_anywhere,The photocard is a parody/satirical post from 'The Delhi Star' featuring a fake headline about a freedom fighter apologizing to a Razakar tribunal.,
DES_02_POL_036.jpg,Fake,Fake,0.9,no_match_anywhere,The photocard is a parody/satirical post from 'The Delhi Star' featuring a fake headline mocking BNP election nominations for Sheikh Mujib and Jinnah.,
DES_02_POL_038.jpg,Fake,Fake,0.97,no_match_anywhere,The photocard is a parody/satirical post from 'The Delhi Star' featuring a fake headline mocking former Chhatra League leader Siddiqui Nazmul.,
DES_02_POL_045.jpg,Fake,Fake,0.9,no_match_anywhere,The photocard is a parody/satirical post from 'The Delhi Star' featuring a fake headline claiming student advisers Asif and Mahfuj would resign.,
DES_02_POL_046.jpg,Fake,Fake,0.89,no_match_anywhere,The photocard is a parody/satirical post from 'The Delhi Star' featuring a fake headline alleging state-level anti-BNP propaganda in upcoming elections.,
DES_02_POL_057.jpg,Fake,Fake,0.93,no_match_anywhere,The photocard is a parody/satirical post from 'The Delhi Star' featuring a fake headline about Chhatradal leader Abid greeting 'Botforces'.,
DES_02_POL_061.jpg,Fake,Fake,0.96,no_match_anywhere,The photocard is a parody/satirical post from 'The Delhi Star' featuring a fake headline about Barrister Rumeen Farhana expelling herself from BNP.,
DES_02_POL_071.jpg,Fake,Fake,0.86,no_match_anywhere,The photocard is a parody/satirical post from 'The Delhi Star' featuring a fake headline regarding Chhatradal besieging the Election Commission over candidate nominations.,
DES_02_POL_073.jpg,Fake,Fake,0.95,no_match_anywhere,The photocard is a parody/satirical post from 'The Delhi Star' featuring a fake headline about Tarique Rahman renting a bus for Jamaat Amir's campaign.,
DES_02_POL_074.jpg,Fake,Fake,0.95,no_match_anywhere,The photocard is a parody/satirical post from 'The Delhi Star' featuring a fake headline claiming Tarique Rahman sees a new Awami League image within BNP.,
DES_02_POL_075.jpg,Fake,Fake,0.94,no_match_anywhere,The photocard is a parody/satirical post from 'The Delhi Star' featuring a fake headline claiming BNP workers attacked a dog suspecting it to be Shibir.,
DES_02_POL_077.jpg,Fake,Fake,0.93,no_match_anywhere,The photocard is a parody/satirical post from 'The Delhi Star' featuring a fake headline about declaring Dhaka as capital city and running election trains.,
DES_02_POL_083.jpg,Fake,Fake,0.94,no_match_anywhere,The photocard is a parody/satirical post from 'The Delhi Star' featuring a fake headline urging to 'wash away' the Prime Minister.,
DES_02_POL_086.jpg,Fake,Fake,0.97,no_match_anywhere,The photocard is a parody/satirical post from 'The Delhi Star' featuring a fake headline claiming General Waker-Uz-Zaman took power.,
DES_02_POL_087.jpg,Fake,Fake,0.97,no_match_anywhere,The photocard is a parody/satirical post from 'The Delhi Star' featuring a fake headline about BNP prosecuting July police killings.,
DES_02_POL_090.jpg,Fake,Fake,0.93,no_match_anywhere,The photocard is a parody/satirical post from 'The Delhi Star' featuring a fake headline claiming Sheikh Hasina served Iftar to Tarique Rahman and Shafiqur Rahman.,
DES_02_POL_092.jpg,Fake,Fake,0.88,no_match_anywhere,The photocard is a parody/satirical post from 'The Delhi Star' featuring a fake headline claiming DU students were forced to hold their ears for refusing to say 'Pakistan Zindabad'.,
DES_02_POL_093.jpg,Fake,Fake,0.9,no_match_anywhere,The photocard is a parody/satirical post from 'The Delhi Star' featuring a fake headline about the BNP government wanting to try freedom fighters for killing Razakars.,
DES_02_POL_100.jpg,Fake,Fake,0.95,no_match_anywhere,The photocard is a parody/satirical post from 'The Delhi Star' featuring a fake headline claiming Awami League recognized July as a revolution.,
DES_02_POL_102.jpg,Fake,Fake,0.95,no_match_anywhere,The photocard is a parody/satirical post from 'The Delhi Star' featuring a fake headline accusing the government of hiking commodity prices in collusion with syndicates.,
DES_02_POL_110.jpg,Fake,Fake,0.92,no_match_anywhere,The photocard is a parody/satirical post from 'The Delhi Star' featuring a fake headline claiming Salahuddin Ahmed was trafficked to Shillong in the national interest.,
DES_02_POL_114.jpg,Fake,Fake,0.91,no_match_anywhere,The photocard is a parody/satirical post from 'The Delhi Star' featuring a fake headline accusing opposition parties of ruining parliament's sound system by thumping tables.,
DES_02_POL_116.jpg,Fake,Fake,0.93,no_match_anywhere,The photocard is a parody/satirical post from 'The Delhi Star' featuring a fake headline about BNP imposing restrictions on slogans at Janaza.,
DES_02_POL_121.jpg,Fake,Fake,0.91,no_match_anywhere,The photocard is a parody/satirical post from 'The Delhi Star' featuring a fake headline claiming freedom fighter Fazlur Rahman threatened Hummam Quader Chowdhury in parliament.,
DES_02_POL_123.jpg,Fake,Fake,0.88,no_match_anywhere,The photocard is a parody/satirical post from 'The Delhi Star' featuring a fake headline regarding Mirza Fakhrul being honored as an uncompromising leader.,
DES_02_POL_127.jpg,Fake,Fake,0.94,no_match_anywhere,The photocard is a parody/satirical post from 'The Delhi Star' featuring a fake headline claiming Bangladesh Jatiotabadi Chatra Dal changed its name due to extortion allegations.,
DES_02_POL_128.jpg,Fake,Fake,0.98,no_match_anywhere,The photocard is a parody/satirical post from 'The Delhi Star' featuring a fake headline about a DU Shibir activist writing 'Alhamdulillah' after cutting a tendon.,
DES_02_POL_130.jpg,Fake,Fake,0.92,no_match_anywhere,The photocard is a parody/satirical post from 'The Delhi Star' featuring a fake headline claiming state minister Bobby Hajjaj became the OC of Mohammadpur Police Station.,
DES_02_POL_134.png,Fake,Fake,0.91,no_match_anywhere,The photocard is a parody/satirical post from 'The Delhi Star' featuring a fake headline claiming Foreign Minister Khalilur Rahman resigned for a safe exit.,
DES_02_POL_137.jpg,Fake,Fake,0.94,no_match_anywhere,The photocard is a parody/satirical post from 'The Delhi Star' featuring a fake headline attributing quotes to Tarique Rahman regarding Sheikh Hasina's debt.,
DES_02_POL_149.jpg,Fake,Fake,0.9,no_match_anywhere,The photocard is a parody/satirical post from 'The Delhi Star' featuring a fake headline claiming Cristiano Ronaldo formed an alliance with Jamaat-e-Islami.,
DES_02_POL_156.jpg,Fake,Fake,0.9,no_match_anywhere,The photocard is a parody/satirical post from 'The Delhi Star' featuring a fake headline claiming Mahfuj submitted his resignation letter and got his personal phone back.,
DES_02_POL_161.jpg,Fake,Fake,0.93,no_match_anywhere,The photocard is a parody/satirical post from 'The Delhi Star' featuring a fake headline about the new DU Shibir committee leadership.,
DES_02_POL_163.jpg,Fake,Fake,0.88,no_match_anywhere,The photocard is a parody/satirical post from 'The Delhi Star' featuring a fake headline claiming Meghmallar Basu launched a new political party.,
DES_02_POL_164.jpg,Fake,Fake,0.86,no_match_anywhere,The photocard is a parody/satirical post from 'The Delhi Star' featuring a fake headline attributing quotes to Shafiqur Rahman about Jamaat leaders going abroad.,
DES_02_POL_173.jpg,Fake,Fake,0.9,no_match_anywhere,The photocard is a parody/satirical post from 'The Delhi Star' featuring a fake headline claiming the government is canceling 11 reform ordinances.,
DES_02_POL_174.jpg,Fake,Fake,0.9,no_match_anywhere,The photocard is a parody/satirical post from 'The Delhi Star' featuring a fake headline about shutting down social media and talk shows to curb misinformation.,
DES_02_POL_177.jpg,Fake,Fake,0.91,no_match_anywhere,The photocard is a parody/satirical post from 'The Delhi Star' featuring a fake headline alleging freedom fighter Fazlur Rahman spread racism in parliament.,
DES_02_POL_184.jpg,Fake,Fake,0.9,no_match_anywhere,The photocard is a parody/satirical post from 'The Delhi Star' featuring a fake headline claiming a Chhatra League leader committed suicide after learning Sheikh Hasina won't return.,
DES_02_SPT_059.jpg,Fake,Fake,0.85,no_match_anywhere,The photocard is a parody/satirical post from 'The Delhi Star' featuring a fake headline about Surya Vanshi receiving a award.,
DES_02_SPT_064.jpg,Fake,Fake,0.95,no_match_anywhere,The photocard is a parody/satirical post from 'The Delhi Star' featuring a fake headline about Shakib Al Hasan and Mustafizur Rahman in IPL.,
DES_02_SPT_066.jpg,Fake,Fake,0.97,no_match_anywhere,The photocard is a parody/satirical post from 'The Delhi Star' featuring a fake headline claiming Bangladesh will not play T20 World Cup without Shakib Al Hasan.,
DES_02_SPT_095.jpg,Fake,Fake,0.86,no_match_anywhere,The photocard is a parody/satirical post from 'The Delhi Star' featuring a fake headline claiming cricketer Mehidy Hasan Miraz converted to Islam and changed his name to Najmul Hossain Shanto.,
DES_02_SPT_096.jpg,Fake,Fake,0.88,no_match_anywhere,The photocard is a parody/satirical post from 'The Delhi Star' featuring a fake headline claiming Lionel Messi joined the Argentina branch of Islami Chhatra Shibir.,
DES_02_SPT_131.jpg,Fake,Fake,0.96,no_match_anywhere,The photocard is a parody/satirical post from 'The Delhi Star' featuring a fake headline about cricketer Mosaddek returning to the national team after DUCSU duties.,
DES_02_SPT_191.png,Fake,Fake,0.93,no_match_anywhere,The photocard is a parody/satirical post from 'The Delhi Star' featuring a fake headline claiming the Pakistani High Commissioner spoke of uniting the two countries upon arriving in Bangladesh.,
JO_02_BIZ_019.jpg,Fake,Fake,0.87,no_match_anywhere,The photocard is a parody/satirical post from 'Jogratv' (satire of Jamuna TV) featuring a fake headline claiming Lionel Messi bought a penalty right before a match.,
JO_02_BIZ_041.jpg,Fake,Fake,0.93,no_match_anywhere,The photocard is a parody/satirical post from 'Jogratv' (satire of Jamuna TV) featuring a fake headline claiming Kamrul Islam Messi cried after not getting a family card.,
JO_02_BIZ_049.jpg,Fake,Fake,0.86,no_match_anywhere,The photocard is a parody/satirical post from 'Jogratv' (satire of Jamuna TV) featuring a fake headline about naming a cow after Zaima Rahman.,
JO_02_BIZ_067.jpg,Fake,Fake,0.88,no_match_anywhere,The photocard is a parody/satirical post from 'Jogratv' (satire of Jamuna TV) featuring a fake headline about Hasnat MP grabbing a businessman by the throat.,
JO_02_BIZ_079.jpg,Fake,Fake,0.87,no_match_anywhere,The photocard is a parody/satirical post from 'Jogratv' (satire of Jamuna TV) featuring a fake headline about a police member aiding a truck driver.,
JO_02_BIZ_126.jpg,Fake,Fake,0.96,no_match_anywhere,The photocard is a parody/satirical post from 'Jogratv' (satire of Jamuna TV) featuring a fake headline claiming DNCRP advised new businessmen to cover food with mosquito nets.,
JO_02_BIZ_127.jpg,Fake,Fake,0.85,no_match_anywhere,The photocard is a parody/satirical post from 'Jogratv' (satire of Jamuna TV) featuring a fake headline showing Sheikh Hasina working at a sewing machine with a satirical caption.,
JO_02_BIZ_242.jpg,Fake,Fake,0.85,no_match_anywhere,The photocard is a parody/satirical post from 'Jogratv' (satire of Jamuna TV) featuring a fake headline claiming Ayman Sadiq is selling winter Pitha online.,
JO_02_BIZ_282.jpg,Fake,Fake,0.98,no_match_anywhere,The photocard is a parody/satirical post from 'Jogratv' (satire of Jamuna TV) featuring a fake headline about former PM Sheikh Hasina opening a tailor shop to earn money.,
JO_02_CRM_012.jpg,Fake,Fake,0.92,no_match_anywhere,The photocard is a parody/satirical post from 'Jogratv' (satire of Jamuna TV) featuring a fake headline about a clash between two villages in Brahmanbaria over Brazil vs Scotland.,
JO_02_CRM_037.jpg,Fake,Fake,0.93,no_match_anywhere,The photocard is a parody/satirical post from 'Jogratv' (satire of Jamuna TV) featuring a fake headline about Tawhid Afridi meeting his father in jail.,
JO_02_CRM_076.jpg,Fake,Fake,0.92,no_match_anywhere,The photocard is a parody/satirical post from 'Jogratv' (satire of Jamuna TV) featuring a fake headline about a village clash in Brahmanbaria over who becomes Prime Minister.,
JO_02_CRM_113.jpg,Fake,Fake,0.87,no_match_anywhere,The photocard is a parody/satirical post from 'Jogratv' (satire of Jamuna TV) featuring a fake headline attributing satirical comments about duck extortion to Rumeen Farhana.,
JO_02_CRM_146.jpg,Fake,Fake,0.95,no_match_anywhere,The photocard is a parody/satirical post from 'Jogratv' (satire of Jamuna TV) featuring a fake headline about 'Pacha Lal Billal' being beaten for unsocial activities.,
JO_02_CRM_155.jpg,Fake,Fake,0.85,no_match_anywhere,The photocard is a parody/satirical post from 'Jogratv' (satire of Jamuna TV) featuring a fake headline alleging foreign players swore at Tamim Iqbal.,
JO_02_CRM_159.jpg,Fake,Fake,0.9,no_match_anywhere,The photocard is a parody/satirical post from 'Jogratv' (satire of Jamuna TV) featuring a fake headline claiming Lawyer Sumon swore at prison guards for not allowing him to play football in jail.,
JO_02_CRM_182.jpg,Fake,Fake,0.86,no_match_anywhere,The photocard is a parody/satirical post from 'Jogratv' (satire of Jamuna TV) featuring a fake headline using explicit slang regarding Bangladesh cricketer Najmul Hossain Shanto.,
JO_02_CRM_184.jpg,Fake,Fake,0.94,no_match_anywhere,The photocard is a parody/satirical post from 'Jogratv' (satire of Jamuna TV) featuring a fake headline claiming Inqilab Mancha spokesperson Osman Hadi passed away.,
JO_02_CRM_201.jpg,Fake,Fake,0.9,no_match_anywhere,The photocard is a parody/satirical post from 'Jogratv' (satire of Jamuna TV) featuring a fake headline claiming two youths on a motorcycle shot Osman Hadi in a rickshaw.,
JO_02_CRM_210.jpg,Fake,Fake,0.88,no_match_anywhere,The photocard is a parody/satirical post from 'Jogratv' (satire of Jamuna TV) featuring a fake headline attributing satirical quotes to Sheikh Hasina about hanging critics.,
JO_02_CRM_219.jpg,Fake,Fake,0.93,no_match_anywhere,The photocard is a parody/satirical post from 'Jogratv' (satire of Jamuna TV) featuring a fake headline about Hannan Masud getting married.,
JO_02_CRM_225.jpg,Fake,Fake,0.89,no_match_anywhere,The photocard is a parody/satirical post from 'Jogratv' (satire of Jamuna TV) featuring a fake headline claiming Miraz Afridi beat up a journalist for trying to take an interview.,
JO_02_CRM_230.jpg,Fake,Fake,0.95,no_match_anywhere,The photocard is a parody/satirical post from 'Jogratv' (satire of Jamuna TV) featuring a fake headline claiming Miraz Afridi was arrested for beating his wife with a stick.,
JO_02_CRM_231.jpg,Fake,Fake,0.97,no_match_anywhere,The photocard is a parody/satirical post from 'Jogratv' (satire of Jamuna TV) featuring a fake headline claiming Sheikh Hasina slapped Modi in public for expressing concern over Khaleda Zia.,
JO_02_CRM_255.jpg,Fake,Fake,0.96,no_match_anywhere,The photocard is a parody/satirical post from 'Jogratv' (satire of Jamuna TV) featuring a fake headline about inviting Jogra TV authorities to stop a clash in Brahmanbaria.,
JO_02_CRM_257.jpg,Fake,Fake,0.85,no_match_anywhere,The photocard is a parody/satirical post from 'Jogratv' (satire of Jamuna TV) featuring a fake headline about a clash between two villages in Brahmanbaria over Sheikh Hasina's punishment.,
JO_02_CRM_260.jpg,Fake,Fake,0.94,no_match_anywhere,The photocard is a parody/satirical post from 'Jogratv' (satire of Jamuna TV) featuring a fake headline mocking a person involved in a cocktail blast incident under Grameen Bank.,
JO_02_CRM_261.jpg,Fake,Fake,0.92,no_match_anywhere,The photocard is a parody/satirical post from 'Jogratv' (satire of Jamuna TV) featuring a fake headline using explicit slang about a Chhatra League leader arrested with petrol bombs.,
JO_02_CRM_276.jpg,Fake,Fake,0.91,no_match_anywhere,The photocard is a parody/satirical post from 'Jogratv' (satire of Jamuna TV) featuring a fake headline claiming an Awami League leader was killed in a public beating while fleeing to India.,
JO_02_DIS_014.jpg,Fake,Fake,0.95,no_match_anywhere,The photocard is a parody/satirical post from 'Jogratv' (satire of Jamuna TV) featuring a fake headline about 'Cumilla's Messi' demonstrating a technique to cross flooded Dhaka streets.,
JO_02_DIS_249.jpg,Fake,Fake,0.88,no_match_anywhere,The photocard is a parody/satirical post from 'Jogratv' (satire of Jamuna TV) featuring a fake headline attributing quotes to Obaidul Quader about earthquakes decreasing if Sheikh Hasina returns.,
JO_02_DIS_252.jpg,Fake,Fake,0.87,no_match_anywhere,The photocard is a parody/satirical post from 'Jogratv' (satire of Jamuna TV) featuring a fake headline attributing quotes to Sajeeb Wazed Joy blaming his mother's death verdict for earthquakes in Bangladesh.,
JO_02_DIS_253.jpg,Fake,Fake,0.94,no_match_anywhere,The photocard is a parody/satirical post from 'Jogratv' (satire of Jamuna TV) featuring a fake headline reporting a severe earthquake across the country.,
JO_02_ENT_022.jpg,Fake,Fake,0.89,no_match_anywhere,The photocard is a parody/satirical post from 'Jogratv' (satire of Jamuna TV) featuring a fake headline making satirical marriage claims regarding a rabbit logo.,
JO_02_ENT_030.jpg,Fake,Fake,0.89,no_match_anywhere,"The photocard is a parody/satirical post from 'Jogratv' (satire of Jamuna TV) featuring a fake headline depicting Obaidul Quader, Sheikh Hasina, and another official dressed as football referees.",
JO_02_ENT_048.jpg,Fake,Fake,0.88,no_match_anywhere,The photocard is a parody/satirical post from 'Jogratv' (satire of Jamuna TV) featuring a fake headline using explicit slang about Eid celebration in Faridpur.,
JO_02_ENT_051.jpg,Fake,Fake,0.96,no_match_anywhere,The photocard is a parody/satirical post from 'Jogratv' (satire of Jamuna TV) featuring a fake headline making satirical marriage claims regarding a rabbit logo.,
JO_02_ENT_074.jpg,Fake,Fake,0.91,no_match_anywhere,The photocard is a parody/satirical post from 'Jogratv' (satire of Jamuna TV) featuring a fake headline claiming Obaidul Quader wants to eat biryani made from Rumeen Farhana's duck.,
JO_02_ENT_075.jpg,Fake,Fake,0.88,no_match_anywhere,The photocard is a parody/satirical post from 'Jogratv' (satire of Jamuna TV) featuring a fake headline about the Modi family receiving family cards before elections.,
JO_02_ENT_077.jpg,Fake,Fake,0.96,no_match_anywhere,The photocard is a parody/satirical post from 'Jogratv' (satire of Jamuna TV) featuring a fake headline attributing satirical comments about free public insults to Giar Uddin Tehari.,
JO_02_ENT_083.jpg,Fake,Fake,0.96,no_match_anywhere,The photocard is a parody/satirical post from 'Jogratv' (satire of Jamuna TV) featuring a fake headline stating Zaima Rahman is speaking standing up.,
JO_02_ENT_084.jpg,Fake,Fake,0.86,no_match_anywhere,The photocard is a parody/satirical post from 'Jogratv' (satire of Jamuna TV) featuring a fake headline alleging Bubly is five months pregnant with Shakib Khan's child.,
JO_02_ENT_093.jpg,Fake,Fake,0.97,no_match_anywhere,The photocard is a parody/satirical post from 'Jogratv' (satire of Jamuna TV) featuring a fake headline about Jannat's viral video featuring someone other than Toha.,
JO_02_ENT_100.jpg,Fake,Fake,0.88,no_match_anywhere,The photocard is a parody/satirical post from 'Jogratv' (satire of Jamuna TV) featuring a fake headline about Rumeen Farhana's duck carrying a sick duck across the road.,
JO_02_ENT_101.jpg,Fake,Fake,0.96,no_match_anywhere,The photocard is a parody/satirical post from 'Jogratv' (satire of Jamuna TV) featuring a fake headline claiming Miraz Afridi will personally serve sweets if Tarique Rahman becomes Prime Minister.,
JO_02_ENT_136.jpg,Fake,Fake,0.95,no_match_anywhere,The photocard is a parody/satirical post from 'Jogratv' (satire of Jamuna TV) featuring a headline about Shab-e-Meraj.,
JO_02_ENT_140.jpg,Fake,Fake,0.9,no_match_anywhere,The photocard is a parody/satirical post from 'Jogratv' (satire of Jamuna TV) featuring a fake headline attributing satirical quotes to singer Tahsan Khan about Ramadan and Eid.,
JO_02_ENT_147.jpg,Fake,Fake,0.98,no_match_anywhere,The photocard is a parody/satirical post from 'Jogratv' (satire of Jamuna TV) featuring a fake headline alleging Sajeeb Wazed Joy admitted to saying things while drunk.,
JO_02_ENT_181.jpg,Fake,Fake,0.9,no_match_anywhere,The photocard is a parody/satirical post from 'Jogratv' (satire of Jamuna TV) featuring a fake headline about Gunman Miraz offering security to Hero Alom.,
JO_02_ENT_189.jpg,Fake,Fake,0.92,no_match_anywhere,The photocard is a parody/satirical post from 'Jogratv' (satire of Jamuna TV) featuring a fake headline claiming a Bangladeshi youth looks identical to De Paul.,
JO_02_ENT_192.jpg,Fake,Fake,0.89,no_match_anywhere,The photocard is a parody/satirical post from 'Jogratv' (satire of Jamuna TV) featuring a card commemorating Victory Day.,
JO_02_ENT_204.jpg,Fake,Fake,0.96,no_match_anywhere,The photocard is a parody/satirical post from 'Jogratv' (satire of Jamuna TV) featuring a fake headline about Ayman Sadiq buying a ladder to get onto the bed.,
JO_02_ENT_256.jpg,Fake,Fake,0.89,no_match_anywhere,The photocard is a parody/satirical post from 'Jogratv' (satire of Jamuna TV) featuring a fake headline attributing quotes to Sheikh Hasina's lawyer Amir Hossain.,
JO_02_ENT_266.jpg,Fake,Fake,0.89,no_match_anywhere,The photocard is a parody/satirical post from 'Jogratv' (satire of Jamuna TV) featuring a fake headline using explicit slang claiming Salman Khan is banned in Pakistan.,
JO_02_ENT_271.jpg,Fake,Fake,0.98,no_match_anywhere,The photocard is a parody/satirical post from 'Jogratv' (satire of Jamuna TV) featuring a fake headline misidentifying Afran Nisho as an actress.,
JO_02_ENT_284.jpg,Fake,Fake,0.92,no_match_anywhere,The photocard is a parody/satirical post from 'Jogratv' (satire of Jamuna TV) featuring a fake headline using explicit slang about Indian actor Salman Khan facing legal issues becoming a father.,
JO_02_ENT_296.jpg,Fake,Fake,0.88,no_match_anywhere,The photocard is a parody/satirical post from 'Jogratv' (satire of Jamuna TV) featuring a fake headline showing Sheikh Hasina's face inside a 'Blood Moon'.,
JO_02_ENT_301.jpg,Fake,Fake,0.92,no_match_anywhere,The photocard is a parody/satirical post from 'Jogratv' (satire of Jamuna TV) featuring a fake headline claiming Miraz Afridi took responsibility for delivering his wife's baby.,
JO_02_HLT_056.jpg,Fake,Fake,0.94,no_match_anywhere,The photocard is a parody/satirical post from 'Jogratv' (satire of Jamuna TV) featuring a fake headline using explicit satirical claims about 'Moyla Apa' losing body oil to control her son.,
JO_02_HLT_097.jpg,Fake,Fake,0.95,no_match_anywhere,The photocard is a parody/satirical post from 'Jogratv' (satire of Jamuna TV) featuring a fake headline claiming a teacher ate Yaba to keep students drug-free.,
JO_02_HLT_119.jpg,Fake,Fake,0.98,no_match_anywhere,The photocard is a parody/satirical post from 'Jogratv' (satire of Jamuna TV) featuring a fake headline about actress Dighi dealing with chest tumors.,
JO_02_HLT_142.jpg,Fake,Fake,0.95,no_match_anywhere,The photocard is a parody/satirical post from 'Jogratv' (satire of Jamuna TV) featuring a fake headline claiming Dr. Miraz Afridi recommended daily stretching exercises to stay healthy.,
JO_02_HLT_167.jpg,Fake,Fake,0.86,no_match_anywhere,The photocard is a parody/satirical post from 'Jogratv' (satire of Jamuna TV) featuring a fake headline about Hero Alam calling to bring Obaidul Quader back for advanced treatment.,
JO_02_HLT_183.jpg,Fake,Fake,0.95,no_match_anywhere,The photocard is a parody/satirical post from 'Jogratv' (satire of Jamuna TV) featuring a fake headline using explicit slang about someone going to the gym to look like Ronaldo.,
JO_02_HLT_264.jpg,Fake,Fake,0.92,no_match_anywhere,The photocard is a parody/satirical post from 'Jogratv' (satire of Jamuna TV) featuring a fake headline claiming former PM Sheikh Hasina is battling illness after eating cow dung at Modi's request.,
JO_02_INT_031.jpg,Fake,Fake,0.89,no_match_anywhere,The photocard is a parody/satirical post from 'Jogratv' (satire of Jamuna TV) featuring a fake headline with an altered photo of Sheikh Hasina lying in a hospital bed.,
JO_02_INT_035.jpg,Fake,Fake,0.86,no_match_anywhere,The photocard is a parody/satirical post from 'Jogratv' (satire of Jamuna TV) featuring a fake headline using altered photos depicting Narendra Modi embracing Sheikh Hasina and another woman with a satirical caption.,
JO_02_INT_054.jpg,Fake,Fake,0.92,no_match_anywhere,The photocard is a parody/satirical post from 'Jogratv' (satire of Jamuna TV) featuring a fake headline claiming Shafiqullah Khamenei mediated peace in Iran.,
JO_02_INT_061.jpg,Fake,Fake,0.95,no_match_anywhere,The photocard is a parody/satirical post from 'Jogratv' (satire of Jamuna TV) featuring a fake headline depicting Narendra Modi making satirical threats about cow dung attacks.,
JO_02_INT_186.jpg,Fake,Fake,0.88,no_match_anywhere,The photocard is a parody/satirical post from 'Jogratv' (satire of Jamuna TV) featuring a fake headline about Ayman Sadiq talking to Modi on the phone to bring Sheikh Hasina back.,
JO_02_INT_190.jpg,Fake,Fake,0.98,no_match_anywhere,The photocard is a parody/satirical post from 'Jogratv' (satire of Jamuna TV) featuring a fake headline with a photoshopped historical image showing Indian leaders as Freedom Fighters.,
JO_02_INT_195.jpg,Fake,Fake,0.95,no_match_anywhere,The photocard is a parody/satirical post from 'Jogratv' (satire of Jamuna TV) featuring a fake headline claiming India was mocked for making a statue of Shamim instead of Messi.,
JO_02_INT_198.jpg,Fake,Fake,0.89,no_match_anywhere,The photocard is a parody/satirical post from 'Jogratv' (satire of Jamuna TV) featuring a fake headline claiming Sheikh Hasina cried after failing to meet Messi in India.,
JO_02_INT_208.jpg,Fake,Fake,0.88,no_match_anywhere,The photocard is a parody/satirical post from 'Jogratv' (satire of Jamuna TV) featuring a fake headline claiming Miraz Afridi announced a arm-wrestling match with Kim Jong Un.,
JO_02_INT_239.jpg,Fake,Fake,0.95,no_match_anywhere,The photocard is a parody/satirical post from 'Jogratv' (satire of Jamuna TV) featuring a fake headline about Ireland beating up Bangladesh after mistaking them for Kenya.,
JO_02_INT_246.jpg,Fake,Fake,0.88,no_match_anywhere,The photocard is a parody/satirical post from 'Jogratv' (satire of Jamuna TV) featuring a fake headline depicting Modi demanding punishment for Dr. Yunus over his wife's gold.,
JO_02_INT_250.jpg,Fake,Fake,0.98,no_match_anywhere,The photocard is a parody/satirical post from 'Jogratv' (satire of Jamuna TV) featuring a fake headline depicting Sheikh Hasina in a cockpit with a satirical claim about India recruiting a new pilot to fight Bangladesh.,
JO_02_INT_251.jpg,Fake,Fake,0.87,no_match_anywhere,The photocard is a parody/satirical post from 'Jogratv' (satire of Jamuna TV) featuring a fake headline with a edited photo claiming the Prime Minister of Bhutan met with the Chief Adviser in Dhaka.,
JO_02_INT_262.jpg,Fake,Fake,0.95,no_match_anywhere,The photocard is a parody/satirical post from 'Jogratv' (satire of Jamuna TV) featuring a fake headline claiming rare coal was recovered from a coal mine in India.,
JO_02_INT_269.jpg,Fake,Fake,0.93,no_match_anywhere,The photocard is a parody/satirical post from 'Jogratv' (satire of Jamuna TV) featuring a fake headline showing an edited image of Obaidul Quader receiving July graffiti artwork from Chief Adviser Dr. Yunus in Italy.,
JO_02_INT_280.jpg,Fake,Fake,0.95,no_match_anywhere,The photocard is a parody/satirical post from 'Jogratv' (satire of Jamuna TV) featuring a fake headline portraying Obaidul Quader as the Indian Army Chief making threats to erase Pakistan.,
JO_02_INT_281.jpg,Fake,Fake,0.88,no_match_anywhere,The photocard is a parody/satirical post from 'Jogratv' (satire of Jamuna TV) featuring a fake headline claiming actress Dighi is heartbroken over not being able to dance on 'Aapa's' birthday.,
JO_02_INT_285.jpg,Fake,Fake,0.86,no_match_anywhere,The photocard is a parody/satirical post from 'Jogratv' (satire of Jamuna TV) featuring a fake headline claiming Nepalese Gen-Z movement leader Sudan Gurung will run in elections.,
JO_02_INT_294.jpg,Fake,Fake,0.86,no_match_anywhere,The photocard is a parody/satirical post from 'Jogratv' (satire of Jamuna TV) featuring a fake headline depicting an edited photo of Sheikh Hasina in Indian media.,
JO_02_INT_302.jpg,Fake,Fake,0.94,no_match_anywhere,The photocard is a parody/satirical post from 'Jogratv' (satire of Jamuna TV) featuring a fake headline about Trump's tariff heat with a satirical quote attributed to Narendra Modi.,
JO_02_POL_004.jpg,Fake,Fake,0.94,no_match_anywhere,The photocard is a parody/satirical post from 'Jogratv' (satire of Jamuna TV) featuring a fake headline claiming a secret audio call of a covert Jamaat leader named 'Molana Messi' was leaked.,
JO_02_POL_008.jpg,Fake,Fake,0.89,no_match_anywhere,The photocard is a parody/satirical post from 'Jogratv' (satire of Jamuna TV) featuring a fake headline with an edited image of Sheikh Hasina inside a flying Tesla car.,
JO_02_POL_009.jpg,Fake,Fake,0.94,no_match_anywhere,The photocard is a parody/satirical post from 'Jogratv' (satire of Jamuna TV) featuring a fake headline with edited photos of Messi and Ronaldo in opposite jerseys about Awami League activists.,
JO_02_POL_013.jpg,Fake,Fake,0.98,no_match_anywhere,The photocard is a parody/satirical post from 'Jogratv' (satire of Jamuna TV) featuring a fake headline claiming Kylian Mbappé quit football to join Jamaat-e-Islami.,
JO_02_POL_017.jpg,Fake,Fake,0.95,no_match_anywhere,The photocard is a parody/satirical post from 'Jogratv' (satire of Jamuna TV) featuring a fake headline depicting Sheikh Hasina flying a plane to Bangladesh.,
JO_02_POL_032.jpg,Fake,Fake,0.97,no_match_anywhere,The photocard is a parody/satirical post from 'Jogratv' (satire of Jamuna TV) featuring a fake headline claiming Cristiano Ronaldo demanded a quick trial for Sheikh Hasina.,
JO_02_POL_064.jpg,Fake,Fake,0.89,no_match_anywhere,The photocard is a parody/satirical post from 'Jogratv' (satire of Jamuna TV) featuring a fake headline identifying Shafiqullah Khamenei as the supreme leader of Bengal.,
JO_02_POL_070.jpg,Fake,Fake,0.91,no_match_anywhere,The photocard is a parody/satirical post from 'Jogratv' (satire of Jamuna TV) featuring a fake headline claiming Nasiruddin Abbas is awaiting a landslide victory in the Dhaka-8 constituency.,
JO_02_POL_071.jpg,Fake,Fake,0.93,no_match_anywhere,The photocard is a parody/satirical post from 'Jogratv' (satire of Jamuna TV) featuring a fake headline claiming Obaidul Quader traveled by bus to cast his vote.,
JO_02_POL_073.jpg,Fake,Fake,0.86,no_match_anywhere,The photocard is a parody/satirical post from 'Jogratv' (satire of Jamuna TV) featuring a fake headline claiming Shooter Miraz Abbas was given vote counting responsibilities for Mirza Abbas.,
JO_02_POL_086.jpg,Fake,Fake,0.95,no_match_anywhere,The photocard is a parody/satirical post from 'Jogratv' (satire of Jamuna TV) featuring a fake headline attributing satirical quotes to Mirza Fakhrul Islam Alamgir about Patwari.,
JO_02_POL_094.jpg,Fake,Fake,0.91,no_match_anywhere,The photocard is a parody/satirical post from 'Jogratv' (satire of Jamuna TV) featuring a fake headline claiming Jamaat leaders threatened to cut veins after elections if not voted for.,
JO_02_POL_098.jpg,Fake,Fake,0.88,no_match_anywhere,The photocard is a parody/satirical post from 'Jogratv' (satire of Jamuna TV) featuring a fake headline with edited photos depicting Benjamin Netanyahu and Donald Trump as covert Jamaat leaders.,
JO_02_POL_099.jpg,Fake,Fake,0.9,no_match_anywhere,The photocard is a parody/satirical post from 'Jogratv' (satire of Jamuna TV) featuring a fake headline presenting Neymar da Silva Santos as a candidate for the Brazil-10 constituency under the goat symbol.,
JO_02_POL_102.jpg,Fake,Fake,0.94,no_match_anywhere,The photocard is a parody/satirical post from 'Jogratv' (satire of Jamuna TV) featuring a fake headline claiming a Bangladeshi hacker is trying to recover the X account of the Jamaat Ameer.,
JO_02_POL_104.jpg,Fake,Fake,0.98,no_match_anywhere,The photocard is a parody/satirical post from 'Jogratv' (satire of Jamuna TV) featuring a fake headline with a satirical quote claiming Sheikh Mujib said Sheikh Hasina went to India for Hijrah.,
JO_02_POL_112.jpg,Fake,Fake,0.86,no_match_anywhere,The photocard is a parody/satirical post from 'Jogratv' (satire of Jamuna TV) featuring a fake headline attributing a satirical quote to the Charmonai Pir targeting Jamaat.,
JO_02_POL_114.jpg,Fake,Fake,0.92,no_match_anywhere,The photocard is a parody/satirical post from 'Jogratv' (satire of Jamuna TV) featuring a fake headline attributing a satirical statement to a youth claiming his NID still says Anarosh Khan.,
JO_02_POL_115.jpg,Fake,Fake,0.94,no_match_anywhere,The photocard is a parody/satirical post from 'Jogratv' (satire of Jamuna TV) featuring a fake headline attributing a satirical threat to Mirza Abbas against Patwari if elected MP.,
JO_02_POL_117.jpg,Fake,Fake,0.99,no_match_anywhere,The photocard is a parody/satirical post from 'Jogratv' (satire of Jamuna TV) featuring a fake headline with an edited image showing Lionel Messi in Arab attire leaving the country after not getting a Jamaat nomination.,
JO_02_POL_120.jpg,Fake,Fake,0.87,no_match_anywhere,The photocard is a parody/satirical post from 'Jogratv' (satire of Jamuna TV) featuring a fake headline with an edited image of Cristiano Ronaldo claiming he will vote for Jamaat-e-Islami under the scale symbol.,
JO_02_POL_124.jpg,Fake,Fake,0.94,no_match_anywhere,The photocard is a parody/satirical post from 'Jogratv' (satire of Jamuna TV) featuring a fake headline depicting Obaidul Quader claiming Chhatra League will provide security if Bangladesh plays cricket in India.,
JO_02_POL_130.jpg,Fake,Fake,0.86,no_match_anywhere,The photocard is a parody/satirical post from 'Jogratv' (satire of Jamuna TV) featuring a fake headline claiming Awami League is becoming active by opening an office in Kolkata due to being banned in Bangladesh.,
JO_02_POL_173.jpg,Fake,Fake,0.89,no_match_anywhere,The photocard is a parody/satirical post from 'Jogratv' (satire of Jamuna TV) featuring a fake headline attributing satirical quotes to Sheikh Hasina about people laughing if she dies.,
JO_02_POL_174.jpg,Fake,Fake,0.9,no_match_anywhere,The photocard is a parody/satirical post from 'Jogratv' (satire of Jamuna TV) featuring a fake headline attributing satirical quotes to Sheikh Hasina about dancing on Manik Mia Avenue if she dies.,
JO_02_POL_175.jpg,Fake,Fake,0.96,no_match_anywhere,The photocard is a parody/satirical post from 'Jogratv' (satire of Jamuna TV) featuring a fake headline claiming Tarique Rahman became lonely even in a crowd.,
JO_02_POL_176.jpg,Fake,Fake,0.98,no_match_anywhere,The photocard is a parody/satirical post from 'Jogratv' (satire of Jamuna TV) featuring a fake headline with edited photos claiming two Awami League leaders expressed desire to conduct Khaleda Zia's janaza.,
JO_02_POL_177.jpg,Fake,Fake,0.92,no_match_anywhere,The photocard is a parody/satirical post from 'Jogratv' (satire of Jamuna TV) featuring a fake headline with an edited photo claiming the person who put a hand on Zubaida Rahman's shoulder was revealed.,
JO_02_POL_178.jpg,Fake,Fake,0.86,no_match_anywhere,The photocard is a parody/satirical post from 'Jogratv' (satire of Jamuna TV) featuring a fake headline claiming Miraz Afridi will accompany Tarique Rahman with a stick to provide security.,
JO_02_POL_179.jpg,Fake,Fake,0.94,no_match_anywhere,The photocard is a parody/satirical post from 'Jogratv' (satire of Jamuna TV) featuring a fake headline claiming Ishraque Hossain won the 'Pusher of the Year' award.,
JO_02_POL_203.jpg,Fake,Fake,0.92,no_match_anywhere,The photocard is a parody/satirical post from 'Jogratv' (satire of Jamuna TV) featuring a fake headline attributing satirical quotes to Salahuddin Ahmed claiming an earthquake will occur if Tarique Rahman returns.,
JO_02_POL_212.jpg,Fake,Fake,0.91,no_match_anywhere,The photocard is a parody/satirical post from 'Jogratv' (satire of Jamuna TV) featuring a fake headline claiming an air ambulance for Khaleda Zia cannot arrive due to low battery charge.,
JO_02_POL_216.jpg,Fake,Fake,0.86,no_match_anywhere,The photocard is a parody/satirical post from 'Jogratv' (satire of Jamuna TV) featuring a fake headline claiming Virat Kohli quit cricket to join Jamaat-e-Islami.,
JO_02_POL_220.jpg,Fake,Fake,0.91,no_match_anywhere,The photocard is a parody/satirical post from 'Jogratv' (satire of Jamuna TV) featuring a fake headline depicting Sheikh Hasina visiting Khaleda Zia in the hospital with a satirical caption.,
JO_02_POL_221.jpg,Fake,Fake,0.88,no_match_anywhere,The photocard is a parody/satirical post from 'Jogratv' (satire of Jamuna TV) featuring a fake headline claiming Liton Mahmud joined Jamaat-e-Islami.,
JO_02_POL_224.jpg,Fake,Fake,0.89,no_match_anywhere,The photocard is a parody/satirical post from 'Jogratv' (satire of Jamuna TV) featuring a fake headline depicting Sheikh Hasina flying a plane to see Khaleda Zia.,
JO_02_POL_226.jpg,Fake,Fake,0.97,no_match_anywhere,The photocard is a parody/satirical post from 'Jogratv' (satire of Jamuna TV) featuring a fake headline with an edited photo depicting Sheikh Hasina and Narendra Modi together.,
JO_02_POL_229.jpg,Fake,Fake,0.95,no_match_anywhere,The photocard is a parody/satirical post from 'Jogratv' (satire of Jamuna TV) featuring a fake headline claiming Miraz Afridi will personally cast two votes for Jamaat in the upcoming election.,
JO_02_POL_245.jpg,Fake,Fake,0.92,no_match_anywhere,The photocard is a parody/satirical post from 'Jogratv' (satire of Jamuna TV) featuring a fake headline claiming actor Riaz cried while seeking a nomination from NCP.,
JO_02_POL_263.jpg,Fake,Fake,0.86,no_match_anywhere,The photocard is a parody/satirical post from 'Jogratv' (satire of Jamuna TV) featuring a fake headline claiming an Awami League leader will contest under the scale symbol in the Pabna-7 constituency.,
JO_02_POL_270.jpg,Fake,Fake,0.87,no_match_anywhere,The photocard is a parody/satirical post from 'Jogratv' (satire of Jamuna TV) featuring a fake headline attributing satirical quotes to Asif Nazrul regarding the Madagascar presidency.,
JO_02_POL_300.jpg,Fake,Fake,0.97,no_match_anywhere,The photocard is a parody/satirical post from 'Jogratv' (satire of Jamuna TV) featuring a fake headline attributing satirical quotes to Dr. Yunus threatening BNP about elections.,
JO_02_SPT_006.jpg,Fake,Fake,0.86,no_match_anywhere,The photocard is a parody/satirical post from 'Jogratv' (satire of Jamuna TV) featuring a fake headline claiming Miraz Afridi beat up a journalist over a Brazil vs Argentina question.,
JO_02_SPT_007.jpg,Fake,Fake,0.92,no_match_anywhere,The photocard is a parody/satirical post from 'Jogratv' (satire of Jamuna TV) featuring a fake headline claiming Lionel Messi left Argentina to join Brazil.,
JO_02_SPT_010.jpg,Fake,Fake,0.89,no_match_anywhere,The photocard is a parody/satirical post from 'Jogratv' (satire of Jamuna TV) featuring a fake headline claiming an Argentina fan died of a stroke while watching Brazil play.,
JO_02_SPT_026.jpg,Fake,Fake,0.94,no_match_anywhere,The photocard is a parody/satirical post from 'Jogratv' (satire of Jamuna TV) featuring a fake headline claiming police sent Messi to prison in ropes.,
JO_02_SPT_034.jpg,Fake,Fake,0.88,no_match_anywhere,The photocard is a parody/satirical post from 'Jogratv' (satire of Jamuna TV) featuring a fake headline attributing quotes to Laila claiming she looks like Hania Aamir.,
JO_02_SPT_133.jpg,Fake,Fake,0.9,no_match_anywhere,The photocard is a parody/satirical post from 'Jogratv' (satire of Jamuna TV) featuring a fake headline claiming Bekar Ali Miraz will play as wicketkeeper for Dhaka Capitals.,
JO_02_SPT_134.jpg,Fake,Fake,0.91,no_match_anywhere,The photocard is a parody/satirical post from 'Jogratv' (satire of Jamuna TV) featuring a fake headline with explicit satirical slang targeting a cricketer during a press conference.,
JO_02_SPT_137.jpg,Fake,Fake,0.85,no_match_anywhere,The photocard is a parody/satirical post from 'Jogratv' (satire of Jamuna TV) featuring a fake headline claiming Kylian Mbappé quit football to join Jamaat-e-Islami.,
JO_02_SPT_138.jpg,Fake,Fake,0.96,no_match_anywhere,The photocard is a parody/satirical post from 'Jogratv' (satire of Jamuna TV) featuring a fake headline attributing satirical quotes to cricketer Jaker Ali about performance-based pay.,
JO_02_SPT_158.jpg,Fake,Fake,0.98,no_match_anywhere,The photocard is a parody/satirical post from 'Jogratv' (satire of Jamuna TV) featuring a fake headline claiming Tamim Iqbal joined team India under a satirical name.,
JO_02_SPT_160.jpg,Fake,Fake,0.86,no_match_anywhere,The photocard is a parody/satirical post from 'Jogratv' (satire of Jamuna TV) featuring a fake headline claiming Najmul Hossain Shanto scored 30 runs off 1 ball before returning home.,
JO_02_SPT_161.jpg,Fake,Fake,0.97,no_match_anywhere,The photocard is a parody/satirical post from 'Jogratv' (satire of Jamuna TV) featuring a fake headline claiming Soumya Sarkar set a world record by scoring 60 runs off 1 ball.,
JO_02_SPT_163.jpg,Fake,Fake,0.93,no_match_anywhere,The photocard is a parody/satirical post from 'Jogratv' (satire of Jamuna TV) featuring a fake headline claiming India unveiled a new IPL logo honoring a cutter master.,
JO_02_SPT_165.jpg,Fake,Fake,0.98,no_match_anywhere,The photocard is a parody/satirical post from 'Jogratv' (satire of Jamuna TV) featuring a fake headline with an edited photo depicting Narendra Modi joining KKR in place of Mustafizur Rahman.,
JO_02_SPT_169.jpg,Fake,Fake,0.86,no_match_anywhere,The photocard is a parody/satirical post from 'Jogratv' (satire of Jamuna TV) featuring a fake headline with an edited photo depicting Narendra Modi playing in the IPL.,
JO_02_SPT_170.jpg,Fake,Fake,0.86,no_match_anywhere,The photocard is a parody/satirical post from 'Jogratv' (satire of Jamuna TV) featuring a fake headline claiming Jofra Archer is playing as a fast bowler for Chattogram Royals.,
JO_02_SPT_188.jpg,Fake,Fake,0.86,no_match_anywhere,"The photocard is a parody/satirical post from 'Jogratv' (satire of Jamuna TV) featuring a fake headline claiming Kolkata signed Miraz Afridi for 75,000 crore rupees.",
JO_02_SPT_200.jpg,Fake,Fake,0.94,no_match_anywhere,The photocard is a parody/satirical post from 'Jogratv' (satire of Jamuna TV) featuring a fake headline claiming Miraz Afridi expressed interest in boxing with Roman Reigns.,
JO_02_SPT_206.jpg,Fake,Fake,0.99,no_match_anywhere,The photocard is a parody/satirical post from 'Jogratv' (satire of Jamuna TV) featuring a fake headline attributing satirical claims about finding a googley bowler like Rashid Khan Menon.,
JO_02_SPT_217.jpg,Fake,Fake,0.98,no_match_anywhere,The photocard is a parody/satirical post from 'Jogratv' (satire of Jamuna TV) featuring a fake headline claiming a team called 'Bouyer Doya' will play a Victory Day match.,
JO_02_SPT_227.jpg,Fake,Fake,0.91,no_match_anywhere,The photocard is a parody/satirical post from 'Jogratv' (satire of Jamuna TV) featuring a fake headline with an edited photo depicting Obaidul Quader bought for 2 crore 59 lakh BDT by Noakhali Express in BPL.,
JO_02_SPT_236.jpg,Fake,Fake,0.97,no_match_anywhere,The photocard is a parody/satirical post from 'Jogratv' (satire of Jamuna TV) featuring a fake headline claiming Noakhali Express bought dry wood for 35 lakh BDT.,
JO_02_SPT_237.jpg,Fake,Fake,0.85,no_match_anywhere,The photocard is a parody/satirical post from 'Jogratv' (satire of Jamuna TV) featuring a fake headline identifying Miraz Afridi as Bangladesh's number one badminton player.,
JO_02_SPT_243.jpg,Fake,Fake,0.87,no_match_anywhere,The photocard is a parody/satirical post from 'Jogratv' (satire of Jamuna TV) featuring a fake headline praising Jaker Ali for scoring 200 runs off 16 balls.,
JO_02_SPT_267.jpg,Fake,Fake,0.86,no_match_anywhere,The photocard is a parody/satirical post from 'Jogratv' (satire of Jamuna TV) featuring a fake headline claiming a night wrestling competition between villagers was held in Brahmanbaria using torchlights.,
JO_02_SPT_275.jpg,Fake,Fake,0.92,no_match_anywhere,The photocard is a parody/satirical post from 'Jogratv' (satire of Jamuna TV) featuring a fake headline claiming cricketer Jaker Ali searched Google to hit 2 sixes off 1 ball against Rashid Khan.,
JO_02_SPT_277.jpg,Fake,Fake,0.86,no_match_anywhere,The photocard is a parody/satirical post from 'Jogratv' (satire of Jamuna TV) featuring a fake headline claiming Jaker Ali set a record by scoring 100 runs off 16 balls.,
JO_02_SPT_290.jpg,Fake,Fake,0.98,no_match_anywhere,The photocard is a parody/satirical post from 'Jogratv' (satire of Jamuna TV) featuring a fake headline claiming Obaidul Quader won the Ballon d'Or as the 6th French footballer under the name 'Kader Dembélé'.,
PU_02_BIZ_050.jpg,Fake,Fake,0.88,no_match_anywhere,The photocard is a satirical edit mimicking Prothom Alo news format claiming loan defaulters congratulated the new Bangladesh Bank governor.,
PU_02_BIZ_113.jpg,Fake,Fake,0.87,no_match_anywhere,The photocard is a satirical edit mimicking Prothom Alo news format claiming Bangladesh Awami League and Bangladesh Students' League Facebook pages are up for sale.,
PU_02_CRM_004.jpg,Fake,Fake,0.98,no_match_anywhere,The photocard is a satirical edit mimicking Prothom Alo news format claiming a Chhatra League leader was accused of sexually harassing a mural of Sheikh Mujibur Rahman.,
PU_02_CRM_012.jpg,Fake,Fake,0.93,no_match_anywhere,The photocard is a satirical edit mimicking Prothom Alo news format claiming Sheikh Hasina was executed by public hanging based on an International Crimes Tribunal verdict.,
PU_02_CRM_059.jpg,Fake,Fake,0.91,no_match_anywhere,The photocard is a satirical edit mimicking Prothom Alo news format featuring a fake headline about Prothom Alo and Daily Star feeling sad after an office fire.,
PU_02_CRM_061.jpg,Fake,Fake,0.89,no_match_anywhere,The photocard is a satirical edit mimicking Prothom Alo news format claiming a headmaster sold 564 kg of textbooks.,
PU_02_CRM_065.jpg,Fake,Fake,0.87,no_match_anywhere,The photocard is a satirical edit mimicking Prothom Alo news format claiming Chhatra Shibir attacked Rashed Khan's testicles after he called for the downfall of Jamaat.,
PU_02_CRM_103.jpg,Fake,Fake,0.98,no_match_anywhere,The photocard is a satirical edit mimicking Prothom Alo news format claiming Comilla MP Hasnat Abdullah is extorting money by choking people.,
PU_02_CRM_114.jpg,Fake,Fake,0.85,no_match_anywhere,The photocard is a satirical edit mimicking Prothom Alo news format claiming at least 30 people were injured in a clash between two groups in Brahmanbaria over saying 'Rag Karla'.,
PU_02_CRM_123.jpg,Fake,Fake,0.94,no_match_anywhere,The photocard is a satirical edit mimicking Prothom Alo news format claiming a bridge is being constructed in Barisal using BSRM bamboo.,
PU_02_DIS_101.jpg,Fake,Fake,0.9,no_match_anywhere,The photocard is a satirical edit mimicking Prothom Alo news format claiming a 9.7 magnitude earthquake occurred in Dhaka upon Tarique Rahman's arrival.,
PU_02_ENT_015.jpg,Fake,Fake,0.98,no_match_anywhere,The photocard is a satirical edit mimicking Prothom Alo news format claiming actress Chamak did not receive a BNP nomination because she wore innerwear over her clothes.,
PU_02_ENT_018.jpg,Fake,Fake,0.86,no_match_anywhere,The photocard is a satirical edit mimicking Prothom Alo news format claiming Miraz Afridi is becoming a gunman for Hero Alom's security.,
PU_02_ENT_079.jpg,Fake,Fake,0.86,no_match_anywhere,The photocard is a satirical edit mimicking Prothom Alo news format claiming a legal notice was sent to a Russian-Bangla model named Monika to serve boiled potatoes after a street incident in Gulshan.,
PU_02_ENT_088.jpg,Fake,Fake,0.98,no_match_anywhere,The photocard is a satirical edit mimicking Prothom Alo news format claiming Bithi Ambani asked Kanti Ambani to hunt a tiger.,
PU_02_ENT_096.jpg,Fake,Fake,0.98,no_match_anywhere,The photocard is a satirical edit mimicking Prothom Alo news format claiming Shakib and Hania are pairing up to take revenge for '71.,
PU_02_ENT_138.jpg,Fake,Fake,0.93,no_match_anywhere,The photocard is a satirical edit mimicking Prothom Alo news format claiming Amir Hamza sought support from Rashmika Mandanna during election campaigning.,
PU_02_ENT_142.jpg,Fake,Fake,0.93,no_match_anywhere,The photocard is a satirical edit mimicking Prothom Alo news format claiming Zayed Khan is mixing water into milk.,
PU_02_ENT_147.jpg,Fake,Fake,0.87,no_match_anywhere,The photocard is a satirical edit mimicking Prothom Alo news format claiming Chhatradal leader Abid married an American expatriate woman after Sadiq Kayem.,
PU_02_HLT_058.jpg,Fake,Fake,0.96,no_match_anywhere,The photocard is a satirical edit mimicking Prothom Alo news format featuring a cartoon depicting animals attending a seminar in Delhi.,
PU_02_INT_007.jpg,Fake,Fake,0.89,no_match_anywhere,The photocard is a satirical edit mimicking Prothom Alo news format claiming 'Kala Baisakh' is being celebrated in Uganda.,
PU_02_INT_042.jpg,Fake,Fake,0.88,no_match_anywhere,The photocard is a satirical edit mimicking Prothom Alo news format claiming Sheikh Hasina is furious at Narendra Modi for wishing Begum Zia well.,
PU_02_INT_056.jpg,Fake,Fake,0.97,no_match_anywhere,The photocard is a satirical edit mimicking Prothom Alo news format claiming US President Donald Trump is coming to see a viral buffalo in Narayanganj.,
PU_02_INT_062.jpg,Fake,Fake,0.93,no_match_anywhere,The photocard is a satirical edit mimicking Prothom Alo news format claiming a Tejas crashed at the Dubai Airshow and revealing the pilot's identity.,
PU_02_INT_068.jpg,Fake,Fake,0.91,no_match_anywhere,The photocard is a satirical edit mimicking Prothom Alo news format claiming West Bengal Chief Minister Suvendu Adhikari said he will send Sheikh Hasina back to Bangladesh.,
PU_02_INT_075.jpg,Fake,Fake,0.89,no_match_anywhere,The photocard is a satirical edit mimicking Prothom Alo news format claiming Kim Jong Un will launch missile attacks against Israel at Iran's request.,
PU_02_INT_108.jpg,Fake,Fake,0.97,no_match_anywhere,The photocard is a satirical edit mimicking Prothom Alo news format claiming US President Donald Trump and Elon Musk joined a student union.,
PU_02_INT_119.jpg,Fake,Fake,0.96,no_match_anywhere,The photocard is a satirical edit mimicking Prothom Alo news format claiming Donald Trump said Bangladesh wanted to make him Prime Minister but he refused.,
PU_02_INT_130.jpg,Fake,Fake,0.92,no_match_anywhere,The photocard is a satirical edit mimicking Prothom Alo news format claiming Donald Trump has no concerns about the world's only nuclear center in Dhaka.,
PU_02_INT_140.jpg,Fake,Fake,0.95,no_match_anywhere,The photocard is a satirical edit mimicking Prothom Alo news format attributing a satirical quote to Narendra Modi about divorcing Hasina if Bangladesh does not play in India.,
PU_02_POL_001.jpg,Fake,Fake,0.93,no_match_anywhere,The photocard is a satirical edit mimicking Prothom Alo news format claiming former adviser and NCP leader Asif Mahmud will flee the country at night.,
PU_02_POL_002.jpg,Fake,Fake,0.86,no_match_anywhere,The photocard is a satirical edit mimicking Prothom Alo news format claiming Asif Mahmud is leaving the country upon hearing news of Sheikh Hasina's return.,
PU_02_POL_010.jpg,Fake,Fake,0.92,no_match_anywhere,The photocard is a satirical edit mimicking Prothom Alo news format attributing a satirical statement to defeated VP Abid claiming BNP accomplished in 2 months what Awami League couldn't in 15 years.,
PU_02_POL_011.jpg,Fake,Fake,0.87,no_match_anywhere,The photocard is a satirical edit mimicking Prothom Alo news format claiming Prime Minister Tarique Rahman clapped upon seeing a fake father performance.,
PU_02_POL_013.jpg,Fake,Fake,0.95,no_match_anywhere,The photocard is a satirical edit mimicking Prothom Alo news format with an edited photo depicting Sheikh Hasina handing a flower to Tarique Rahman.,
PU_02_POL_014.jpg,Fake,Fake,0.92,no_match_anywhere,The photocard is a satirical edit mimicking Prothom Alo news format claiming Sadiq Kayem is fleeing to Myanmar by river upon hearing news of Sheikh Hasina's return.,
PU_02_POL_024.jpg,Fake,Fake,0.95,no_match_anywhere,The photocard is a satirical edit mimicking Prothom Alo news format attributing a satirical threat to Dhaka-8 independent candidate Hadi about killing the other 299 MPs.,
PU_02_POL_031.jpg,Fake,Fake,0.97,no_match_anywhere,The photocard is a satirical edit mimicking Prothom Alo news format claiming Lutfozzaman Babar is going to be the Home Minister of the BNP government.,
PU_02_POL_041.jpg,Fake,Fake,0.97,no_match_anywhere,The photocard is a satirical edit mimicking Prothom Alo news format claiming death-sentenced Sheikh Hasina received a general pardon from President Chuppu.,
PU_02_POL_044.jpg,Fake,Fake,0.94,no_match_anywhere,The photocard is a satirical edit mimicking Prothom Alo news format attributing a satirical quote to Shakib Al Hasan about chanting 'Joy Bangla' when carrying his corpse.,
PU_02_POL_053.jpg,Fake,Fake,0.96,no_match_anywhere,The photocard is a satirical edit mimicking Prothom Alo news format claiming Salahuddin claimed an annual income of 6 crore taka in his election affidavit.,
PU_02_POL_054.jpg,Fake,Fake,0.87,no_match_anywhere,The photocard is a satirical edit mimicking Prothom Alo news format claiming BNP introduced a herbal card for vulnerable individuals.,
PU_02_POL_057.jpg,Fake,Fake,0.87,no_match_anywhere,The photocard is a satirical edit mimicking Prothom Alo news format claiming BNP expelled Shamim Osman's younger sister from the party.,
PU_02_POL_063.jpg,Fake,Fake,0.93,no_match_anywhere,The photocard is a satirical edit mimicking Prothom Alo news format featuring Shafiqur Rahman wearing a shirt with a picture of Tarique Rahman.,
PU_02_POL_069.jpg,Fake,Fake,0.87,no_match_anywhere,The photocard is a satirical edit mimicking Prothom Alo news format claiming Chhatradal leader Abid said Zaira Rahman has advanced women more than Begum Rokeya.,
PU_02_POL_072.jpg,Fake,Fake,0.89,no_match_anywhere,The photocard is a satirical edit mimicking Prothom Alo news format claiming Sheikh Hasina is returning to the country tomorrow on Homecoming Day.,
PU_02_POL_077.jpg,Fake,Fake,0.93,no_match_anywhere,The photocard is a satirical edit mimicking Prothom Alo news format attributing a satirical statement to Shahabuddin Chuppu about saying 'Bangladesh Zindabad' instead of 'Joy Bangla'.,
PU_02_POL_084.jpg,Fake,Fake,0.89,no_match_anywhere,The photocard is a satirical edit mimicking Prothom Alo news format claiming Awami League is changing its name to 'Bangladesh Telegram League'.,
PU_02_POL_087.jpg,Fake,Fake,0.94,no_match_anywhere,The photocard is a satirical edit mimicking Prothom Alo news format featuring a satirical quote attributed to Sheikh Hasina about people giving haha reactions on Telegram.,
PU_02_POL_089.jpg,Fake,Fake,0.94,no_match_anywhere,The photocard is a satirical edit mimicking Prothom Alo news format attributing a satirical quote to Home Minister Salahuddin Ahmed about the constitution and the proclaimer of independence.,
PU_02_POL_094.jpg,Fake,Fake,0.99,no_match_anywhere,The photocard is a satirical edit mimicking Prothom Alo news format claiming Rumin Farhana joined the Jonokallyan Party after being expelled from BNP.,
PU_02_POL_109.jpg,Fake,Fake,0.93,no_match_anywhere,The photocard is a satirical edit mimicking Prothom Alo news format claiming Prime Minister Tarique Rahman's plan includes occupying Bangladesh Bank.,
PU_02_POL_112.jpg,Fake,Fake,0.92,no_match_anywhere,The photocard is a satirical edit mimicking Prothom Alo news format claiming Jamaat leader Shafiqul Islam Masud joined BNP out of greed for a ministerial position.,
PU_02_POL_120.jpg,Fake,Fake,0.9,no_match_anywhere,The photocard is a satirical edit mimicking Prothom Alo news format attributing a satirical quote to Asif Nazrul about wishing he could be president.,
PU_02_POL_128.jpg,Fake,Fake,0.94,no_match_anywhere,The photocard is a satirical edit mimicking Prothom Alo news format attributing a satirical statement to a political figure about trying 1971 razakars if BNP tries police killings.,
PU_02_POL_133.jpg,Fake,Fake,0.99,no_match_anywhere,The photocard is a satirical edit mimicking Prothom Alo news format claiming Mirza Abbas is hospitalized and blaming Nasiruddin Patwary.,
PU_02_POL_134.jpg,Fake,Fake,0.92,no_match_anywhere,The photocard is a satirical edit mimicking Prothom Alo news format claiming Nasiruddin Patwary is declared unwelcome in Dhaka and asking BNP activists to give him what he deserves wherever found.,
PU_02_POL_136.jpg,Fake,Fake,0.94,no_match_anywhere,The photocard is a satirical edit mimicking Prothom Alo news format claiming Rafsan was not seen because the light was turned off in the bridal room.,
PU_02_POL_137.jpg,Fake,Fake,0.95,no_match_anywhere,The photocard is a satirical edit mimicking Prothom Alo news format claiming Hamim was temporarily suspended by Chhatradal for not calling Tarique Rahman 'Honorable Prime Minister'.,
PU_02_POL_141.jpg,Fake,Fake,0.88,no_match_anywhere,The photocard is a satirical edit mimicking Prothom Alo news format featuring Salahuddin Ahmed in a news template.,
PU_02_POL_144.jpg,Fake,Fake,0.88,no_match_anywhere,The photocard is a satirical edit mimicking Prothom Alo news format featuring Ishraque Hossain in a news template.,
PU_02_POL_146.jpg,Fake,Fake,0.96,no_match_anywhere,The photocard is a satirical edit mimicking Prothom Alo news format claiming Sheikh Suvendu Adhikari received recognition as the new father of Awami League.,
PU_02_SPT_045.jpg,Fake,Fake,0.95,no_match_anywhere,The photocard is a satirical edit mimicking Prothom Alo news format claiming Ripon Mia met Lionel Messi on the field in Kolkata.,
PU_02_SPT_048.jpg,Fake,Fake,0.95,no_match_anywhere,The photocard is a satirical edit mimicking Prothom Alo news format claiming Cristiano Hamza scored a flying goal.,
PU_02_SPT_052.jpg,Fake,Fake,0.97,no_match_anywhere,The photocard is a satirical edit mimicking Prothom Alo news format attributing a satirical quote to Carlo Ancelotti about taking the World Cup from in front of Brazil.,
PU_02_SPT_064.jpg,Fake,Fake,0.91,no_match_anywhere,The photocard is a satirical edit mimicking Prothom Alo news format claiming Jamaat-Shibir workers are sad because Pakistan lost to Bangladesh.,
PU_02_SPT_074.jpg,Fake,Fake,0.94,no_match_anywhere,The photocard is a satirical edit mimicking Prothom Alo news format claiming Imrul Kayes advised Tamim Iqbal to stay away from flatterers.,
PU_02_SPT_086.png,Fake,Fake,0.96,no_match_anywhere,The photocard is a satirical edit mimicking Prothom Alo news format claiming Argentina will boycott the World Cup if they do not get penalty privileges.,
PU_02_SPT_090.png,Fake,Fake,0.93,no_match_anywhere,"The photocard is a satirical edit mimicking Prothom Alo news format claiming Ronaldo was admitted to the hospital after shouting 'Suuuu' for failing to score a hat-trick, and Messi went to visit him.",
PU_02_SPT_093.jpg,Fake,Fake,0.88,no_match_anywhere,The photocard is a satirical edit mimicking Prothom Alo news format claiming Bangladesh defeated Pakistan again under Tamim's leadership after '71.,
PU_02_SPT_107.jpg,Fake,Fake,0.88,no_match_anywhere,The photocard is a satirical edit mimicking Prothom Alo news format claiming Tamim filed a lawsuit against Shakib Al Hasan alleging sexual harassment.,
