image_name,actual,prediction,confidence,reason
CH_01_BIZ_071.jpg,Real,Real,0.19,"The visual/template consistency, language quality, and factual plausibility all align with professional news outlet standards."
CH_01_BIZ_079.jpg,Real,Real,0.27,"The visual/template consistency, language quality, and factual plausibility all align with professional news outlet standards."
CH_01_BIZ_111.jpg,Real,Real,0.32,"The visual/template consistency, language quality, and factual plausibility all align with professional news outlet standards."
CH_01_BIZ_115.jpg,Real,Real,0.21,"The visual/template consistency, language quality, and factual plausibility align with professional news outlets' typical publishing style."
CH_01_BIZ_124.jpg,Real,Real,0.22,"The visual/template consistency, language quality, and factual plausibility align with professional news outlets' typical style."
CH_01_BIZ_127.jpg,Real,Real,0.22,"The visual/template consistency, language quality, and factual plausibility align with professional news outlets' typical style."
CH_01_BIZ_149.jpg,Real,Real,0.23,"The visual/template consistency, language quality, and factual plausibility all align with professional news outlet standards."
CH_01_BIZ_165.jpg,Real,Real,0.33,"The image appears to be from a professional news outlet, as indicated by the logo and branding in the top right corner. The text is written in standard Bangla editorial style, and there are no signs of digital editing or manipulation visible."
CH_01_CRM_006.jpg,Real,Real,0.18,"The visual/template consistency, language quality, and factual plausibility align with professional news outlets' typical style."
CH_01_CRM_022.jpg,Real,Real,0.27,"The visual/template consistency, language quality, and factual plausibility align with professional news outlets' typical style."
CH_01_CRM_085.jpg,Real,Real,0.3,"The visual/template consistency, language quality, and factual plausibility align with professional news outlets' typical publishing style."
CH_01_CRM_095.jpg,Real,Real,0.33,"The visual/template consistency, language quality, and factual plausibility align with professional news outlets' typical style."
CH_01_CRM_134.jpg,Real,Real,0.34,"The visual/template consistency, language quality, and factual plausibility all align with professional news outlet standards."
CH_01_CRM_158.jpg,Real,Real,0.17,"The visual/template consistency, language quality, and factual plausibility align with professional news outlets' typical publishing style."
CH_01_CRM_161.jpg,Real,Real,0.22,"The visual/template consistency, language quality, and factual plausibility align with professional news outlets' typical publishing style."
CH_01_CRM_181.jpg,Real,Real,0.28,"The visual/template consistency, language quality, and factual plausibility align with professional news outlets' typical style."
CH_01_DIS_101.jpg,Real,Real,0.26,"The visual/template consistency, language quality, and factual plausibility all align with professional news outlet standards."
CH_01_DIS_104.jpg,Real,Real,0.29,"The visual/template consistency, language quality, and factual plausibility align with professional news outlets' typical style."
CH_01_DIS_110.jpg,Real,Real,0.28,"The visual/template consistency, language quality, and factual plausibility align with professional news outlets' typical style."
CH_01_DIS_121.jpg,Real,Real,0.18,"The image appears to be a screenshot from Channel 24, as indicated by the logo and branding in the top right corner. The text is written in standard Bangla editorial style, and there are no visible signs of digital editing or manipulation."
CH_01_DIS_128.jpg,Real,Real,0.28,"The visual/template consistency, language quality, and factual plausibility align with professional news outlets' typical publishing style."
CH_01_DIS_136.jpg,Real,Real,0.18,"The image appears to be a screenshot from Channel 24, as indicated by the logo and branding in the top right corner. The text is written in standard Bangla editorial style, and there are no visible signs of digital editing or manipulation."
CH_01_DIS_173.jpg,Real,Real,0.16,"The visual/template consistency, language quality, and factual plausibility all align with professional news outlet standards."
CH_01_ENT_027.jpg,Real,Real,0.25,"The visual/template consistency, language quality, and factual plausibility all align with professional news outlet standards."
CH_01_ENT_088.jpg,Real,Real,0.17,"The visual/template consistency, language quality, and factual plausibility all align with professional news outlet standards."
CH_01_ENT_099.jpg,Real,Real,0.21,"The visual/template consistency, language quality, and factual plausibility all align with professional news outlet standards."
CH_01_ENT_135.jpg,Real,Real,0.17,"The visual/template consistency, language quality, and factual plausibility align with professional news outlets' typical style."
CH_01_ENT_147.jpg,Real,Real,0.16,"The visual/template consistency, language quality, and factual plausibility align with professional news outlets' typical style."
CH_01_ENT_159.jpg,Real,Real,0.26,"The visual/template consistency, language quality, and factual plausibility all align with professional news outlet standards."
CH_01_ENT_172.jpg,Real,Real,0.2,"The visual/template consistency, language quality, and factual plausibility all align with professional news outlet standards."
CH_01_HLT_004.jpg,Real,Real,0.32,"The visual/template consistency, language quality, and factual plausibility all align with professional news outlet standards."
CH_01_HLT_018.jpg,Real,Real,0.34,"The visual/template consistency, language quality, and factual/content plausibility all align with professional news outlet standards."
CH_01_HLT_034.jpg,Real,Real,0.22,"The visual/template consistency, language quality, and factual plausibility all align with professional news outlet standards."
CH_01_HLT_038.jpg,Real,Real,0.2,"The visual/template consistency, language quality, and factual plausibility all align with professional news outlet standards."
CH_01_HLT_094.jpg,Real,Real,0.17,"The visual/template consistency, language quality, and factual plausibility all align with professional news outlet standards."
CH_01_HLT_098.jpg,Real,Real,0.33,"The visual/template consistency, language quality, and factual plausibility align with professional news outlets' typical style."
CH_01_HLT_109.jpg,Real,Real,0.28,"The visual/template consistency, language quality, and factual plausibility all align with professional news outlet standards."
CH_01_HLT_113.jpg,Real,Real,0.19,"The visual/template consistency, language quality, and factual plausibility all align with professional news outlet standards."
CH_01_HLT_116.jpg,Real,Real,0.23,"The visual/template consistency, language quality, and factual plausibility all align with professional news outlet standards."
CH_01_HLT_138.jpg,Real,Real,0.27,"The visual/template consistency, language quality, and factual plausibility all align with professional news outlet standards."
CH_01_HLT_145.jpg,Real,Real,0.31,"The visual/template consistency, language quality, and factual plausibility all align with professional news outlet standards."
CH_01_HLT_150.jpg,Real,Real,0.16,"The visual/template consistency, language quality, and factual plausibility all align with professional news outlet standards."
CH_01_HLT_176.jpg,Real,Real,0.3,"The visual/template consistency, language quality, and factual plausibility all align with professional news outlet standards."
CH_01_HLT_182.jpg,Real,Real,0.29,"The visual/template consistency, language quality, and factual/content plausibility all align with professional news outlets' typical style."
CH_01_INT_036.jpg,Real,Real,0.28,"The visual/template consistency, language quality, and factual plausibility align with professional news outlets' typical publishing style."
CH_01_INT_048.jpg,Real,Fake,0.41,"The headline and image content appear to be unrelated, suggesting a fabricated news story. The date is also inconsistent with any known aviation incidents."
CH_01_INT_065.jpg,Real,Real,0.21,"The visual/template consistency, language quality, and factual plausibility align with professional news outlets' typical publishing style."
CH_01_INT_092.jpg,Real,Real,0.15,"The image appears to be from a professional news outlet, as indicated by the logo and branding on the podium. The text is written in standard Bangla editorial style without any obvious signs of digital manipulation or clickbait tone."
CH_01_INT_120.jpg,Real,Fake,0.43,"The text appears to be in a non-standard Bangla script, and the date format (15 September 2024) is unusual for Bangladesh news outlets."
CH_01_INT_123.jpg,Real,Real,0.32,"The visual/template consistency, language quality, and factual plausibility all align with professional news outlet standards."
CH_01_INT_141.jpg,Real,Real,0.18,"The visual/template consistency, language quality, and factual plausibility align with professional news outlets' typical style."
CH_01_INT_152.jpg,Real,Fake,0.43,"The image appears to be digitally manipulated, as evidenced by the mismatched fonts and colors in the text overlay, which is inconsistent with professional news outlet styles."
CH_01_INT_155.jpg,Real,Real,0.23,"The visual/template consistency, language quality, and factual plausibility align with professional news outlets' typical publishing style."
CH_01_INT_170.jpg,Real,Real,0.16,"The visual/template consistency, language quality, and factual plausibility all align with professional news outlet standards without any obvious signs of digital manipulation or anachronistic claims."
CH_01_INT_174.jpg,Real,Fake,0.53,"The image appears to be digitally manipulated, as evidenced by the mismatched fonts and colors in the text elements, which are inconsistent with professional news outlet styles."
CH_01_INT_186.jpg,Real,Fake,0.55,"The date (02 August 2025) is anachronistic, as it appears to be a future date and contradicts known historical events in Gaza."
CH_01_POL_019.jpg,Real,Real,0.22,"The photocard appears to be from a real news outlet, as indicated by the logo and branding consistent with Channel24's style. The text is written in standard Bangla editorial style without any obvious signs of digital manipulation or clickbait."
CH_01_POL_064.jpg,Real,Real,0.3,"The photocard appears to be from a real news outlet, as indicated by the logo and branding consistent with Channel24BD's style. The text is written in standard Bangla editorial style without any obvious signs of digital manipulation or clickbait."
CH_01_POL_087.jpg,Real,Real,0.21,"The photocard appears to be from a real news outlet, as indicated by the logo and branding consistent with known outlets in Bangladesh. The text is written in standard Bangla editorial style without any obvious signs of digital manipulation or clickbait."
CH_01_POL_132.jpg,Real,Real,0.34,"The visual/template consistency, language quality, and factual plausibility align with professional news outlets' typical publishing style."
CH_01_SPT_008.jpg,Real,Real,0.33,"The visual/template consistency, language quality, and factual plausibility align with professional news outlets' typical style."
CH_01_SPT_086.jpg,Real,Real,0.25,"The visual/template consistency, language quality, and factual plausibility align with professional news outlets' typical style."
CH_01_SPT_112.jpg,Real,Real,0.3,"The visual/template consistency, language quality, and factual plausibility align with professional news outlets' typical publishing style."
CH_01_SPT_157.jpg,Real,Real,0.32,"The visual/template consistency, language quality, and factual plausibility align with professional news outlets' typical style."
CH_01_SPT_178.jpg,Real,Real,0.25,"The visual/template consistency, language quality, and factual plausibility all align with professional news outlet standards."
DS_01_BIZ_008.jpg,Real,Real,0.33,"The visual/template consistency, language quality, and factual/content plausibility all align with professional news outlet standards."
DS_01_BIZ_013.jpg,Real,Real,0.23,"The visual/template consistency, language quality, and factual plausibility all align with professional news outlet standards."
DS_01_BIZ_020.jpg,Real,Real,0.16,"The visual/template consistency, language quality, and factual plausibility align with professional news outlets' typical style."
DS_01_BIZ_027.jpg,Real,Real,0.29,"The visual/template consistency, language quality, and factual plausibility all align with professional news outlet standards."
DS_01_BIZ_032.jpg,Real,Real,0.25,"The visual/template consistency, language quality, and factual plausibility all align with professional news outlet standards."
DS_01_BIZ_081.jpg,Real,Real,0.3,"The visual/template consistency, language quality, and factual plausibility all align with professional news outlet standards."
DS_01_BIZ_117.jpg,Real,Real,0.15,"The visual/template consistency, language quality, and factual plausibility all align with professional news outlets' typical publishing style."
DS_01_BIZ_127.jpg,Real,Real,0.35,"The visual/template consistency, language quality, and factual plausibility align with professional news outlets' typical style."
DS_01_BIZ_151.jpg,Real,Real,0.22,"The visual/template consistency, language quality, and factual plausibility align with professional news outlets' typical style."
DS_01_CRM_003.jpg,Real,Real,0.17,"The visual/template consistency, language quality, and factual plausibility all align with professional news outlet standards."
DS_01_CRM_046.jpg,Real,Real,0.24,"The visual/template consistency, language quality, and factual plausibility all align with professional news outlet standards."
DS_01_CRM_049.jpg,Real,Real,0.24,"The visual/template consistency, language quality, and factual plausibility align with professional news outlets' typical publishing style."
DS_01_CRM_050.jpg,Real,Real,0.35,"The visual/template consistency, language quality, and factual plausibility align with professional news outlets' typical publishing style."
DS_01_CRM_055.jpg,Real,Real,0.15,"The visual/template consistency, language quality, and factual plausibility all align with professional news outlet standards."
DS_01_CRM_056.jpg,Real,Real,0.28,"The visual/template consistency, language quality, and factual plausibility all align with professional news outlet standards."
DS_01_CRM_070.jpg,Real,Real,0.25,"The visual/template consistency, language quality, and factual plausibility align with professional news outlets' typical publishing style."
DS_01_CRM_110.jpg,Real,Real,0.31,"The visual/template consistency, language quality, and factual plausibility align with professional news outlets' typical publishing style."
DS_01_DIS_018.jpg,Real,Real,0.21,"The visual/template consistency, language quality, and factual plausibility align with professional news outlets' typical publishing style."
DS_01_DIS_082.jpg,Real,Fake,0.5,"The text appears to be written in a non-standard, informal style typical of clickbait or fabricated content rather than professional news writing."
DS_01_DIS_135.jpg,Real,Real,0.17,"The visual/template consistency, language quality, and factual plausibility all align with professional news outlet standards."
DS_01_ENT_006.jpg,Real,Real,0.24,"The visual/template consistency, language quality, and factual plausibility all align with professional news outlet standards."
DS_01_ENT_019.jpg,Real,Real,0.17,"The visual/template consistency, language quality, and factual plausibility align with professional news outlets' typical style."
DS_01_ENT_033.jpg,Real,Real,0.3,"The visual/template consistency, language quality, and factual plausibility all align with professional news outlet standards."
DS_01_ENT_034.jpg,Real,Real,0.21,"The visual/template consistency, language quality, and factual plausibility all align with professional news outlet standards."
DS_01_ENT_039.jpg,Real,Real,0.33,"The photocard appears to be from a real news outlet, as indicated by the logo and branding consistent with known outlets in Bangladesh. The text is written in standard Bangla editorial style without any obvious signs of digital manipulation or clickbait."
DS_01_ENT_057.jpg,Real,Real,0.25,"The visual/template consistency, language quality, and factual plausibility all align with professional news outlet standards."
DS_01_HLT_015.jpg,Real,Real,0.16,"The visual/template consistency, language quality, and factual plausibility all align with professional news outlet standards."
DS_01_HLT_023.jpg,Real,Real,0.16,"The visual/template consistency, language quality, and factual plausibility all align with professional news outlet standards."
DS_01_HLT_043.jpg,Real,Real,0.16,"The visual/template consistency, language quality, and factual plausibility all align with professional news outlet standards."
DS_01_HLT_099.jpg,Real,Real,0.34,"The text appears to be written in a professional style, and the image elements are consistent with those typically used by news outlets for health or fitness-related content."
DS_01_HLT_100.jpg,Real,Real,0.3,"The text appears to be written in standard Bangla editorial style, and there are no obvious signs of digital editing or manipulation that would suggest the image is fake."
DS_01_HLT_136.jpg,Real,Real,0.24,"The visual/template consistency, language quality, and factual plausibility all align with professional news outlet standards."
DS_01_HLT_139.jpg,Real,Real,0.25,"The visual/template consistency, language quality, and factual plausibility all align with professional news outlet standards."
DS_01_INT_002.jpg,Real,Fake,0.46,"The text appears to be in a style typical of clickbait or sensationalist news, and there is no visible URL or domain that can be verified for authenticity."
DS_01_INT_009.jpg,Real,Real,0.21,"The visual/template consistency, language quality, and factual plausibility all align with professional news outlet standards."
DS_01_INT_010.jpg,Real,Real,0.32,"The visual/template consistency, language quality, and factual plausibility all align with professional news outlet standards."
DS_01_INT_021.jpg,Real,Real,0.28,"The visual/template consistency, language quality, and factual plausibility align with professional news outlets' typical style."
DS_01_INT_042.jpg,Real,Fake,0.52,"The headline and text appear to be a fabricated news item, as there is no credible source or context provided that aligns with the described event. The image itself does not provide any additional evidence of authenticity."
DS_01_INT_048.jpg,Real,Real,0.32,"The visual/template consistency, language quality, and factual plausibility all align with professional news outlet standards."
DS_01_INT_054.jpg,Real,Real,0.25,"The visual/template consistency, language quality, and factual plausibility align with professional news outlets' typical publishing style."
DS_01_INT_116.jpg,Real,Real,0.26,"The visual/template consistency, language quality, and factual plausibility align with professional news outlets' typical style."
DS_01_INT_122.jpg,Real,Real,0.28,"The visual/template consistency, language quality, and factual plausibility all align with professional news outlet standards."
DS_01_INT_150.jpg,Real,Real,0.15,"The visual/template consistency, language quality, and factual plausibility all align with professional news outlet standards."
DS_01_POL_035.jpg,Real,Real,0.35,"The visual/template consistency, language quality, and factual plausibility all align with professional news outlet standards."
DS_01_POL_065.jpg,Real,Real,0.24,"The visual/template consistency, language quality, and factual plausibility align with professional news outlets' typical publishing style."
DS_01_POL_108.jpg,Real,Real,0.27,"The image appears professionally edited with consistent fonts and layout, and the Bangla text is written in a standard editorial style without any unnatural phrasing or clickbait tone."
DS_01_POL_112.jpg,Real,Real,0.34,"The visual/template consistency, language quality, and factual plausibility all align with professional news outlet standards."
DS_01_SPT_036.jpg,Real,Real,0.31,"The visual/template consistency, language quality, and factual plausibility all align with professional news outlet standards."
DS_01_SPT_038.jpg,Real,Real,0.27,"The visual/template consistency, language quality, and factual plausibility all align with professional news outlet standards."
DS_01_SPT_089.jpg,Real,Real,0.27,"The visual/template consistency, language quality, and factual plausibility all align with professional news outlet standards."
DS_01_SPT_091.jpg,Real,Fake,0.54,"The text in Bangla appears to be a clickbait headline, lacking professional editorial style and factual content plausibility."
DS_01_SPT_123.jpg,Real,Real,0.24,"The visual/template consistency, language quality, and factual plausibility align with professional news outlets' typical style."
DS_01_SPT_160.jpg,Real,Real,0.3,"The visual/template consistency, language quality, and factual plausibility align with professional news outlets' typical style."
IT_01_BIZ_023.jpg,Real,Real,0.27,"The visual/template consistency, language quality, and factual plausibility align with professional news outlets' typical style."
IT_01_BIZ_031.jpg,Real,Real,0.22,"The visual/template consistency, language quality, and factual plausibility align with professional news outlets' typical style."
IT_01_BIZ_039.jpg,Real,Real,0.21,"The visual/template consistency, language quality, and factual plausibility all align with professional news outlets' typical publishing style."
IT_01_BIZ_046.jpg,Real,Real,0.22,"The visual/template consistency, language quality, and factual plausibility all align with professional news outlet standards."
IT_01_BIZ_064.jpg,Real,Real,0.23,"The visual/template consistency, language quality, and factual plausibility all align with professional news outlet standards."
IT_01_BIZ_099.jpg,Real,Real,0.29,"The image appears to be from a professional news outlet, as indicated by the logo and layout consistency with typical news publications."
IT_01_BIZ_100.jpg,Real,Real,0.24,"The visual/template consistency, language quality, and factual plausibility align with professional news outlets' typical style."
IT_01_BIZ_150.jpg,Real,Real,0.31,"The visual/template consistency, language quality, and factual plausibility align with professional news outlets' typical publishing style."
IT_01_BIZ_186.jpg,Real,Real,0.22,"The visual/template consistency, language quality, and factual plausibility all align with professional news outlet standards."
IT_01_BIZ_196.jpg,Real,Real,0.26,"The visual/template consistency, language quality, and factual plausibility align with professional news outlets' typical style."
IT_01_BIZ_199.jpg,Real,Real,0.25,"The visual/template consistency, language quality, and factual plausibility all align with professional news outlet standards."
IT_01_BIZ_208.jpg,Real,Real,0.18,"The visual/template consistency, language quality, and factual plausibility all align with professional news outlets' typical publishing style."
IT_01_CRM_030.jpg,Real,Real,0.29,"The visual/template consistency, language quality, and factual plausibility align with professional news outlets' typical style."
IT_01_CRM_033.jpg,Real,Real,0.15,"The visual/template consistency, language quality, and factual plausibility align with professional news outlets' typical style."
IT_01_CRM_040.jpg,Real,Real,0.24,"The visual/template consistency, language quality, and factual plausibility all align with professional news outlets' typical publishing style."
IT_01_CRM_061.jpg,Real,Real,0.28,"The visual/template consistency, language quality, and factual plausibility all align with professional news outlet standards."
IT_01_CRM_085.jpg,Real,Real,0.28,"The visual/template consistency, language quality, and factual plausibility align with professional news outlets' typical style."
IT_01_CRM_116.jpg,Real,Real,0.16,"The visual/template consistency, language quality, and factual plausibility align with professional news outlets' typical publishing style."
IT_01_CRM_120.jpg,Real,Real,0.3,"The visual/template consistency, language quality, and factual plausibility align with professional news outlets' typical publishing style."
IT_01_CRM_131.jpg,Real,Real,0.27,"The visual/template consistency, language quality, and factual plausibility align with professional news outlets' typical publishing style."
IT_01_CRM_134.jpg,Real,Real,0.23,"The visual/template consistency, language quality, and factual plausibility align with professional news outlets' typical publishing style."
IT_01_CRM_140.jpg,Real,Real,0.22,"The visual/template consistency, language quality, and factual plausibility align with professional news outlets' typical publishing style."
IT_01_CRM_145.jpg,Real,Real,0.34,"The visual/template consistency, language quality, and factual plausibility align with professional news outlets' typical publishing style."
IT_01_CRM_153.jpg,Real,Real,0.3,"The visual/template consistency, language quality, and factual plausibility all align with professional news outlet standards."
IT_01_CRM_159.jpg,Real,Real,0.29,"The visual/template consistency, language quality, and factual plausibility all align with professional news outlets' typical style."
IT_01_CRM_169.jpg,Real,Real,0.27,"The visual/template consistency, language quality, and factual plausibility align with professional news outlets' typical publishing style."
IT_01_CRM_174.jpg,Real,Real,0.21,"The visual/template consistency, language quality, and factual plausibility align with professional news outlets' typical style."
IT_01_CRM_178.jpg,Real,Real,0.16,"The visual/template consistency, language quality, and factual plausibility all align with professional news outlet standards."
IT_01_CRM_183.jpg,Real,Real,0.24,"The visual/template consistency, language quality, and factual plausibility all align with a professional news outlet's style without any obvious signs of digital manipulation or anachronistic elements."
IT_01_CRM_187.jpg,Real,Real,0.25,"The visual/template consistency, language quality, and factual plausibility all align with professional news outlets' typical publishing style."
IT_01_CRM_190.jpg,Real,Real,0.27,"The visual/template consistency, language quality, and factual plausibility align with professional news outlets' typical publishing style."
IT_01_CRM_207.jpg,Real,Real,0.34,"The visual/template consistency, language quality, and factual plausibility align with professional news outlets' typical publishing style."
IT_01_CRM_221.jpg,Real,Real,0.27,"The visual/template consistency, language quality, and factual plausibility align with professional news outlets' typical publishing style."
IT_01_CRM_226.jpg,Real,Real,0.33,"The visual/template consistency, language quality, and factual plausibility all align with professional news outlets' typical publishing style."
IT_01_DIS_012.jpg,Real,Real,0.24,"The visual/template consistency, language quality, and factual plausibility align with typical professional news outlets' style."
IT_01_DIS_068.jpg,Real,Real,0.25,"The visual/template consistency, language quality, and factual plausibility all align with professional news outlet standards."
IT_01_DIS_084.jpg,Real,Real,0.2,"The visual/template consistency, language quality, and factual plausibility align with professional news outlets' typical style."
IT_01_DIS_089.jpg,Real,Real,0.29,"The image appears to be from a professional news outlet, as indicated by the logo and layout consistency with typical news publications."
IT_01_DIS_091.jpg,Real,Real,0.29,"The visual/template consistency, language quality, and factual plausibility all align with professional news outlet standards."
IT_01_DIS_125.jpg,Real,Real,0.28,"The visual/template consistency, language quality, and factual plausibility all align with professional news outlet standards."
IT_01_DIS_137.jpg,Real,Real,0.33,"The visual/template consistency, language quality, and factual plausibility align with professional news outlets' typical publishing style."
IT_01_DIS_142.jpg,Real,Real,0.18,"The visual/template consistency, language quality, and factual plausibility align with professional news outlets' typical publishing style."
IT_01_DIS_154.jpg,Real,Real,0.22,"The visual/template consistency, language quality, and factual plausibility align with professional news outlets' typical publishing style."
IT_01_DIS_175.jpg,Real,Real,0.2,"The visual/template consistency, language quality, and factual plausibility align with professional news outlets' typical style."
IT_01_DIS_185.jpg,Real,Real,0.29,"The visual/template consistency, language quality, and factual plausibility align with professional news outlets' typical publishing style."
IT_01_DIS_191.jpg,Real,Real,0.27,"The visual/template consistency, language quality, and factual plausibility align with professional news outlets' typical style."
IT_01_DIS_198.jpg,Real,Real,0.23,"The visual/template consistency, language quality, and factual plausibility align with professional news outlets' typical style."
IT_01_DIS_211.jpg,Real,Real,0.21,"The visual/template consistency, language quality, and factual plausibility all align with professional news outlet standards."
IT_01_DIS_222.jpg,Real,Real,0.19,"The visual/template consistency, language quality, and factual plausibility align with professional news outlets' typical publishing style."
IT_01_ENT_013.jpg,Real,Real,0.33,"The visual/template consistency, language quality, and factual plausibility all align with professional news outlet standards."
IT_01_ENT_050.jpg,Real,Real,0.27,"The visual/template consistency, language quality, and factual plausibility all align with professional news outlet standards."
IT_01_ENT_054.jpg,Real,Real,0.28,"The visual/template consistency, language quality, and factual plausibility align with professional news outlets' typical style."
IT_01_ENT_056.jpg,Real,Real,0.27,"The visual/template consistency, language quality, and factual plausibility all align with a professional news outlet's style."
IT_01_ENT_058.jpg,Real,Real,0.15,"The visual/template consistency, language quality, and factual plausibility align with professional news outlets' typical publishing style."
IT_01_ENT_082.jpg,Real,Real,0.31,"The visual/template consistency, language quality, and factual plausibility align with professional news outlets' typical style."
IT_01_ENT_132.jpg,Real,Real,0.32,"The visual/template consistency, language quality, and factual plausibility align with professional news outlets' typical style."
IT_01_ENT_138.jpg,Real,Real,0.16,"The visual/template consistency, language quality, and factual plausibility align with professional news outlets' typical style."
IT_01_ENT_156.jpg,Real,Real,0.32,"The visual/template consistency, language quality, and factual plausibility all align with professional news outlet standards."
IT_01_ENT_168.jpg,Real,Real,0.28,"The visual/template consistency, language quality, and factual plausibility all align with professional news outlets' typical publishing style."
IT_01_ENT_171.jpg,Real,Real,0.19,"The visual/template consistency, language quality, and factual plausibility all align with professional news outlets' typical publishing style."
IT_01_ENT_195.jpg,Real,Real,0.2,"The visual/template consistency, language quality, and factual plausibility all align with professional news outlets' typical publishing style."
IT_01_ENT_197.jpg,Real,Real,0.16,"The visual/template consistency, language quality, and factual plausibility align with professional news outlets' typical style."
IT_01_ENT_204.jpg,Real,Real,0.32,"The visual/template consistency, language quality, and factual plausibility align with professional news outlets' typical style."
IT_01_ENT_205.jpg,Real,Real,0.16,"The visual/template consistency, language quality, and factual plausibility all align with professional news outlet standards."
IT_01_HLT_034.jpg,Real,Real,0.23,"The visual/template consistency, language quality, and factual plausibility align with professional news outlets' typical publishing style."
IT_01_HLT_042.jpg,Real,Real,0.34,"The visual/template consistency, language quality, and factual plausibility all align with professional news outlet standards."
IT_01_HLT_047.jpg,Real,Real,0.34,"The visual/template consistency, language quality, and factual plausibility all align with professional news outlets' typical publishing style."
IT_01_HLT_057.jpg,Real,Real,0.34,"The visual/template consistency, language quality, and factual plausibility all align with professional news outlet standards."
IT_01_HLT_093.jpg,Real,Real,0.19,"The visual/template consistency, language quality, and factual plausibility align with professional news outlets' typical publishing style."
IT_01_HLT_110.jpg,Real,Real,0.26,"The visual/template consistency, language quality, and factual plausibility align with professional news outlets' typical publishing style."
IT_01_HLT_130.jpg,Real,Real,0.28,"The visual/template consistency, language quality, and factual plausibility all align with professional news outlet standards."
IT_01_HLT_135.jpg,Real,Real,0.35,"The visual/template consistency, language quality, and factual plausibility all align with professional news outlet standards."
IT_01_HLT_149.jpg,Real,Real,0.32,"The visual/template consistency, language quality, and factual plausibility align with professional news outlets' typical publishing style."
IT_01_HLT_218.jpg,Real,Real,0.15,"The visual/template consistency, language quality, and factual plausibility align with professional news outlets' typical style."
IT_01_HLT_229.jpg,Real,Real,0.31,"The visual/template consistency, language quality, and factual plausibility align with professional news outlets' typical publishing style."
IT_01_HLT_238.jpg,Real,Real,0.2,"The visual/template consistency, language quality, and factual plausibility align with professional news outlets' typical style."
IT_01_HLT_241.jpg,Real,Real,0.31,"The visual/template consistency, language quality, and factual plausibility align with professional news outlets' typical style."
IT_01_HLT_249.jpg,Real,Real,0.34,"The visual/template consistency, language quality, and factual plausibility all align with professional news outlet standards."
IT_01_INT_003.jpg,Real,Real,0.34,"The visual/template consistency, language quality, and factual plausibility align with professional news outlets' typical publishing style."
IT_01_INT_025.jpg,Real,Real,0.24,"The visual/template consistency, language quality, and factual plausibility all align with professional news outlet standards."
IT_01_INT_048.jpg,Real,Real,0.26,"The visual/template consistency, language quality, and factual plausibility align with typical professional news outlets' style without any obvious signs of digital manipulation or clickbait."
IT_01_INT_104.jpg,Real,Real,0.22,"The visual/template consistency, language quality, and factual plausibility align with professional news outlets' typical publishing style."
IT_01_INT_123.jpg,Real,Real,0.17,"The visual/template consistency, language quality, and factual plausibility align with professional news outlets' typical publishing style."
IT_01_INT_144.jpg,Real,Real,0.34,"The visual/template consistency, language quality, and factual plausibility align with a professional news outlet's style."
IT_01_INT_189.jpg,Real,Real,0.26,"The visual/template consistency, language quality, and factual plausibility align with professional news outlets' typical publishing style."
IT_01_INT_223.jpg,Real,Real,0.16,"The visual/template consistency, language quality, and factual plausibility align with professional news outlets' typical publishing style."
IT_01_POL_005.jpg,Real,Real,0.29,"The visual/template consistency, language quality, and factual plausibility align with professional news outlets' typical style."
IT_01_POL_020.jpg,Real,Real,0.2,"The visual/template consistency, language quality, and factual plausibility align with professional news outlets' typical publishing style."
IT_01_POL_066.jpg,Real,Real,0.15,"The visual/template consistency, language quality, and factual plausibility all align with professional news outlet standards."
IT_01_POL_070.jpg,Real,Real,0.18,"The visual/template consistency, language quality, and factual plausibility align with professional news outlets' typical publishing style."
IT_01_POL_075.jpg,Real,Real,0.16,"The visual/template consistency, language quality, and factual plausibility all align with professional news outlet standards."
IT_01_POL_105.jpg,Real,Real,0.31,"The visual/template consistency, language quality, and factual plausibility all align with professional news outlet standards."
IT_01_POL_114.jpg,Real,Real,0.2,"The visual/template consistency, language quality, and factual plausibility align with professional news outlets' typical publishing style."
IT_01_POL_133.jpg,Real,Real,0.23,"The visual/template consistency, language quality, and factual plausibility align with professional news outlets' typical publishing style."
IT_01_POL_141.jpg,Real,Real,0.24,"The visual/template consistency, language quality, and factual plausibility align with professional news outlets' typical publishing style."
IT_01_POL_147.jpg,Real,Real,0.24,"The visual/template consistency, language quality, and factual plausibility align with professional news outlets' typical publishing style."
IT_01_POL_148.jpg,Real,Real,0.3,"The visual/template consistency, language quality, and factual plausibility all align with professional news outlet standards."
IT_01_POL_163.jpg,Real,Real,0.29,"The visual/template consistency, language quality, and factual plausibility all align with professional news outlet standards."
IT_01_POL_166.jpg,Real,Real,0.19,"The visual/template consistency, language quality, and factual plausibility all align with professional news outlets' typical publishing style."
IT_01_POL_172.jpg,Real,Real,0.29,"The visual/template consistency, language quality, and factual plausibility all align with professional news outlet standards."
IT_01_POL_173.jpg,Real,Real,0.16,"The visual/template consistency, language quality, and factual plausibility align with professional news outlets' typical publishing style."
IT_01_POL_188.jpg,Real,Real,0.16,"The visual/template consistency, language quality, and factual plausibility align with professional news outlets' typical style."
IT_01_POL_193.jpg,Real,Real,0.24,"The visual/template consistency, language quality, and factual plausibility align with professional news outlets' typical publishing style."
IT_01_SPT_096.jpg,Real,Real,0.34,"The visual/template consistency, language quality, and factual plausibility all align with professional news outlet standards."
IT_01_SPT_097.jpg,Real,Real,0.17,"The image appears to be a professional sports photograph, and the text is written in standard Bangla editorial style without any obvious signs of digital manipulation or clickbait tone."
JG_01_BIZ_003.jpg,Real,Fake,0.55,"The text appears to be written in a style typical of clickbait or sensationalist news, lacking professional editorial quality and plausibility for the claimed event."
JG_01_BIZ_015.jpg,Real,Real,0.17,"The visual/template consistency, language quality, and factual plausibility align with professional news outlets' typical publishing style."
JG_01_BIZ_045.jpg,Real,Real,0.22,"The visual/template consistency, language quality, and factual plausibility all align with professional news outlets' typical publishing style."
JG_01_CRM_032.jpg,Real,Real,0.3,"The visual/template consistency, language quality, and factual plausibility align with professional news outlets' typical publishing style."
JG_01_DIS_057.jpg,Real,Fake,0.53,"The text appears to be written in a non-standard, informal style typical of clickbait or fabricated content rather than professional news writing."
JG_01_ENT_055.jpg,Real,Real,0.35,"The visual/template consistency, language quality, and factual plausibility align with professional news outlets' typical style."
JG_01_HLT_007.jpg,Real,Real,0.26,"The image appears to be a standard news photocard with professional formatting, consistent fonts and colors, and no visible signs of digital manipulation or editing."
JG_01_HLT_062.jpg,Real,Real,0.22,"The visual/template consistency, language quality, and factual plausibility align with professional news outlets' typical publishing style."
JG_01_HLT_130.jpg,Real,Real,0.23,"The image appears professionally designed with a consistent layout and font, suggesting it is from a reputable news outlet. The Bangla text is written in standard editorial style without any obvious signs of digital manipulation or clickbait."
JG_01_INT_006.jpg,Real,Fake,0.44,"The image appears to be digitally manipulated, as evidenced by the inconsistent font and color in the text section compared to the rest of the photocard."
JG_01_INT_041.jpg,Real,Fake,0.48,"The date '২৪ সেপ্টেম্বর ২০২৫' (September 24, 2025) is anachronistic and there's no credible evidence of Donald Trump receiving a Nobel Peace Prize in that year. The image also includes flags from countries not typically associated with the Nobel Peace Prize, which further suggests fabrication."
JG_01_POL_030.jpg,Real,Real,0.31,"The visual/template consistency, language quality, and factual plausibility align with professional news outlets' typical style."
JG_01_POL_035.jpg,Real,Real,0.31,"The visual/template consistency, language quality, and factual plausibility align with professional news outlets' typical style."
JG_01_POL_050.jpg,Real,Real,0.16,"The visual/template consistency, language quality, and factual plausibility all align with professional news outlets' typical publishing style."
JG_01_POL_066.jpg,Real,Real,0.23,"The text appears professionally written in standard Bangla, and the layout is consistent with a news outlet's style. The date and location are specific and plausible for an event."
JG_01_POL_068.jpg,Real,Real,0.23,"The visual/template consistency, language quality, and factual plausibility align with professional news outlets' typical style."
JG_01_SPT_002.jpg,Real,Real,0.22,"The visual/template consistency, language quality, and factual plausibility all align with professional news outlet standards."
JG_01_SPT_039.jpg,Real,Real,0.16,"The visual/template consistency, language quality, and factual plausibility align with professional news outlets' typical style."
JM_01_BIZ_083.jpg,Real,Real,0.18,"The visual/template consistency, language quality, and factual plausibility all align with a professional news outlet's style."
JM_01_BIZ_099.jpg,Real,Real,0.35,"The photocard appears to be from a real news outlet, as indicated by the consistent branding and professional layout. The Bangla text is written in standard editorial style without any unnatural phrasing or informal slang."
JM_01_BIZ_100.jpg,Real,Real,0.21,"The visual/template consistency, language quality, and factual plausibility all align with professional news outlet standards."
JM_01_CRM_064.jpg,Real,Real,0.3,"The visual/template consistency, language quality, and factual plausibility align with professional news outlets' typical publishing style."
JM_01_CRM_076.jpg,Real,Real,0.32,"The visual/template consistency, language quality, and factual plausibility all align with professional news outlet standards."
JM_01_CRM_122.jpg,Real,Real,0.25,"The visual/template consistency, language quality, and factual plausibility align with typical professional news outlets' style."
JM_01_DIS_073.jpg,Real,Fake,0.56,"The text appears to be in a non-standard Bangla script, and the date format (22 মে ২০২৬) is unusual for Bangladesh, suggesting it might be fabricated or incorrectly formatted."
JM_01_DIS_087.jpg,Real,Real,0.3,"The visual/template consistency, language quality, and factual plausibility align with professional news outlets' typical style."
JM_01_DIS_096.jpg,Real,Real,0.16,"The visual/template consistency, language quality, and factual plausibility align with typical professional news outlets' style."
JM_01_DIS_126.jpg,Real,Real,0.31,"The visual/template consistency, language quality, and factual plausibility all align with a professional news outlet's style without any obvious signs of digital manipulation or anachronistic claims."
JM_01_DIS_129.jpg,Real,Real,0.32,"The visual/template consistency, language quality, and factual plausibility all align with professional news outlets' typical publishing style."
JM_01_ENT_056.jpg,Real,Real,0.23,"The visual/template consistency, language quality, and factual/content plausibility all align with professional news outlet standards."
JM_01_ENT_070.jpg,Real,Real,0.35,"The visual/template consistency, language quality, and factual plausibility all align with professional news outlet standards."
JM_01_ENT_077.jpg,Real,Real,0.29,"The visual/template consistency, language quality, and factual plausibility all align with professional news outlet standards without any obvious signs of digital manipulation or anachronistic elements."
JM_01_ENT_097.jpg,Real,Real,0.16,"The image appears to be a professional news outlet's style, with consistent fonts and layout. The Bangla text is written in standard editorial style without any unnatural phrasing or clickbait tone."
JM_01_ENT_102.jpg,Real,Real,0.34,"The photocard appears professionally formatted with consistent branding, and the Bangla text is written in a standard editorial style without any obvious signs of digital manipulation or clickbait tone."
JM_01_ENT_103.jpg,Real,Fake,0.53,"The text appears to be a fabricated headline, as it mentions an event that is not plausible or known in real life (a FIFA World Cup performance by Shakira and Lisa). The visual elements also seem inconsistent with professional news outlet standards."
JM_01_ENT_123.jpg,Real,Real,0.33,"The visual/template consistency, language quality, and factual plausibility align with professional news outlets' typical publishing style."
JM_01_ENT_133.jpg,Real,Fake,0.42,"The image appears to be digitally manipulated, as evidenced by the mismatched fonts and color patches around text elements."
JM_01_ENT_136.jpg,Real,Real,0.24,"The visual/template consistency, language quality, and factual plausibility all align with professional news outlet standards."
JM_01_HLT_074.jpg,Real,Real,0.18,"The visual/template consistency, language quality, and factual plausibility align with professional news outlets' typical style."
JM_01_HLT_082.jpg,Real,Real,0.15,"The visual/template consistency, language quality, and factual plausibility all align with professional news outlets' typical style."
JM_01_HLT_085.jpg,Real,Real,0.27,"The visual/template consistency, language quality, and factual plausibility align with professional news outlets' typical style."
JM_01_HLT_090.jpg,Real,Real,0.16,"The photocard's branding, logo, and text style are consistent with Jamuna TV's typical news format. The date and content align logically within the context of public health announcements."
JM_01_HLT_094.jpg,Real,Real,0.29,"The photocard appears to be from a real news outlet, as indicated by the Jamuna TV branding and website URL. The text is written in standard Bangla editorial style, and there are no signs of digital editing or manipulation."
JM_01_HLT_111.jpg,Real,Real,0.23,"The photocard's design, logo, and text style are consistent with professional news outlets in Bangladesh. The date and content appear plausible based on general knowledge of health statistics."
JM_01_HLT_124.jpg,Real,Real,0.2,"The visual/template consistency, language quality, and factual/content plausibility all align with professional news outlets' typical publishing style."
JM_01_INT_079.jpg,Real,Real,0.31,"The visual/template consistency, language quality, and factual plausibility align with professional news outlets' typical style."
JM_01_INT_091.jpg,Real,Fake,0.55,"The headline mentions a specific event and date that does not align with known historical events, making it unlikely to be real."
JM_01_INT_105.jpg,Real,Fake,0.56,"The headline and date appear to be fabricated, as there is no credible news source reporting such an event on June 11, 2026."
JM_01_INT_107.jpg,Real,Real,0.19,"The visual/template consistency, language quality, and factual plausibility align with a professional news outlet's style without any obvious signs of digital manipulation or anachronistic claims."
JM_01_INT_112.jpg,Real,Real,0.2,"The visual/template consistency, language quality, and factual plausibility all align with professional news outlet standards."
JM_01_INT_117.jpg,Real,Fake,0.48,"The image appears to be digitally manipulated, as evidenced by the mismatched fonts and color patches around the text, which are inconsistent with professional news outlet publishing styles."
JM_01_INT_131.jpg,Real,Fake,0.41,"The image appears to be digitally manipulated, as evidenced by the inconsistent font and color in the text overlay, which is not typical of professional news outlets."
JM_01_INT_143.jpg,Real,Real,0.25,"The visual/template consistency, language quality, and factual plausibility align with a professional news outlet's style."
JM_01_POL_086.jpg,Real,Real,0.33,"The photocard appears to be from a real news outlet, as indicated by the consistent branding and professional layout. The Bangla text is written in standard editorial style without any unnatural phrasing or informal slang."
JM_01_POL_119.jpg,Real,Real,0.34,"The photocard appears to be from a real news outlet, as indicated by the Jamuna TV branding and website URL. The text is written in standard Bangla editorial style, and there are no signs of digital editing or manipulation."
JM_01_POL_120.jpg,Real,Real,0.31,"The visual/template consistency, language quality, and factual plausibility all align with professional news outlet standards."
JM_01_SPT_054.jpg,Real,Real,0.16,"The visual/template consistency, language quality, and factual plausibility align with professional news outlets' typical style."
JM_01_SPT_065.jpg,Real,Real,0.33,"The photocard appears to be from a real news outlet, as indicated by the consistent branding and professional layout. The Bangla text is written in standard editorial style without any unnatural phrasing or informal slang."
JM_01_SPT_101.jpg,Real,Real,0.19,"The visual/template consistency, language quality, and factual plausibility align with a professional news outlet's style without any obvious signs of digital editing or manipulation."
JM_01_SPT_104.jpg,Real,Fake,0.53,"The Bangla text appears to be a clickbait headline, inconsistent with professional news writing style and factual content plausibility."
JM_01_SPT_109.jpg,Real,Real,0.27,"The visual/template consistency, language quality, and factual plausibility align with professional news outlets' typical publishing style."
JM_01_SPT_127.jpg,Real,Real,0.18,"The photocard appears to be from a real news outlet, Jamuna TV, as indicated by its logo and branding on the bottom of the image. The text is written in standard Bangla editorial style without any obvious signs of digital manipulation or clickbait tone."
JM_01_SPT_132.jpg,Real,Real,0.18,"The visual/template consistency, language quality, and factual plausibility align with professional news outlets' typical style."
JM_01_SPT_137.jpg,Real,Real,0.26,"The photocard appears to be from a real news outlet, as indicated by the consistent branding and professional layout. The Bangla text is written in standard editorial style without any unnatural phrasing or clickbait tone."
KK_01_BIZ_093.jpg,Real,Real,0.22,"The visual/template consistency, language quality, and factual plausibility align with professional news outlets' typical style."
KK_01_CRM_008.jpg,Real,Real,0.28,"The visual/template consistency, language quality, and factual plausibility all align with professional news outlet standards."
KK_01_CRM_055.jpg,Real,Real,0.24,"The visual/template consistency, language quality, and factual plausibility align with a professional news outlet's style."
KK_01_CRM_085.jpg,Real,Real,0.2,"The visual/template consistency, language quality, and factual plausibility all align with a professional news outlet's style without any obvious signs of digital manipulation or fabrication."
KK_01_DIS_013.jpg,Real,Real,0.22,"The visual/template consistency, language quality, and factual plausibility align with professional news outlets' typical publishing style."
KK_01_DIS_018.jpg,Real,Real,0.22,"The visual/template consistency, language quality, and factual plausibility all align with a professional news outlet's style without any obvious signs of digital manipulation or anachronistic elements."
KK_01_DIS_162.jpg,Real,Real,0.2,"The visual/template consistency, language quality, and factual plausibility align with professional news outlets' typical publishing style."
KK_01_ENT_072.jpg,Real,Real,0.3,"The visual/template consistency, language quality, and factual plausibility all align with professional news outlet standards."
KK_01_ENT_113.jpg,Real,Real,0.28,"The text appears professionally written in Bangla, and there are no visible signs of digital manipulation or inconsistencies that would suggest fake content."
KK_01_ENT_136.jpg,Real,Real,0.24,"The text appears professionally written in standard Bangla, and there are no visible signs of digital manipulation or inconsistency with a professional news outlet's style."
KK_01_ENT_216.jpg,Real,Real,0.3,"The visual/template consistency, language quality, and factual plausibility all align with professional news outlet standards."
KK_01_HLT_011.jpg,Real,Real,0.31,"The visual/template consistency, language quality, and factual plausibility align with professional news outlets' typical publishing style."
KK_01_HLT_012.jpg,Real,Real,0.16,"The visual/template consistency, language quality, and factual plausibility all align with professional news outlets' typical publishing style."
KK_01_HLT_052.jpg,Real,Real,0.34,"The text appears professionally written in standard Bangla, and the layout is consistent with a news outlet's style. The headline and image are coherent without contradictions."
KK_01_INT_002.jpg,Real,Real,0.16,"The visual/template consistency, language quality, and factual plausibility all align with professional news outlet standards."
KK_01_INT_004.jpg,Real,Fake,0.56,"The text appears to be written in a style typical of clickbait or sensationalist news, lacking professional journalistic standards and plausibility."
KK_01_INT_056.jpg,Real,Real,0.27,"The visual/template consistency, language quality, and factual plausibility all align with professional news outlet standards."
KK_01_INT_061.jpg,Real,Real,0.32,"The visual/template consistency, language quality, and factual plausibility all align with a professional news outlet's style without any obvious signs of digital manipulation or anachronistic content."
KK_01_INT_064.jpg,Real,Real,0.24,"The visual/template consistency, language quality, and factual plausibility all align with a professional news outlet's style."
KK_01_INT_105.jpg,Real,Real,0.19,"The visual/template consistency, language quality, and factual plausibility all align with professional news outlets' typical publishing style."
KK_01_INT_145.jpg,Real,Real,0.17,"The visual/template consistency, language quality, and factual plausibility align with professional news outlets' typical publishing style."
KK_01_INT_160.jpg,Real,Real,0.27,"The visual/template consistency, language quality, and factual plausibility align with professional news outlets' typical publishing style."
KK_01_INT_180.jpg,Real,Real,0.16,"The visual/template consistency, language quality, and factual plausibility all align with a professional news outlet's style without any obvious signs of digital manipulation or anachronistic claims."
KK_01_POL_001.jpg,Real,Real,0.33,"The text appears professionally written in standard Bangla, and the layout is consistent with a news outlet's style. The date format (11 জুন ২০২৬) also aligns with typical publication dates."
KK_01_POL_014.jpg,Real,Real,0.33,"The text appears professionally written in standard Bangla, and the layout is consistent with a news outlet's style. The date format (01 জানুয়ারি 2025) seems plausible for a future publication."
KK_01_POL_074.jpg,Real,Real,0.2,"The visual/template consistency, language quality, and factual plausibility align with professional news outlets' typical style."
KK_01_POL_078.jpg,Real,Real,0.19,"The visual/template consistency, language quality, and factual plausibility align with professional news outlets' typical publishing style."
KK_01_POL_114.jpg,Real,Real,0.16,"The visual/template consistency, language quality, and factual plausibility all align with professional news outlet standards."
KK_01_POL_132.jpg,Real,Real,0.33,"The visual/template consistency, language quality, and factual plausibility all align with professional news outlet standards."
KK_01_SPT_038.jpg,Real,Real,0.27,"The visual/template consistency, language quality, and factual plausibility all align with professional news outlet standards."
KK_01_SPT_042.jpg,Real,Real,0.25,"The visual/template consistency, language quality, and factual plausibility all align with professional news outlet standards."
KK_01_SPT_142.jpg,Real,Real,0.19,"The visual/template consistency, language quality, and factual plausibility all align with a professional news outlet's style without any obvious signs of digital manipulation or anachronistic claims."
PA_01_BIZ_011.jpg,Real,Real,0.32,"The visual/template consistency, language quality, and factual plausibility all align with professional news outlet standards."
PA_01_BIZ_024.jpg,Real,Real,0.29,"The visual/template consistency, language quality, and factual plausibility all align with professional news outlet standards without any obvious signs of digital manipulation or anachronistic claims."
PA_01_BIZ_028.jpg,Real,Real,0.25,"The text is written in standard Bangla editorial style, and the content aligns with known agricultural production trends for watermelons."
PA_01_BIZ_049.jpg,Real,Fake,0.58,"The Bangla text appears to be poorly written and lacks professional editorial style, suggesting it is not from a reputable news outlet."
PA_01_BIZ_050.jpg,Real,Real,0.26,"The image appears to be a screenshot from an authentic news outlet, as indicated by the consistent layout and professional style. The text is written in standard Bangla editorial style without any obvious signs of digital manipulation or clickbait."
PA_01_BIZ_070.jpg,Real,Real,0.16,"The photocard appears professionally formatted with consistent fonts and colors, and the Bangla text is written in a standard editorial style without any unnatural phrasing or clickbait tone."
PA_01_BIZ_090.jpg,Real,Real,0.16,"The visual/template consistency, language quality, and factual plausibility align with professional news outlets' typical style."
PA_01_BIZ_112.jpg,Real,Real,0.23,"The visual/template consistency, language quality, and factual plausibility all align with professional news outlet standards."
PA_01_BIZ_120.jpg,Real,Real,0.27,"The visual/template consistency, language quality, and factual plausibility all align with professional news outlets' typical publishing style."
PA_01_BIZ_152.jpg,Real,Real,0.28,"The visual/template consistency, language quality, and factual plausibility all align with professional news outlets' typical publishing style."
PA_01_BIZ_156.jpg,Real,Real,0.17,"The visual/template consistency, language quality, and factual plausibility all align with professional news outlets' typical publishing style."
PA_01_BIZ_170.jpg,Real,Real,0.23,"The visual/template consistency, language quality, and factual plausibility all align with a professional news outlet's style without any obvious signs of digital manipulation or anachronistic claims."
PA_01_BIZ_180.jpg,Real,Real,0.35,"The visual/template consistency, language quality, and factual plausibility all align with professional news outlets' typical publishing style."
PA_01_BIZ_181.jpg,Real,Real,0.23,"The visual/template consistency, language quality, and factual plausibility all align with professional news outlets' typical publishing style."
PA_01_CRM_001.jpg,Real,Real,0.29,"The visual/template consistency, language quality, and factual plausibility all align with professional news outlet standards."
PA_01_CRM_022.jpg,Real,Real,0.34,"The visual/template consistency, language quality, and factual plausibility align with professional news outlets' typical publishing style."
PA_01_CRM_036.jpg,Real,Real,0.18,"The visual/template consistency, language quality, and factual plausibility align with professional news outlets' typical style."
PA_01_CRM_038.jpg,Real,Real,0.22,"The visual/template consistency, language quality, and factual plausibility all align with professional news outlet standards."
PA_01_CRM_043.jpg,Real,Real,0.29,"The visual/template consistency, language quality, and factual/content plausibility all align with professional news outlets' typical publishing style."
PA_01_CRM_046.jpg,Real,Fake,0.41,"The image appears to be digitally manipulated, as evidenced by the inconsistent font style and color patches in the text overlay."
PA_01_CRM_052.jpg,Real,Real,0.3,"The visual/template consistency, language quality, and factual plausibility align with professional news outlets' typical publishing style."
PA_01_CRM_064.jpg,Real,Real,0.3,"The visual/template consistency, language quality, and factual plausibility all align with professional news outlet standards."
PA_01_CRM_076.jpg,Real,Real,0.34,"The visual/template consistency, language quality, and factual plausibility align with professional news outlets' typical style."
PA_01_CRM_081.jpg,Real,Real,0.29,"The visual/template consistency, language quality, and factual plausibility align with professional news outlets' typical style."
PA_01_CRM_111.jpg,Real,Real,0.21,"The visual/template consistency, language quality, and factual plausibility align with professional news outlets' typical publishing style."
PA_01_CRM_115.jpg,Real,Real,0.34,"The visual/template consistency, language quality, and factual plausibility align with professional news outlets' typical publishing style."
PA_01_CRM_119.jpg,Real,Real,0.26,"The image appears to be a professional news outlet's style, with consistent fonts and layout. The Bangla text is written in standard editorial style without any unnatural phrasing or informal slang."
PA_01_CRM_137.jpg,Real,Real,0.33,"The visual/template consistency, language quality, and factual plausibility align with professional news outlets' typical style."
PA_01_CRM_144.jpg,Real,Fake,0.4,"The Bangla text appears to be poorly written and unnatural, lacking in professional editorial style, which is a strong indicator of fabrication."
PA_01_CRM_145.jpg,Real,Fake,0.57,"The date '1 December 2025' is anachronistic, as it's in the future and there are no known events of this scale involving these companies that would justify such a headline."
PA_01_CRM_147.jpg,Real,Real,0.32,"The visual/template consistency, language quality, and factual plausibility all align with professional news outlet standards."
PA_01_CRM_176.jpg,Real,Real,0.32,"The visual/template consistency, language quality, and factual plausibility align with professional news outlets' typical publishing style."
PA_01_CRM_177.jpg,Real,Real,0.16,"The visual/template consistency, language quality, and factual plausibility all align with professional news outlet standards."
PA_01_DIS_008.jpg,Real,Real,0.15,"The visual/template consistency, language quality, and factual plausibility align with professional news outlets' typical style."
PA_01_DIS_027.jpg,Real,Real,0.23,"The visual/template consistency, language quality, and factual plausibility all align with professional news outlet standards without any obvious signs of digital manipulation or clickbait."
PA_01_DIS_040.jpg,Real,Real,0.21,"The image appears professionally edited, with consistent fonts and layout typical of a news outlet's style. The Bangla text is written in standard editorial style without any unnatural phrasing or clickbait tone."
PA_01_DIS_093.jpg,Real,Fake,0.53,"The image appears to be digitally edited, as evidenced by the mismatched fonts and color patches around text elements."
PA_01_DIS_106.jpg,Real,Fake,0.53,"The text appears to be in a non-standard Bangla script, and the date format (21 November 2025) is anachronistic for any real event."
PA_01_DIS_133.jpg,Real,Real,0.21,"The image appears to be a screenshot from an authentic news outlet, as indicated by the consistent layout and professional style. The text is written in standard Bangla editorial style without any obvious signs of digital manipulation or clickbait."
PA_01_ENT_042.jpg,Real,Real,0.22,"The visual/template consistency, language quality, and factual plausibility all align with a professional news outlet's style without any obvious signs of digital manipulation or anachronistic content."
PA_01_ENT_142.jpg,Real,Fake,0.48,"The text appears to be in a non-standard, informal style typical of clickbait or social media content rather than professional news writing."
PA_01_ENT_165.jpg,Real,Real,0.27,"The visual/template consistency, language quality, and factual plausibility align with professional news outlets' typical style."
PA_01_ENT_182.jpg,Real,Real,0.28,"The photocard appears professionally formatted with a consistent layout, fonts, and colors typical of news outlets. The Bangla text is written in standard editorial style without any unnatural phrasing or informal slang."
PA_01_HLT_005.jpg,Real,Fake,0.57,"The blurring effect on the child's face and the overall low quality suggest digital manipulation, inconsistent with professional news outlet standards."
PA_01_HLT_015.jpg,Real,Real,0.15,"The visual/template consistency, language quality, and factual plausibility align with professional news outlets' typical publishing style."
PA_01_HLT_077.jpg,Real,Real,0.31,"The visual/template consistency, language quality, and factual plausibility all align with professional news outlets' typical publishing style."
PA_01_HLT_091.jpg,Real,Real,0.2,"The visual/template consistency, language quality, and factual plausibility align with professional news outlets' typical style."
PA_01_HLT_092.jpg,Real,Real,0.22,"The text is written in standard Bangla editorial style, and the content appears to be a public health notice, which aligns with known practices of health authorities. The layout and design are consistent with professional news outlets."
PA_01_HLT_140.jpg,Real,Real,0.16,"The visual/template consistency, language quality, and factual plausibility align with professional news outlets' typical publishing style."
PA_01_HLT_143.jpg,Real,Real,0.18,"The image appears to be a real photograph taken at an outdoor food stall, and the text is written in standard Bangla editorial style without any obvious signs of digital manipulation or clickbait tone."
PA_01_HLT_160.jpg,Real,Real,0.21,"The visual/template consistency, language quality, and factual plausibility align with professional news outlets' typical style."
PA_01_HLT_171.jpg,Real,Real,0.31,"The visual/template consistency, language quality, and factual plausibility all align with professional news outlet standards."
PA_01_HLT_172.jpg,Real,Real,0.19,"The image appears to be a professional news outlet's style, with consistent fonts and layout. The headline is written in standard Bangla editorial style without any unnatural phrasing or clickbait tone."
PA_01_INT_002.jpg,Real,Real,0.22,"The visual/template consistency, language quality, and factual plausibility align with professional news outlets' typical style."
PA_01_INT_019.jpg,Real,Fake,0.49,"The image appears to be digitally manipulated, as evidenced by the mismatched fonts and color patches around the text, which are inconsistent with professional news outlet publishing styles."
PA_01_INT_026.jpg,Real,Real,0.3,"The visual/template consistency, language quality, and factual plausibility align with professional news outlets' typical publishing style."
PA_01_INT_053.jpg,Real,Real,0.27,"The visual/template consistency, language quality, and factual plausibility align with professional news outlets' typical style."
PA_01_INT_056.jpg,Real,Fake,0.45,"The headline and date are inconsistent with known historical events, and the image appears to be unrelated to the claimed context."
PA_01_INT_069.jpg,Real,Real,0.24,"The visual/template consistency, language quality, and factual plausibility all align with professional news outlet standards."
PA_01_INT_075.jpg,Real,Real,0.3,"The image appears to be a professional news outlet's style, with consistent fonts and layout. The Bangla text is written in standard editorial style without any unnatural phrasing or informal slang."
PA_01_INT_101.jpg,Real,Fake,0.56,"The Bangla text appears to be poorly written and lacks professional editorial style, suggesting it is not from a reputable news outlet."
PA_01_INT_124.jpg,Real,Real,0.2,"The image appears to be a professional news outlet's publication, with consistent fonts and layout typical of such outlets. The Bangla text is written in standard editorial style without any unnatural phrasing or clickbait tone."
PA_01_INT_128.jpg,Real,Fake,0.58,"The date '15 এপ্রিল ২০২৫' is anachronistic, as Donald Trump was no longer in office at that time."
PA_01_INT_146.jpg,Real,Real,0.35,"The visual/template consistency, language quality, and factual plausibility align with typical professional news outlets' style without any obvious signs of digital manipulation or anachronistic elements."
PA_01_INT_158.jpg,Real,Real,0.19,"The image appears to be a screenshot from NASA's official website, as indicated by the logo and text layout. The visual elements are consistent with professional news outlets, and the Bangla text is written in standard editorial style."
PA_01_INT_163.jpg,Real,Fake,0.58,"The text appears to be written in a non-standard, informal style typical of clickbait or propaganda rather than professional news writing. Additionally, the date and event described seem exaggerated and implausible based on known facts."
PA_01_INT_166.jpg,Real,Fake,0.5,"The text appears to be in a style typical of clickbait or propaganda rather than professional news writing, and there is no visible domain or URL that can be verified."
PA_01_INT_183.jpg,Real,Fake,0.56,"The text appears to be written in a style inconsistent with professional news writing, and there are no visible signs that it is from an authentic outlet or domain."
PA_01_POL_013.jpg,Real,Real,0.17,"The visual/template consistency, language quality, and factual/content plausibility all align with professional news outlet standards."
PA_01_POL_059.jpg,Real,Real,0.16,"The text appears professionally written in standard Bangla, and the layout is consistent with a news outlet's style. The date and headline align logically without contradictions."
PA_01_POL_060.jpg,Real,Fake,0.46,"The image appears to be digitally manipulated, as evidenced by the mismatched fonts and color patches around text elements."
PA_01_POL_061.jpg,Real,Real,0.19,"The photocard uses a recognizable government logo and standard Bangla text, suggesting it is from an official source."
PA_01_POL_067.jpg,Real,Real,0.16,"The visual/template consistency, language quality, and factual plausibility all align with professional news outlet standards."
PA_01_POL_078.jpg,Real,Real,0.16,"The visual/template consistency, language quality, and factual plausibility align with professional news outlets' typical style."
PA_01_POL_085.jpg,Real,Real,0.15,"The visual/template consistency, language quality, and factual plausibility all align with professional news outlet standards."
PA_01_POL_086.jpg,Real,Real,0.15,"The photocard uses a recognizable government logo and standard Bangla news formatting, suggesting it is from an official source."
PA_01_POL_100.jpg,Real,Real,0.24,"The photocard appears to be from a real news outlet, as indicated by the logo and branding that match known outlets. The text is written in standard Bangla editorial style without any obvious signs of digital manipulation or clickbait."
PA_01_POL_103.jpg,Real,Fake,0.42,"The date '16 অক্টোবর 2025' is anachronistic, as it suggests a future event that has not occurred yet."
PA_01_POL_108.jpg,Real,Real,0.28,"The visual/template consistency, language quality, and factual plausibility align with professional news outlets' typical style."
PA_01_POL_109.jpg,Real,Real,0.28,"The visual/template consistency, language quality, and factual plausibility all align with professional news outlet standards without any obvious signs of digital manipulation or anachronistic content."
PA_01_POL_113.jpg,Real,Real,0.23,"The visual/template consistency, language quality, and factual plausibility align with professional news outlets' typical publishing style."
PA_01_POL_116.jpg,Real,Real,0.17,"The visual/template consistency, language quality, and factual plausibility align with professional news outlets' typical style."
PA_01_POL_118.jpg,Real,Real,0.23,"The visual/template consistency, language quality, and factual plausibility align with professional news outlets' typical style."
PA_01_POL_122.jpg,Real,Real,0.34,"The visual/template consistency, language quality, and factual plausibility align with professional news outlets' typical publishing style."
PA_01_POL_135.jpg,Real,Real,0.2,"The image appears to be a screenshot from a news outlet's website, with consistent branding and layout typical of professional news outlets. The Bangla text is written in standard editorial style without any obvious signs of digital manipulation or clickbait."
PA_01_POL_150.jpg,Real,Real,0.28,"The visual/template consistency, language quality, and factual plausibility align with professional news outlets' typical publishing style."
PA_01_POL_185.jpg,Real,Real,0.23,"The visual/template consistency, language quality, and factual plausibility align with professional news outlets' typical publishing style."
PA_01_SPT_004.jpg,Real,Real,0.23,"The visual/template consistency, language quality, and factual plausibility all align with professional news outlet standards without any obvious signs of digital manipulation or anachronistic elements."
PA_01_SPT_037.jpg,Real,Real,0.3,"The visual/template consistency, language quality, and factual plausibility all align with professional news outlet standards."
PA_01_SPT_049.jpg,Real,Real,0.19,"The visual/template consistency, language quality, and factual plausibility all align with professional news outlet standards."
PA_01_SPT_099.jpg,Real,Real,0.16,"The photocard appears to be from a real news outlet, as indicated by the consistent branding and professional layout. The Bangla text is written in standard editorial style without any obvious signs of digital manipulation or clickbait."
PA_01_SPT_105.jpg,Real,Real,0.17,"The visual/template consistency, language quality, and factual plausibility all align with professional news outlet standards without any obvious signs of digital manipulation or anachronistic claims."
PA_01_SPT_127.jpg,Real,Real,0.24,"The visual/template consistency, language quality, and factual plausibility align with professional news outlets' typical publishing style."
PA_01_SPT_161.jpg,Real,Real,0.26,"The visual/template consistency, language quality, and factual plausibility all align with professional news outlet standards without any obvious signs of digital manipulation or anachronistic elements."
PA_01_SPT_164.jpg,Real,Real,0.27,"The visual/template consistency, language quality, and factual plausibility all align with professional news outlet standards without any obvious signs of digital manipulation or anachronistic content."
SM_01_BIZ_023.jpg,Real,Real,0.3,"The text appears professionally written in Bangla, and the image shows a market scene with people handling produce, which is consistent with typical news reporting of agricultural or economic events."
SM_01_BIZ_046.jpg,Real,Real,0.3,"The visual/template consistency, language quality, and factual plausibility all align with professional news outlets' typical publishing style."
SM_01_BIZ_049.jpg,Real,Real,0.31,"The visual/template consistency, language quality, and factual plausibility all align with a professional news outlet's style without any obvious signs of digital manipulation or anachronistic claims."
SM_01_BIZ_226.jpg,Real,Real,0.23,"The visual/template consistency, language quality, and factual plausibility align with professional news outlets' typical publishing style."
SM_01_CRM_133.jpg,Real,Real,0.21,"The visual/template consistency, language quality, and factual plausibility all align with professional news outlets' typical publishing style."
SM_01_CRM_231.jpg,Real,Real,0.17,"The text appears to be written in standard Bangla editorial style, and there are no visible signs of digital editing or manipulation that would suggest the image is fake."
SM_01_DIS_021.jpg,Real,Real,0.15,"The image appears to be a standard news photocard with consistent visual and textual elements typical of professional outlets, and the Bangla text is written in a professional style without any obvious signs of digital manipulation or clickbait."
SM_01_DIS_043.jpg,Real,Real,0.34,"The visual/template consistency, language quality, and factual plausibility all align with professional news outlets' typical publishing style."
SM_01_DIS_224.jpg,Real,Real,0.31,"The visual/template consistency, language quality, and factual plausibility align with professional news outlets' typical publishing style."
SM_01_ENT_022.jpg,Real,Real,0.24,"The text appears to be written in standard Bangla editorial style, and there are no visible signs of digital editing or manipulation that would suggest the image is fake."
SM_01_ENT_035.jpg,Real,Real,0.19,"The visual/template consistency, language quality, and factual plausibility all align with professional news outlet standards."
SM_01_ENT_233.jpg,Real,Real,0.23,"The visual/template consistency, language quality, and factual plausibility all align with professional news outlet standards."
SM_01_HLT_013.jpg,Real,Real,0.25,"The text appears to be written in a professional style, and there are no visible signs of digital editing or manipulation that would suggest the image is fake."
SM_01_HLT_048.jpg,Real,Real,0.24,"The visual/template consistency, language quality, and factual plausibility align with a professional news outlet's style without any obvious signs of digital manipulation or inconsistency."
SM_01_HLT_127.jpg,Real,Real,0.17,"The visual/template consistency, language quality, and factual plausibility align with professional news outlets' typical style."
SM_01_INT_017.jpg,Real,Real,0.2,"The text appears to be written in standard Bangla editorial style, and there are no visible signs of digital editing or manipulation that would suggest the image is fake."
SM_01_POL_025.jpg,Real,Real,0.16,"The visual/template consistency, language quality, and factual plausibility align with professional news outlets' typical style."
SM_01_POL_029.jpg,Real,Real,0.25,"The visual/template consistency, language quality, and factual plausibility align with professional news outlets' typical style."
SM_01_POL_030.jpg,Real,Real,0.3,"The visual/template consistency, language quality, and factual plausibility all align with professional news outlet standards."
SM_01_POL_032.jpg,Real,Real,0.28,"The visual/template consistency, language quality, and factual plausibility all align with professional news outlet standards."
SM_01_POL_041.jpg,Real,Real,0.15,"The visual/template consistency, language quality, and factual plausibility all align with professional news outlet standards."
SM_01_POL_045.jpg,Real,Real,0.22,"The visual/template consistency, language quality, and factual plausibility all align with professional news outlets' typical publishing style."
SM_01_POL_116.jpg,Real,Real,0.19,"The visual/template consistency, language quality, and factual plausibility align with professional news outlets' typical publishing style."
SM_01_POL_179.jpg,Real,Real,0.21,"The visual/template consistency, language quality, and factual plausibility align with professional news outlets' typical publishing style."
SM_01_POL_205.jpg,Real,Real,0.17,"The visual/template consistency, language quality, and factual plausibility all align with professional news outlets' typical publishing style."
SM_01_SPT_181.jpg,Real,Real,0.22,"The visual/template consistency, language quality, and factual plausibility align with professional news outlets' typical style."
SM_01_SPT_237.jpg,Real,Real,0.18,"The visual/template consistency, language quality, and factual plausibility align with professional news outlets' typical style."
ST_01_BIZ_003.jpg,Real,Real,0.31,"The visual/template consistency, language quality, and factual plausibility all align with professional news outlet standards."
ST_01_BIZ_040.jpg,Real,Real,0.16,"The visual/template consistency, language quality, and factual plausibility align with professional news outlets' typical publishing style."
ST_01_BIZ_043.jpg,Real,Real,0.26,"The visual/template consistency, language quality, and factual plausibility align with professional news outlets' typical publishing style."
ST_01_CRM_017.jpg,Real,Real,0.23,"The visual/template consistency, language quality, and factual plausibility align with professional news outlets' typical style."
ST_01_CRM_066.jpg,Real,Real,0.15,"The visual/template consistency, language quality, and factual plausibility all align with professional news outlet standards."
ST_01_CRM_072.jpg,Real,Real,0.17,"The visual/template consistency, language quality, and factual plausibility align with professional news outlets' typical style."
ST_01_CRM_077.jpg,Real,Real,0.25,"The visual/template consistency, language quality, and factual plausibility align with professional news outlets' typical style."
ST_01_CRM_090.jpg,Real,Real,0.18,"The visual/template consistency, language quality, and factual plausibility align with professional news outlets' typical style."
ST_01_CRM_124.jpg,Real,Real,0.17,"The visual/template consistency, language quality, and factual plausibility all align with professional news outlet standards."
ST_01_CRM_145.jpg,Real,Real,0.34,"The visual/template consistency, language quality, and factual plausibility all align with professional news outlets' typical publishing style."
ST_01_DIS_011.jpg,Real,Fake,0.45,"The text appears to be in a non-standard Bangla script, and the date format (09 June 2026) is unusual for a real news outlet."
ST_01_DIS_058.jpg,Real,Real,0.15,"The visual/template consistency, language quality, and factual plausibility all align with a professional news outlet's style without any obvious signs of digital manipulation or anachronistic elements."
ST_01_DIS_060.jpg,Real,Real,0.29,"The visual/template consistency, language quality, and factual plausibility all align with professional news outlets' typical publishing style."
ST_01_DIS_073.jpg,Real,Real,0.19,"The visual/template consistency, language quality, and factual plausibility align with a professional news outlet's style without any obvious signs of digital manipulation or anachronistic claims."
ST_01_ENT_063.jpg,Real,Fake,0.47,"The text appears to be written in a style typical of clickbait or sensationalist news, lacking professional journalistic standards and plausibility. The headline seems exaggerated for dramatic effect rather than factual reporting."
ST_01_HLT_009.jpg,Real,Fake,0.45,"The Bangla text appears to be poorly written and unnatural, lacking in professional editorial style, which is a strong indicator of fabrication."
ST_01_HLT_087.jpg,Real,Real,0.31,"The visual/template consistency, language quality, and factual plausibility align with professional news outlets' typical style."
ST_01_INT_012.jpg,Real,Fake,0.6,"The text appears to be in a style typical of clickbait or sensationalist news, inconsistent with professional editorial standards. Additionally, the date mentioned (09 June 2026) is anachronistic and does not align with known historical events involving these individuals."
ST_01_INT_015.jpg,Real,Real,0.23,"The visual/template consistency, language quality, and factual plausibility align with a professional news outlet's style without any obvious signs of digital manipulation or clickbait."
ST_01_INT_023.jpg,Real,Real,0.23,"The visual/template consistency, language quality, and factual plausibility all align with professional news outlet standards."
ST_01_INT_033.jpg,Real,Real,0.15,"The visual/template consistency, language quality, and factual plausibility align with typical professional news outlets' style without any obvious signs of digital manipulation or anachronistic claims."
ST_01_INT_035.jpg,Real,Fake,0.43,"The text appears to be a fabricated headline, as it references an event that is not historically accurate and uses a style of language that does not align with professional news writing."
ST_01_INT_041.jpg,Real,Fake,0.54,"The headline and text appear to be a fabricated statement, as there is no credible source or event that matches the claim about Marco Rubio's prediction regarding an American military operation in Iran."
ST_01_INT_045.jpg,Real,Real,0.23,"The visual/template consistency, language quality, and factual plausibility align with professional news outlets' typical publishing style."
ST_01_INT_070.jpg,Real,Fake,0.41,"The headline and image combination is highly unlikely, as it references a specific event involving high-profile individuals that has not been widely reported in recent news cycles."
ST_01_INT_071.jpg,Real,Real,0.23,"The visual/template consistency, language quality, and factual plausibility align with professional news outlets' typical style."
ST_01_INT_081.jpg,Real,Real,0.29,"The visual/template consistency, language quality, and factual plausibility align with professional news outlets' typical style."
ST_01_INT_084.jpg,Real,Real,0.25,"The visual/template consistency, language quality, and factual plausibility all align with professional news outlets' typical publishing style."
ST_01_INT_093.jpg,Real,Real,0.24,"The visual/template consistency, language quality, and factual plausibility align with a professional news outlet's style without any obvious signs of digital manipulation or clickbait."
ST_01_INT_119.jpg,Real,Fake,0.52,"The image appears to be digitally manipulated, as evidenced by the mismatched fonts and color patches around text elements."
ST_01_INT_126.jpg,Real,Real,0.3,"The visual/template consistency, language quality, and factual plausibility align with professional news outlets' typical style."
ST_01_INT_128.jpg,Real,Real,0.24,"The visual/template consistency, language quality, and factual plausibility all align with professional news outlet standards."
ST_01_INT_129.jpg,Real,Real,0.24,"The visual/template consistency, language quality, and factual plausibility align with professional news outlets' typical publishing style."
ST_01_INT_130.jpg,Real,Fake,0.56,"The text appears to be written in a style typical of clickbait or sensationalist news, lacking professional journalistic standards and plausibility. The date (05 me 2026) is anachronistic as it seems to reference the future."
ST_01_INT_132.jpg,Real,Real,0.31,"The visual/template consistency, language quality, and factual plausibility align with a professional news outlet's style."
ST_01_INT_135.jpg,Real,Fake,0.55,"The text appears to be written in a style typical of clickbait or propaganda rather than professional news writing, and the headline seems exaggerated for dramatic effect without providing specific details that could be verified."
ST_01_POL_006.jpg,Real,Real,0.29,"The visual/template consistency, language quality, and factual plausibility all align with professional news outlets' typical publishing style."
ST_01_POL_027.jpg,Real,Real,0.31,"The visual/template consistency, language quality, and factual plausibility align with professional news outlets' typical publishing style."
ST_01_POL_032.jpg,Real,Real,0.19,"The visual/template consistency, language quality, and factual plausibility align with professional news outlets' typical publishing style."
ST_01_POL_082.jpg,Real,Real,0.16,"The visual/template consistency, language quality, and factual plausibility all align with professional news outlets' typical publishing style."
ST_01_POL_094.jpg,Real,Real,0.3,"The visual/template consistency, language quality, and factual plausibility all align with professional news outlets' typical publishing style."
ST_01_POL_096.jpg,Real,Real,0.33,"The visual/template consistency, language quality, and factual plausibility all align with professional news outlet standards."
ST_01_POL_098.jpg,Real,Real,0.16,"The visual/template consistency, language quality, and factual plausibility align with professional news outlets' typical style."
ST_01_POL_103.jpg,Real,Real,0.25,"The visual/template consistency, language quality, and factual plausibility all align with professional news outlets' typical publishing style."
ST_01_POL_122.jpg,Real,Real,0.23,"The visual/template consistency, language quality, and factual plausibility all align with professional news outlet standards."
ST_01_POL_127.jpg,Real,Real,0.26,"The visual/template consistency, language quality, and factual plausibility all align with professional news outlet standards."
ST_01_POL_137.jpg,Real,Real,0.3,"The visual/template consistency, language quality, and factual plausibility all align with professional news outlet standards."
ST_01_SPT_002.jpg,Real,Fake,0.53,"The text appears to be written in a style typical of clickbait or sensationalist news, lacking professional journalistic standards and clarity."
ST_01_SPT_019.jpg,Real,Real,0.17,"The visual/template consistency, language quality, and factual plausibility all align with a professional news outlet's style without any obvious signs of digital manipulation or anachronistic claims."
ST_01_SPT_029.jpg,Real,Real,0.34,"The image appears to be a professional news outlet's photocard, with consistent branding and layout typical of such outlets. The text is written in standard Bangla editorial style without any obvious signs of digital manipulation or clickbait."
ST_01_SPT_030.jpg,Real,Real,0.26,"The visual/template consistency, language quality, and factual plausibility all align with professional news outlet standards."
ST_01_SPT_044.jpg,Real,Real,0.26,"The visual/template consistency, language quality, and factual plausibility all align with professional news outlet standards."
ST_01_SPT_052.jpg,Real,Fake,0.48,"The headline and text appear to be clickbait, with a dramatic statement that is unlikely to be true without additional context or verification. The date format (04 June 2026) also seems unusual for a real news outlet."
ST_01_SPT_055.jpg,Real,Real,0.2,"The visual/template consistency, language quality, and factual plausibility all align with professional news outlet standards."
ST_01_SPT_091.jpg,Real,Fake,0.46,"The image appears to be digitally edited, as indicated by inconsistencies in font and color, and the date mentioned (09 May 2026) is anachronistic for a World Cup event."
ST_01_SPT_095.jpg,Real,Fake,0.56,"The text appears to be written in a non-standard, informal style typical of clickbait or fabricated news articles rather than professional editorial content."
ST_01_SPT_113.jpg,Real,Real,0.3,"The visual/template consistency, language quality, and factual plausibility align with professional news outlets' typical style."
ST_01_SPT_131.jpg,Real,Real,0.34,"The visual/template consistency, language quality, and factual plausibility all align with professional news outlet standards."
ST_01_SPT_146.jpg,Real,Real,0.28,"The visual/template consistency, language quality, and factual plausibility all align with professional news outlet standards."
BK_02_CRM_037.jpg,Fake,Real,0.46,"The visual/template consistency, language quality, and factual plausibility all align with professional news outlet standards."
BK_02_CRM_040.jpg,Fake,Fake,0.82,"The image appears to be digitally manipulated, as evidenced by the mismatched fonts and color patches around text elements."
BK_02_CRM_238.jpg,Fake,Real,0.49,"The visual/template consistency, language quality, and factual plausibility align with professional news outlets' typical publishing style."
BK_02_ENT_016.jpg,Fake,Real,0.46,"The visual/template consistency, language quality, and factual plausibility all align with professional news outlet standards."
BK_02_ENT_017.jpg,Fake,Real,0.3,"The visual/template consistency, language quality, and factual plausibility all align with professional news outlet standards."
BK_02_ENT_065.jpg,Fake,Real,0.32,"The visual/template consistency, language quality, and factual plausibility all align with professional news outlet standards."
BK_02_ENT_087.jpg,Fake,Real,0.38,"The visual/template consistency, language quality, and factual plausibility align with professional news outlets' typical style."
BK_02_ENT_090.jpg,Fake,Real,0.48,"The visual/template consistency, language quality, and factual/content plausibility all align with professional news outlets' typical style."
BK_02_ENT_091.jpg,Fake,Real,0.48,"The visual/template consistency, language quality, and factual plausibility align with professional news outlets' typical style."
BK_02_ENT_097.jpg,Fake,Real,0.47,"The visual/template consistency, language quality, and factual plausibility align with a professional news outlet's style without any obvious signs of digital manipulation or anachronistic claims."
BK_02_ENT_125.jpg,Fake,Real,0.4,"The visual/template consistency, language quality, and factual plausibility all align with professional news outlet standards."
BK_02_ENT_143.jpg,Fake,Real,0.32,"The visual/template consistency, language quality, and factual plausibility all align with a professional news outlet's style."
BK_02_ENT_151.jpg,Fake,Real,0.41,"The visual/template consistency, language quality, and factual plausibility all align with professional news outlet standards."
BK_02_ENT_221.jpg,Fake,Real,0.4,"The text appears professionally written in standard Bangla, and there are no visible signs of digital editing or manipulation that would suggest fake content."
BK_02_HLT_178.jpg,Fake,Real,0.39,"The visual/template consistency, language quality, and factual plausibility align with professional news outlets' typical publishing style."
BK_02_HLT_193.jpg,Fake,Real,0.49,"The visual/template consistency, language quality, and factual plausibility all align with a professional news outlet's style without any obvious signs of digital manipulation or anachronistic content."
BK_02_INT_036.jpg,Fake,Real,0.43,"The image appears to be a historical photograph, and the text is written in standard Bangla editorial style with no obvious signs of digital manipulation or anachronistic content."
BK_02_INT_068.jpg,Fake,Real,0.48,"The visual/template consistency, language quality, and factual plausibility align with professional news outlets' typical publishing style."
BK_02_INT_078.jpg,Fake,Fake,0.87,"The text appears to be written in a style typical of clickbait or sensationalist content rather than professional news writing, and the date (2026) is anachronistic."
BK_02_INT_082.jpg,Fake,Real,0.38,"The visual/template consistency, language quality, and factual plausibility align with professional news outlets' typical style."
BK_02_INT_116.jpg,Fake,Real,0.32,"The visual/template consistency, language quality, and factual plausibility all align with professional news outlets' typical publishing style."
BK_02_INT_119.jpg,Fake,Fake,0.92,"The image appears to be digitally manipulated, as evidenced by the mismatched fonts and color patches around text elements, which are inconsistent with professional news outlet publishing styles."
BK_02_INT_176.jpg,Fake,Real,0.39,"The visual/template consistency, language quality, and factual plausibility align with professional news outlets' typical publishing style."
BK_02_INT_191.jpg,Fake,Fake,0.92,"The image appears to be digitally manipulated, as evidenced by the mismatched fonts and colors in the text overlay, which is inconsistent with professional news outlet styles."
BK_02_INT_201.png,Fake,Fake,0.78,"The image appears to be digitally manipulated, as evidenced by the mismatched fonts and colors in the text overlay, which is inconsistent with professional news outlet styles."
BK_02_POL_003.jpg,Fake,Real,0.45,"The visual/template consistency, language quality, and factual plausibility align with professional news outlets' typical publishing style."
BK_02_POL_004.jpg,Fake,Real,0.33,"The text appears professionally written in standard Bangla, and the visual elements are consistent with a news outlet's style."
BK_02_POL_006.jpg,Fake,Real,0.47,"The visual/template consistency, language quality, and factual plausibility align with professional news outlets' typical publishing style."
BK_02_POL_013.jpg,Fake,Fake,0.83,"The image appears to be digitally manipulated, as indicated by the mismatched fonts and color patches around text elements."
BK_02_POL_018.jpg,Fake,Fake,0.78,"The domain 'balerkantho.com' does not match any known Bangladeshi news outlet, and the text appears to be a fabricated headline with no factual basis."
BK_02_POL_025.jpg,Fake,Real,0.32,"The visual/template consistency, language quality, and factual plausibility all align with professional news outlet standards."
BK_02_POL_027.jpg,Fake,Real,0.31,"The visual/template consistency, language quality, and factual plausibility align with professional news outlets' typical style."
BK_02_POL_029.jpg,Fake,Fake,0.91,"The image appears to be digitally manipulated, as evidenced by the inconsistent quality and coloration around the hanging figure compared to the statue in the background."
BK_02_POL_030.jpg,Fake,Real,0.4,"The visual/template consistency, language quality, and factual plausibility all align with professional news outlet standards."
BK_02_POL_041.jpg,Fake,Real,0.37,"The visual/template consistency, language quality, and factual plausibility all align with professional news outlet standards without any obvious signs of digital manipulation or anachronistic elements."
BK_02_POL_042.jpg,Fake,Real,0.45,"The visual/template consistency, language quality, and factual plausibility all align with professional news outlet standards."
BK_02_POL_046.jpg,Fake,Fake,0.79,"The domain 'balerkantho.com' does not match any known Bangladeshi news outlet, and the text appears to be a fabricated headline with no factual basis."
BK_02_POL_048.jpg,Fake,Real,0.37,"The visual/template consistency, language quality, and factual plausibility all align with professional news outlet standards."
BK_02_POL_050.jpg,Fake,Real,0.31,"The visual/template consistency, language quality, and factual plausibility align with professional news outlets' typical publishing style."
BK_02_POL_052.jpg,Fake,Real,0.46,"The visual/template consistency, language quality, and factual plausibility align with professional news outlets' typical style."
BK_02_POL_053.jpg,Fake,Real,0.47,"The visual/template consistency, language quality, and factual plausibility align with professional news outlets' typical publishing style."
BK_02_POL_054.jpg,Fake,Real,0.37,"The visual/template consistency, language quality, and factual plausibility all align with a professional news outlet's style without any obvious signs of digital manipulation or anachronistic elements."
BK_02_POL_057.jpg,Fake,Real,0.45,"The visual/template consistency, language quality, and factual plausibility align with professional news outlets' typical style."
BK_02_POL_058.jpg,Fake,Fake,0.76,"The text appears to be in a non-standard Bangla script, and the date format (15 December 2025) is anachronistic for news reporting."
BK_02_POL_060.jpg,Fake,Fake,0.78,"The date in the image (15 December 2025) is anachronistic, as it appears to be a future date and contradicts known historical events involving Sheikh Hasina."
BK_02_POL_061.jpg,Fake,Real,0.32,"The visual/template consistency, language quality, and factual plausibility align with professional news outlets' typical publishing style."
BK_02_POL_064.jpg,Fake,Real,0.35,"The visual/template consistency, language quality, and factual plausibility align with professional news outlets' typical publishing style."
BK_02_POL_070.jpg,Fake,Real,0.35,"The visual/template consistency, language quality, and factual plausibility all align with professional news outlet standards."
BK_02_POL_071.jpg,Fake,Real,0.5,"The visual/template consistency, language quality, and factual plausibility align with professional news outlets' typical style."
BK_02_POL_072.jpg,Fake,Real,0.43,"The visual/template consistency, language quality, and factual plausibility align with professional news outlets' typical publishing style."
BK_02_POL_073.jpg,Fake,Real,0.32,"The visual/template consistency, language quality, and factual plausibility all align with professional news outlet standards."
BK_02_POL_074.jpg,Fake,Real,0.34,"The visual/template consistency, language quality, and factual plausibility all align with professional news outlets' typical publishing style."
BK_02_POL_084.jpg,Fake,Real,0.45,"The visual/template consistency, language quality, and factual plausibility all align with professional news outlets' typical publishing style."
BK_02_POL_088.jpg,Fake,Real,0.45,"The visual/template consistency, language quality, and factual plausibility align with professional news outlets' typical publishing style."
BK_02_POL_089.jpg,Fake,Real,0.3,"The visual/template consistency, language quality, and factual plausibility all align with professional news outlets' typical publishing style."
BK_02_POL_093.jpg,Fake,Fake,0.75,"The text appears to be a fabricated message, as it contains grammatical errors and lacks professional journalistic style. The date is also not consistent with any known events or figures in Bangla news."
BK_02_POL_094.jpg,Fake,Real,0.37,"The visual/template consistency, language quality, and factual plausibility align with professional news outlets' typical style."
BK_02_POL_098.jpg,Fake,Real,0.42,"The visual/template consistency, language quality, and factual plausibility all align with professional news outlet standards."
BK_02_POL_099.jpg,Fake,Real,0.32,"The visual/template consistency, language quality, and factual plausibility align with professional news outlets' typical publishing style."
BK_02_POL_105.jpg,Fake,Real,0.38,"The visual/template consistency, language quality, and factual plausibility align with professional news outlets' typical style."
BK_02_POL_110.jpg,Fake,Real,0.32,"The visual/template consistency, language quality, and factual plausibility all align with professional news outlet standards."
BK_02_POL_111.jpg,Fake,Real,0.39,"The visual/template consistency, language quality, and factual plausibility all align with a professional news outlet's style without any obvious signs of digital manipulation or anachronistic elements."
BK_02_POL_117.jpg,Fake,Fake,0.78,"The image appears to be digitally manipulated, as evidenced by the mismatched fonts and colors in the text elements, which are inconsistent with professional news outlet styles."
BK_02_POL_120.jpg,Fake,Real,0.45,"The visual/template consistency, language quality, and factual plausibility align with professional news outlets' typical publishing style."
BK_02_POL_127.jpg,Fake,Real,0.48,"The visual/template consistency, language quality, and factual plausibility align with professional news outlets' typical publishing style."
BK_02_POL_130.jpg,Fake,Real,0.41,"The visual/template consistency, language quality, and factual plausibility all align with professional news outlet standards."
BK_02_POL_131.jpg,Fake,Real,0.34,"The visual/template consistency, language quality, and factual plausibility all align with a professional news outlet's style without any obvious signs of digital manipulation or fabrication."
BK_02_POL_132.jpg,Fake,Real,0.35,"The visual/template consistency, language quality, and factual plausibility align with professional news outlets' typical publishing style."
BK_02_POL_136.jpg,Fake,Real,0.34,"The visual/template consistency, language quality, and factual plausibility align with professional news outlets' typical style."
BK_02_POL_139.jpg,Fake,Real,0.49,"The text appears professionally written in Bangla, and the layout is consistent with a news outlet's style. The date and context seem plausible based on general knowledge of events."
BK_02_POL_140.jpg,Fake,Fake,0.79,"The image appears to be digitally manipulated, as evidenced by the unnatural placement and size of the text on the belly, which is inconsistent with professional news outlet practices."
BK_02_POL_142.jpg,Fake,Real,0.47,"The visual/template consistency, language quality, and factual plausibility all align with professional news outlet standards."
BK_02_POL_145.jpg,Fake,Real,0.34,"The visual/template consistency, language quality, and factual plausibility all align with a professional news outlet's style without any obvious signs of digital manipulation or anachronistic elements."
BK_02_POL_152.jpg,Fake,Real,0.44,"The visual/template consistency, language quality, and factual plausibility all align with professional news outlet standards."
BK_02_POL_153.jpg,Fake,Real,0.4,"The visual/template consistency, language quality, and factual plausibility align with professional news outlets' typical publishing style."
BK_02_POL_156.jpg,Fake,Real,0.42,"The visual/template consistency, language quality, and factual plausibility all align with professional news outlet standards."
BK_02_POL_157.jpg,Fake,Real,0.43,"The visual/template consistency, language quality, and factual plausibility align with professional news outlets' typical style."
BK_02_POL_162.jpg,Fake,Real,0.36,"The visual/template consistency, language quality, and factual plausibility align with professional news outlets' typical style."
BK_02_POL_163.jpg,Fake,Fake,0.91,"The text appears to be written in a non-standard, informal style typical of clickbait or fabricated news rather than professional editorial content."
BK_02_POL_164.jpg,Fake,Real,0.42,"The visual/template consistency, language quality, and factual/content plausibility all align with professional news outlets' typical publishing style."
BK_02_POL_170.jpg,Fake,Real,0.37,"The visual/template consistency, language quality, and factual plausibility all align with professional news outlet standards."
BK_02_POL_172.jpg,Fake,Real,0.35,"The visual/template consistency, language quality, and factual plausibility all align with professional news outlet standards."
BK_02_POL_173.jpg,Fake,Real,0.43,"The visual/template consistency, language quality, and factual plausibility align with professional news outlets' typical style."
BK_02_POL_175.jpg,Fake,Real,0.47,"The visual/template consistency, language quality, and factual plausibility all align with professional news outlet standards."
BK_02_POL_177.jpg,Fake,Real,0.47,"The visual/template consistency, language quality, and factual plausibility align with professional news outlets' typical publishing style."
BK_02_POL_179.jpg,Fake,Real,0.47,"The visual/template consistency, language quality, and factual plausibility align with professional news outlets' typical publishing style."
BK_02_POL_182.jpg,Fake,Real,0.34,"The visual/template consistency, language quality, and factual plausibility align with professional news outlets' typical publishing style."
BK_02_POL_183.jpg,Fake,Real,0.35,"The visual/template consistency, language quality, and factual plausibility align with professional news outlets' typical publishing style."
BK_02_POL_198.jpg,Fake,Fake,0.86,"The text appears to be written in a non-standard, informal style typical of clickbait or fabricated news articles rather than professional editorial content."
BK_02_POL_200.png,Fake,Fake,0.8,"The text appears to be a fabricated headline, as it mentions an event that seems unlikely and uses informal Bangla phrasing which is not typical of professional news outlets."
BK_02_POL_202.jpg,Fake,Real,0.4,"The visual/template consistency, language quality, and factual plausibility all align with professional news outlet standards."
BK_02_POL_206.jpg,Fake,Real,0.42,"The visual/template consistency, language quality, and factual plausibility all align with a professional news outlet's style without any obvious signs of digital manipulation or fabrication."
BK_02_POL_213.png,Fake,Real,0.43,"The visual/template consistency, language quality, and factual/content plausibility all align with professional news outlet standards."
BK_02_POL_226.jpg,Fake,Fake,0.86,"The image appears to be digitally manipulated, as evidenced by the inconsistent quality and the presence of a person with an unusual appearance in the foreground that doesn't match the style or context of the rest of the photograph."
BK_02_POL_232.jpg,Fake,Real,0.36,"The text appears professionally written in standard Bangla, and there are no obvious signs of digital manipulation or inconsistencies that would suggest fake content."
BK_02_POL_236.jpg,Fake,Real,0.48,"The visual/template consistency, language quality, and factual plausibility all align with professional news outlet standards."
BK_02_POL_240.jpg,Fake,Real,0.36,"The visual/template consistency, language quality, and factual plausibility all align with professional news outlet standards."
BK_02_SPT_002.jpg,Fake,Fake,0.83,"The text appears to be in a non-standard, informal style typical of clickbait or fabricated content rather than professional news writing."
BK_02_SPT_015.jpg,Fake,Real,0.45,"The visual/template consistency, language quality, and factual plausibility all align with professional news outlet standards without any obvious signs of digital manipulation or fabrication."
BK_02_SPT_051.jpg,Fake,Fake,0.85,"The image appears to be digitally manipulated, as evidenced by the unnatural positioning and interaction between the two individuals, which is inconsistent with professional news photography standards."
BK_02_SPT_055.jpg,Fake,Real,0.43,"The visual/template consistency, language quality, and factual plausibility all align with a professional news outlet's style without any obvious signs of digital manipulation or anachronistic claims."
BK_02_SPT_059.jpg,Fake,Real,0.31,"The visual/template consistency, language quality, and factual plausibility align with a professional news outlet's style without any obvious signs of digital manipulation or anachronistic claims."
BK_02_SPT_075.jpg,Fake,Real,0.42,"The visual/template consistency, language quality, and factual plausibility all align with professional news outlet standards."
BK_02_SPT_092.jpg,Fake,Real,0.31,"The visual/template consistency, language quality, and factual plausibility all align with professional news outlet standards."
BK_02_SPT_129.jpg,Fake,Real,0.34,"The visual/template consistency, language quality, and factual plausibility all align with professional news outlet standards."
BK_02_SPT_134.jpg,Fake,Fake,0.93,"The text appears to be written in a style typical of clickbait or sensationalist news, which is inconsistent with professional journalistic standards. Additionally, the claim about a transfer fee for a female footballer seems exaggerated and unlikely without more context."
BK_02_SPT_137.jpg,Fake,Real,0.44,"The visual/template consistency, language quality, and factual plausibility all align with professional news outlet standards."
BK_02_SPT_146.jpg,Fake,Real,0.42,"The photocard appears to be from a real news outlet, as indicated by the consistent branding and layout. The text is written in standard Bangla editorial style without any obvious signs of digital manipulation or clickbait."
BK_02_SPT_169.jpg,Fake,Real,0.4,"The visual/template consistency, language quality, and factual plausibility all align with professional news outlet standards."
BK_02_SPT_181.jpg,Fake,Real,0.45,"The visual/template consistency, language quality, and factual plausibility all align with a professional news outlet's style without any obvious signs of digital manipulation or fabrication."
BK_02_SPT_189.jpg,Fake,Real,0.36,"The visual/template consistency, language quality, and factual plausibility all align with professional news outlet standards."
BK_02_SPT_197.jpg,Fake,Real,0.37,"The visual/template consistency, language quality, and factual plausibility all align with professional news outlet standards."
BK_02_SPT_210.png,Fake,Fake,0.79,"The image appears to be digitally manipulated, as evidenced by the uniformity and lack of natural variation in the group photo, which is inconsistent with professional news outlet practices."
BK_02_SPT_212.png,Fake,Real,0.41,"The visual/template consistency, language quality, and factual/content plausibility all align with professional news outlet standards."
BK_02_SPT_214.png,Fake,Real,0.44,"The visual/template consistency, language quality, and factual plausibility all align with a professional news outlet's style without any obvious signs of digital manipulation or anachronistic elements."
BK_02_SPT_215.png,Fake,Real,0.38,"The visual/template consistency, language quality, and factual plausibility align with a professional news outlet's style without any obvious signs of digital manipulation or inconsistency."
BK_02_SPT_216.png,Fake,Fake,0.83,"The image appears to be digitally edited, as indicated by the mismatched fonts and color patches around text elements. Additionally, the content seems implausible given known facts about football players and their medical conditions."
BK_02_SPT_218.png,Fake,Real,0.33,"The visual/template consistency, language quality, and factual plausibility align with professional news outlets' typical publishing style."
BK_02_SPT_220.png,Fake,Fake,0.87,"The text appears to be a fabricated headline, as it references Neymar in a way that suggests he is a Brazilian footballer named Alam Hossen Neymar, which contradicts known facts about Neymar and his identity."
BK_02_SPT_234.png,Fake,Fake,0.85,"The domain 'balerkantho.com' does not match any known Bangla news outlet, and the text appears to be a fabricated headline with no factual basis."
CB_02_BIZ_009.jpg,Fake,Fake,0.8,"The text appears to be in a satirical style, as indicated by 'Satire News' and the overall tone of the headline, which is inconsistent with professional news reporting."
CB_02_BIZ_069.jpg,Fake,Fake,0.87,"The image appears to be digitally manipulated, as evidenced by the inconsistent font and color in the text overlay, which is not typical of professional news outlets."
CB_02_BIZ_100.jpg,Fake,Fake,0.95,"The text appears to be in a satirical style, as indicated by 'Satire News' and the overall tone of the headline, which is inconsistent with professional news reporting."
CB_02_BIZ_127.jpg,Fake,Real,0.37,"The visual/template consistency, language quality, and factual plausibility all align with a professional news outlet's style without any obvious signs of digital manipulation or anachronistic claims."
CB_02_CRM_003.jpg,Fake,Fake,0.93,"The text appears to be in a satirical or fictional style, and the headline seems exaggerated for comedic effect rather than factual reporting."
CB_02_CRM_005.jpg,Fake,Fake,0.85,"The text appears to be in a satirical style, and the date is anachronistic for the content described."
CB_02_CRM_013.jpg,Fake,Real,0.36,"The visual/template consistency, language quality, and factual plausibility all align with a professional news outlet's style without any obvious signs of digital manipulation or inconsistency."
CB_02_CRM_028.jpg,Fake,Fake,0.86,"The image appears to be a satirical news piece, as indicated by the 'Satire News' label and the overall style of the photocard. The content is highly unlikely given real-world events involving famous individuals like those depicted in the image."
CB_02_CRM_029.jpg,Fake,Fake,0.8,"The text appears to be in a satirical style, as indicated by 'Satire News' and the overall tone of the headline, which is inconsistent with professional news reporting."
CB_02_CRM_035.jpg,Fake,Fake,0.93,"The text appears to be in a satirical or fictional style, as evidenced by the phrase 'Satire News' and the overall tone of the headline which does not align with typical professional news reporting."
CB_02_CRM_036.jpg,Fake,Fake,0.95,"The photocard appears to be a satire news item, as indicated by 'Satire News' in the bottom right corner and the overall style of the image which is inconsistent with professional news outlets."
CB_02_CRM_058.jpg,Fake,Fake,0.8,"The text appears to be in a satirical style, as indicated by 'Satire News' and the overall tone of the headline, which is inconsistent with professional news reporting."
CB_02_CRM_062.jpg,Fake,Fake,0.8,"The image appears to be digitally manipulated, as evidenced by the mismatched fonts and colors in the text overlay, which is inconsistent with professional news outlet standards."
CB_02_CRM_088.jpg,Fake,Fake,0.8,"The text appears to be in a satirical style, as indicated by 'Satire News' and the overall tone of the headline, which is inconsistent with professional news reporting."
CB_02_CRM_095.jpg,Fake,Fake,0.88,"The text appears to be in a satirical or fictional style, and the image quality suggests it may have been digitally manipulated for comedic effect rather than being an authentic news report."
CB_02_CRM_098.jpg,Fake,Fake,0.83,"The image appears to be digitally manipulated, as evidenced by the inconsistent text and logo design, which deviates from professional news outlet standards."
CB_02_CRM_108.jpg,Fake,Fake,0.9,"The image appears to be digitally manipulated, as evidenced by the mismatched fonts and colors in the text overlay, which is inconsistent with professional news outlet standards."
CB_02_CRM_112.jpg,Fake,Fake,0.82,"The text appears to be written in a style typical of clickbait or sensationalist content rather than professional news writing, and the date is anachronistic for any real event."
CB_02_CRM_118.jpg,Fake,Real,0.5,"The visual/template consistency, language quality, and factual plausibility all align with a professional news outlet's style without any obvious signs of digital manipulation or anachronistic elements."
CB_02_CRM_143.jpg,Fake,Real,0.33,"The visual/template consistency, language quality, and factual plausibility all align with a professional news outlet's style without any obvious signs of digital manipulation or anachronistic elements."
CB_02_DIS_026.jpg,Fake,Real,0.37,"The visual/template consistency, language quality, and factual plausibility all align with a professional news outlet's style without any obvious signs of digital manipulation or inconsistency."
CB_02_ENT_002.jpg,Fake,Fake,0.77,"The text appears to be in a satirical style, as indicated by 'Satire News,' and the content seems exaggerated for comedic effect rather than factual reporting."
CB_02_ENT_008.jpg,Fake,Fake,0.79,"The headline and image content appear to be unrelated, suggesting a fabricated news story. The visual elements also seem inconsistent with professional news outlet standards."
CB_02_ENT_010.jpg,Fake,Real,0.35,"The photocard appears to be from a real news outlet, as indicated by the logo and branding consistency with 'Dhandabaj24'. The text is written in standard Bangla editorial style without any obvious signs of digital manipulation or clickbait tone."
CB_02_ENT_048.jpg,Fake,Fake,0.9,"The image appears to be digitally edited, as evidenced by the mismatched fonts and colors in the text elements, which are inconsistent with a professional news outlet's normal publishing style."
CB_02_ENT_056.jpg,Fake,Fake,0.8,"The image appears to be digitally edited, as evidenced by the mismatched fonts and colors in the text overlay, which is inconsistent with professional news outlet standards."
CB_02_ENT_087.jpg,Fake,Fake,0.87,"The image appears to be digitally manipulated, as evidenced by inconsistencies in font style and color throughout the photocard, which is inconsistent with professional news outlet standards."
CB_02_ENT_115.jpg,Fake,Real,0.38,"The photocard appears to be from a real news outlet, as indicated by the consistent branding and layout. The text is written in standard Bangla editorial style without any obvious signs of digital manipulation or clickbait."
CB_02_ENT_133.jpg,Fake,Fake,0.76,"The text appears to be written in a style typical of clickbait or sensationalist content rather than professional news writing, and the date (20 April 2026) is anachronistic as it suggests a future event."
CB_02_ENT_155.jpg,Fake,Real,0.47,"The visual/template consistency, language quality, and factual plausibility all align with a professional news outlet's style without any obvious signs of digital manipulation or anachronistic elements."
CB_02_ENT_158.jpg,Fake,Real,0.47,"The photocard appears to be from a real news outlet, as indicated by the consistent branding and layout. The text is written in standard Bangla editorial style without any obvious signs of digital manipulation or clickbait."
CB_02_ENT_169.jpg,Fake,Fake,0.85,"The image appears to be digitally manipulated, as evidenced by the blurred faces and inconsistent text styles across different sections."
CB_02_HLT_027.jpg,Fake,Fake,0.88,"The text appears to be in a satirical style, and the image quality suggests digital manipulation rather than professional news production."
CB_02_HLT_032.jpg,Fake,Fake,0.77,"The image appears to be digitally manipulated, as evidenced by the blurred and edited areas in the photograph, inconsistent font styles, and an overall lack of professional news outlet consistency."
CB_02_HLT_080.jpg,Fake,Fake,0.84,"The text appears to be in a satirical style, and the headline and image do not align with any known factual events or individuals."
CB_02_HLT_174.jpg,Fake,Real,0.4,"The visual/template consistency, language quality, and factual plausibility all align with professional news outlets' typical publishing style."
CB_02_INT_016.jpg,Fake,Fake,0.91,"The image appears to be digitally manipulated, as evidenced by the mismatched fonts and colors in the text elements, which are inconsistent with a professional news outlet's normal publishing style."
CB_02_INT_017.jpg,Fake,Fake,0.92,"The image appears to be digitally manipulated, as evidenced by the mismatched fonts and colors in the text boxes, which are inconsistent with professional news outlet styles."
CB_02_INT_061.jpg,Fake,Fake,0.77,"The image appears to be digitally manipulated, as evidenced by the uniformity and lack of natural variation in the rickshaws' appearance and the man's attire, which is inconsistent with real-world photography."
CB_02_INT_067.jpg,Fake,Fake,0.77,"The text appears to be in a satirical or fictional style, as evidenced by the headline and the presence of logos that are not typically associated with real news outlets."
CB_02_INT_099.jpg,Fake,Fake,0.83,"The image appears to be digitally manipulated, as evidenced by the mismatched fonts and color patches around text elements."
CB_02_INT_116.jpg,Fake,Real,0.31,"The visual/template consistency, language quality, and factual plausibility align with professional news outlets' typical publishing style."
CB_02_INT_128.jpg,Fake,Fake,0.91,"The text appears to be written in a non-standard, informal style typical of clickbait or social media content rather than professional news writing."
CB_02_INT_170.jpg,Fake,Fake,0.84,"The text appears to be written in a style typical of clickbait or sensationalist content, rather than professional news writing. Additionally, the date and context seem inconsistent with known historical events."
CB_02_POL_004.jpg,Fake,Fake,0.8,"The text appears to be in a satirical style, as indicated by 'Satire News' and the overall tone of the headline, which is inconsistent with professional news writing."
CB_02_POL_015.jpg,Fake,Real,0.43,"The visual/template consistency, language quality, and factual plausibility align with a professional news outlet's style without any obvious signs of digital manipulation or anachronistic elements."
CB_02_POL_018.jpg,Fake,Real,0.32,"The visual/template consistency, language quality, and factual plausibility all align with professional news outlets' typical publishing style."
CB_02_POL_030.jpg,Fake,Fake,0.78,"The image appears to be digitally manipulated, as evidenced by the mismatched fonts and colors in the text overlay, which is inconsistent with professional news outlet standards."
CB_02_POL_070.jpg,Fake,Fake,0.8,"The image appears to be digitally manipulated, as evidenced by inconsistencies in font style and color patches around text elements."
CB_02_POL_076.jpg,Fake,Fake,0.84,"The text appears to be in a satirical or fictional style, as evidenced by the phrase 'ছিলেন আমি তাকে ক্লাস করিয়েছি' which is not typical of professional news reporting. Additionally, the date and context seem inconsistent with any known events."
CB_02_POL_078.jpg,Fake,Fake,0.79,"The text appears to be in a satirical or fictional style, as evidenced by the headline and content, which is inconsistent with professional news writing standards."
CB_02_POL_084.jpg,Fake,Fake,0.85,"The text appears to be in a satirical style, as indicated by 'Satire News' and the overall tone of the headline, which is inconsistent with professional news reporting."
CB_02_POL_101.jpg,Fake,Fake,0.76,"The text appears to be in a satirical style, as indicated by 'Satire News' and the overall tone of the headline, which is inconsistent with professional news reporting."
CB_02_POL_105.jpg,Fake,Fake,0.91,"The text appears to be in a satirical style, as indicated by 'Satire News' and the overall tone of the headline, which is inconsistent with professional news writing."
CB_02_POL_114.jpg,Fake,Fake,0.83,"The text appears to be written in a style typical of clickbait or sensationalist news, lacking professional journalistic standards and plausibility. The headline mentions a specific date (23 April 2026) which seems anachronistic given the context."
CB_02_POL_134.jpg,Fake,Fake,0.94,"The text appears to be written in a style typical of clickbait or sensationalist content, inconsistent with professional news writing. Additionally, the date and context seem anachronistic for the individuals shown."
CB_02_POL_137.jpg,Fake,Real,0.36,"The visual/template consistency, language quality, and factual plausibility all align with professional news outlets' typical publishing style."
CB_02_POL_141.jpg,Fake,Real,0.46,"The visual/template consistency, language quality, and factual/content plausibility all align with professional news outlets' typical publishing style."
CB_02_POL_144.jpg,Fake,Fake,0.77,"The text appears to be written in a style typical of clickbait or sensationalist content rather than professional news writing, which is the most influential dimension."
CB_02_SPT_038.jpg,Fake,Fake,0.92,"The image appears to be digitally manipulated, as evidenced by the unnatural alignment and blending of the person's face with the stadium field. The text also seems overly dramatic for a news outlet, lacking professional journalistic standards."
CB_02_SPT_040.jpg,Fake,Fake,0.84,"The headline and text appear to be in a satirical style, as indicated by 'Satire News' at the bottom right corner of the image."
CB_02_SPT_044.jpg,Fake,Fake,0.89,"The Bangla text appears to be a parody or satire, as evidenced by its informal and humorous tone, which is inconsistent with professional news writing style."
CB_02_SPT_047.jpg,Fake,Fake,0.81,"The text appears to be in a satirical style, and the image seems digitally manipulated with an inconsistent layout and fonts."
CB_02_SPT_091.jpg,Fake,Real,0.38,"The visual/template consistency, language quality, and factual plausibility align with professional news outlets' typical style."
CB_02_SPT_107.jpg,Fake,Fake,0.81,"The text appears to be in a satirical style, as indicated by 'Satire News' and the overall tone of the headline, which is inconsistent with professional news reporting."
CB_02_SPT_145.jpg,Fake,Fake,0.77,"The image appears to be digitally manipulated, as evidenced by the inconsistent font sizes and colors in the text section, which is not typical of professional news outlets."
CB_02_SPT_150.jpg,Fake,Fake,0.93,"The image appears to be digitally manipulated, as evidenced by the mismatched fonts and colors in the 'Match Loser Card' graphic, which contrasts sharply with the rest of the photocard's design."
DES_02_BIZ_009.jpg,Fake,Real,0.31,"The visual/template consistency, language quality, and factual plausibility all align with professional news outlets' typical publishing style."
DES_02_BIZ_043.jpg,Fake,Fake,0.93,"The headline and text appear to be written in a style typical of clickbait or sensationalist news, lacking professional journalistic standards. Additionally, the date '08 December 2025' is anachronistic for any historical event involving Bangladesh."
DES_02_BIZ_084.jpg,Fake,Real,0.33,"The visual/template consistency, language quality, and factual plausibility align with professional news outlets' typical publishing style."
DES_02_BIZ_142.jpg,Fake,Fake,0.9,"The headline and text appear to be written in a style typical of clickbait or sensationalist news, lacking professional journalistic standards. Additionally, the date format (20 November 2025) is anachronistic for a real Bangladeshi news outlet."
DES_02_CRM_023.jpg,Fake,Fake,0.92,"The Bangla text appears to be poorly written and lacks professional editorial style, suggesting it is not from a reputable news outlet."
DES_02_CRM_053.jpg,Fake,Real,0.49,"The photocard's layout, fonts, and Bangla text quality are consistent with professional news outlets. The headline and date align logically without contradictions."
DES_02_CRM_069.jpg,Fake,Fake,0.83,"The headline and text appear to be written in a style typical of clickbait or sensationalist news, lacking professional journalistic standards. Additionally, the date is set for January 2026, which seems anachronistic given current events."
DES_02_CRM_088.jpg,Fake,Fake,0.8,"The headline, image, and date are inconsistent with professional news outlets' typical style and content. The text appears to be a fabricated clickbait headline rather than an authentic news report."
DES_02_CRM_094.jpg,Fake,Real,0.47,"The visual/template consistency, language quality, and factual plausibility align with professional news outlets' typical publishing style."
DES_02_CRM_138.jpg,Fake,Fake,0.81,"The Bangla text appears to be poorly written and lacks professional editorial style, suggesting it is not from a reputable news outlet."
DES_02_CRM_144.jpg,Fake,Fake,0.93,"The Bangla text appears to be poorly written and lacks professional editorial style, suggesting it is not from a reputable news outlet."
DES_02_CRM_145.jpg,Fake,Fake,0.86,"The Bangla text appears to be written in a style that is not professional and lacks standard editorial quality, suggesting it may be fabricated or poorly translated."
DES_02_CRM_158.jpg,Fake,Fake,0.88,"The Bangla text appears to be poorly written and lacks professional editorial style, suggesting it is not from a reputable news outlet."
DES_02_CRM_168.jpg,Fake,Fake,0.85,"The headline, image, and date are inconsistent with professional news outlets' typical style and content. The text appears to be poorly written in Bangla, lacking the standard editorial quality expected from a reputable source."
DES_02_CRM_169.jpg,Fake,Real,0.47,"The visual/template consistency, language quality, and factual plausibility align with professional news outlets' typical style."
DES_02_CRM_170.jpg,Fake,Fake,0.87,"The image appears to be digitally manipulated, as evidenced by the mismatched fonts and color patches in the text, which are inconsistent with professional news outlet publishing styles."
DES_02_CRM_175.jpg,Fake,Real,0.48,"The visual/template consistency, language quality, and factual plausibility all align with professional news outlets' typical publishing style."
DES_02_CRM_178.jpg,Fake,Real,0.49,"The visual/template consistency, language quality, and factual plausibility all align with professional news outlets' typical publishing style."
DES_02_CRM_183.jpg,Fake,Real,0.36,"The visual/template consistency, language quality, and factual plausibility align with professional news outlets' typical style."
DES_02_DIS_151.jpg,Fake,Real,0.44,"The visual/template consistency, language quality, and factual plausibility all align with professional news outlets' typical publishing style."
DES_02_ENT_017.jpg,Fake,Fake,0.79,"The Bangla text appears to be poorly written and unnatural, lacking in professional editorial style, which is a strong indicator of fabrication."
DES_02_ENT_019.jpg,Fake,Real,0.34,"The visual/template consistency, language quality, and factual plausibility all align with professional news outlets' typical publishing style."
DES_02_ENT_058.jpg,Fake,Fake,0.81,"The date '26 December 2025' is highly improbable, as it falls in a future year and contradicts the known timeline of events involving the individuals mentioned."
DES_02_ENT_103.jpg,Fake,Real,0.5,"The visual/template consistency, language quality, and factual plausibility all align with professional news outlets' typical publishing style."
DES_02_ENT_106.jpg,Fake,Real,0.45,"The visual/template consistency, language quality, and factual plausibility all align with professional news outlets' typical publishing style."
DES_02_ENT_124.jpg,Fake,Real,0.43,"The visual/template consistency, language quality, and factual plausibility all align with professional news outlet standards without any obvious signs of digital manipulation or anachronistic content."
DES_02_HLT_136.jpg,Fake,Fake,0.77,"The domain 'prothomalu.com' is not consistent with The Delhi Star's branding, and the text appears to be a mix of professional news style and informal language, which is inconsistent for a reputable outlet."
DES_02_INT_050.jpg,Fake,Real,0.48,"The photocard appears to be from a real news outlet, as indicated by the consistent branding and professional layout. The Bangla text is written in standard editorial style without any unnatural phrasing or informal slang."
DES_02_INT_067.jpg,Fake,Fake,0.85,"The image appears to be digitally manipulated, as evidenced by the mismatched fonts and colors in the cartoon section compared to the rest of the photocard."
DES_02_INT_105.jpg,Fake,Fake,0.76,"The Bangla text appears to be written in a style inconsistent with professional news writing, and the headline seems exaggerated for clickbait purposes."
DES_02_INT_153.jpg,Fake,Fake,0.93,"The image appears to be digitally manipulated, as evidenced by the blurred and inconsistent fonts in the text overlay, which is not typical of professional news outlets."
DES_02_POL_004.jpg,Fake,Real,0.37,"The visual/template consistency, language quality, and factual/content plausibility all align with professional news outlet standards."
DES_02_POL_007.jpg,Fake,Fake,0.77,"The image appears to be digitally manipulated, as evidenced by the inconsistent font and color in the text overlay, which is not typical of professional news outlets."
DES_02_POL_010.jpg,Fake,Real,0.45,"The visual/template consistency, language quality, and factual/content plausibility all align with professional news outlets' typical publishing style."
DES_02_POL_011.jpg,Fake,Real,0.34,"The visual/template consistency, language quality, and factual plausibility align with professional news outlets' typical publishing style."
DES_02_POL_012.jpg,Fake,Real,0.33,"The visual/template consistency, language quality, and factual plausibility all align with professional news outlets' typical publishing style."
DES_02_POL_015.jpg,Fake,Fake,0.76,"The date '17 November 2025' is highly improbable for a news outlet, and the text appears to be written in an informal style typical of clickbait or propaganda rather than professional journalism."
DES_02_POL_025.jpg,Fake,Fake,0.89,"The headline and text appear to be fabricated, as they reference a specific date (28 November 2025) that is not in the future but rather in the past, which contradicts known facts about news outlets publishing such content."
DES_02_POL_026.jpg,Fake,Real,0.37,"The visual/template consistency, language quality, and factual plausibility align with professional news outlets' typical publishing style."
DES_02_POL_027.jpg,Fake,Real,0.41,"The visual/template consistency, language quality, and factual plausibility align with professional news outlets' typical publishing style."
DES_02_POL_033.jpg,Fake,Fake,0.85,"The Bangla text appears to be poorly written and lacks professional editorial style, suggesting it is not from a reputable news outlet."
DES_02_POL_035.jpg,Fake,Real,0.49,"The visual/template consistency, language quality, and factual plausibility all align with professional news outlets' typical publishing style."
DES_02_POL_036.jpg,Fake,Fake,0.76,"The date '04 December 2025' is highly improbable for a news outlet, and the text appears to be written in an informal style with grammatical errors typical of fabricated content."
DES_02_POL_038.jpg,Fake,Fake,0.88,"The Bangla text appears to be poorly written and lacks professional editorial style, suggesting it is not from a reputable news outlet."
DES_02_POL_045.jpg,Fake,Fake,0.9,"The date '10 December 2025' is highly improbable for a news outlet, and the text appears to be written in an informal style with grammatical errors typical of fabricated content."
DES_02_POL_046.jpg,Fake,Real,0.43,"The visual/template consistency, language quality, and factual plausibility all align with professional news outlet standards without any obvious signs of digital manipulation or anachronistic content."
DES_02_POL_057.jpg,Fake,Real,0.39,"The visual/template consistency, language quality, and factual plausibility all align with professional news outlet standards without any obvious signs of digital manipulation or anachronistic elements."
DES_02_POL_061.jpg,Fake,Real,0.46,"The visual/template consistency, language quality, and factual plausibility all align with professional news outlet standards."
DES_02_POL_071.jpg,Fake,Real,0.46,"The visual/template consistency, language quality, and factual plausibility all align with professional news outlets' typical publishing style."
DES_02_POL_073.jpg,Fake,Real,0.33,"The visual/template consistency, language quality, and factual plausibility align with professional news outlets' typical publishing style."
DES_02_POL_074.jpg,Fake,Real,0.45,"The visual/template consistency, language quality, and factual/content plausibility all align with professional news outlets' typical publishing style."
DES_02_POL_075.jpg,Fake,Real,0.35,"The visual/template consistency, language quality, and factual plausibility align with professional news outlets' typical publishing style."
DES_02_POL_077.jpg,Fake,Fake,0.77,"The image appears to be digitally edited, as evidenced by the mismatched fonts and colors in the text elements, which are inconsistent with professional news outlet styles."
DES_02_POL_083.jpg,Fake,Real,0.41,"The visual/template consistency, language quality, and factual plausibility all align with professional news outlet standards without any obvious signs of digital manipulation or anachronistic elements."
DES_02_POL_086.jpg,Fake,Real,0.43,"The visual/template consistency, language quality, and factual plausibility all align with professional news outlets' typical publishing style."
DES_02_POL_087.jpg,Fake,Real,0.4,"The visual/template consistency, language quality, and factual plausibility align with professional news outlets' typical publishing style."
DES_02_POL_090.jpg,Fake,Real,0.37,"The visual/template consistency, language quality, and factual plausibility align with professional news outlets' typical publishing style."
DES_02_POL_092.jpg,Fake,Real,0.41,"The visual/template consistency, language quality, and factual plausibility all align with professional news outlets' typical publishing style."
DES_02_POL_093.jpg,Fake,Real,0.45,"The visual/template consistency, language quality, and factual plausibility align with professional news outlets' typical style."
DES_02_POL_100.jpg,Fake,Real,0.3,"The visual/template consistency, language quality, and factual plausibility all align with professional news outlet standards."
DES_02_POL_102.jpg,Fake,Fake,0.88,"The image appears to be digitally edited, with mismatched fonts and colors, and the text seems overly dramatic for a professional news outlet."
DES_02_POL_110.jpg,Fake,Real,0.31,"The visual/template consistency, language quality, and factual plausibility align with professional news outlets' typical publishing style."
DES_02_POL_114.jpg,Fake,Fake,0.89,"The headline, date, and name appear to be fabricated as there is no credible source or event matching these details in my knowledge base."
DES_02_POL_116.jpg,Fake,Real,0.43,"The visual/template consistency, language quality, and factual plausibility all align with professional news outlets' typical publishing style."
DES_02_POL_121.jpg,Fake,Real,0.43,"The visual/template consistency, language quality, and factual plausibility align with professional news outlets' typical publishing style."
DES_02_POL_123.jpg,Fake,Real,0.37,"The photocard appears to be from a real news outlet, as indicated by its consistent layout and professional style. The Bangla text is written in standard editorial style without any unnatural phrasing or informal slang."
DES_02_POL_127.jpg,Fake,Fake,0.79,"The headline, date, and image content do not align with known events in Bangladesh. The text appears to be a fabricated news story."
DES_02_POL_128.jpg,Fake,Real,0.37,"The visual/template consistency, language quality, and factual plausibility all align with professional news outlets' typical publishing style."
DES_02_POL_130.jpg,Fake,Real,0.48,"The visual/template consistency, language quality, and factual plausibility all align with professional news outlets' typical publishing style."
DES_02_POL_134.png,Fake,Real,0.37,"The visual/template consistency, language quality, and factual plausibility all align with professional news outlets' typical publishing style."
DES_02_POL_137.jpg,Fake,Fake,0.87,"The headline and text appear to be in a style typical of clickbait or sensationalist news, which is inconsistent with professional journalistic standards. Additionally, the date format (24 September 2025) seems anachronistic for a news outlet that would likely use more standard formats."
DES_02_POL_149.jpg,Fake,Real,0.31,"The visual/template consistency, language quality, and factual plausibility all align with professional news outlet standards."
DES_02_POL_156.jpg,Fake,Fake,0.92,"The text appears to be in a style typical of clickbait or sensationalist content rather than professional news writing, and the date '31 December 2025' is anachronistic for any real event."
DES_02_POL_161.jpg,Fake,Fake,0.9,"The Bangla text appears to be poorly written and lacks professional editorial style, suggesting it is not from a reputable news outlet."
DES_02_POL_163.jpg,Fake,Fake,0.77,"The Bangla text appears to be written in a style that is not professional and lacks standard editorial quality, suggesting it may be fabricated or poorly translated."
DES_02_POL_164.jpg,Fake,Real,0.45,"The visual/template consistency, language quality, and factual plausibility all align with professional news outlet standards."
DES_02_POL_173.jpg,Fake,Real,0.31,"The visual/template consistency, language quality, and factual plausibility all align with professional news outlets' typical publishing style."
DES_02_POL_174.jpg,Fake,Real,0.33,"The visual/template consistency, language quality, and factual plausibility all align with professional news outlets' typical publishing style."
DES_02_POL_177.jpg,Fake,Real,0.45,"The visual/template consistency, language quality, and factual/content plausibility all align with professional news outlets' typical publishing style."
DES_02_POL_184.jpg,Fake,Fake,0.91,"The Bangla text appears to be poorly written and lacks professional editorial style, suggesting it is not from a reputable news outlet."
DES_02_SPT_059.jpg,Fake,Real,0.48,"The visual/template consistency, language quality, and factual plausibility all align with professional news outlets' typical publishing style."
DES_02_SPT_064.jpg,Fake,Fake,0.91,"The Bangla text appears to be poorly written and unnatural, lacking in professional editorial style, which is a strong indicator of fabrication."
DES_02_SPT_066.jpg,Fake,Real,0.39,"The visual/template consistency, language quality, and factual plausibility all align with professional news outlet standards."
DES_02_SPT_095.jpg,Fake,Fake,0.81,"The headline and date are inconsistent with known events, and the image appears to be digitally edited."
DES_02_SPT_096.jpg,Fake,Fake,0.89,"The headline and text appear to be in a style typical of clickbait or sensationalist news, which is inconsistent with professional journalistic standards. Additionally, the date (27 March 2026) seems anachronistic for a news article about Lionel Messi, as he retired from active play much earlier."
DES_02_SPT_131.jpg,Fake,Real,0.36,"The visual/template consistency, language quality, and factual plausibility align with professional news outlets' typical style."
DES_02_SPT_191.png,Fake,Real,0.33,"The visual/template consistency, language quality, and factual plausibility align with professional news outlets' typical publishing style."
JO_02_BIZ_019.jpg,Fake,Fake,0.8,"The image appears to be digitally manipulated, as indicated by the mismatched fonts and colors in the text overlay, which is inconsistent with professional news outlet styles."
JO_02_BIZ_041.jpg,Fake,Fake,0.84,"The image appears to be digitally manipulated, as indicated by the mismatched fonts and color patches around text elements."
JO_02_BIZ_049.jpg,Fake,Fake,0.85,"The text appears to be in a non-standard Bangla script, and the date format (মে) is not commonly used for Bangladesh. Additionally, the image of the cow does not match any known event or context related to the headline."
JO_02_BIZ_067.jpg,Fake,Real,0.32,"The visual/template consistency, language quality, and factual plausibility all align with a professional news outlet's style without any obvious signs of digital manipulation or anachronistic elements."
JO_02_BIZ_079.jpg,Fake,Real,0.48,"The visual/template consistency, language quality, and factual plausibility all align with a professional news outlet's style without any obvious signs of digital manipulation or anachronistic elements."
JO_02_BIZ_126.jpg,Fake,Fake,0.94,"The image appears to be digitally manipulated, as evidenced by the inconsistent lighting and shadows across different parts of the photo, which is not typical for professional news outlets."
JO_02_BIZ_127.jpg,Fake,Real,0.34,"The photocard appears to be from a real news outlet, as indicated by the consistent branding and professional layout. The text is written in standard Bangla editorial style without any obvious signs of digital manipulation or clickbait."
JO_02_BIZ_242.jpg,Fake,Real,0.42,"The visual/template consistency, language quality, and factual plausibility all align with a professional news outlet's style without any obvious signs of digital manipulation or anachronistic claims."
JO_02_BIZ_282.jpg,Fake,Real,0.44,"The visual/template consistency, language quality, and factual plausibility align with a professional news outlet's style without any obvious signs of digital manipulation or anachronistic claims."
JO_02_CRM_012.jpg,Fake,Fake,0.84,"The headline and date appear to be fabricated, as they reference a specific event that is not widely known or documented in recent history."
JO_02_CRM_037.jpg,Fake,Real,0.38,"The visual/template consistency, language quality, and factual plausibility all align with a professional news outlet's style."
JO_02_CRM_076.jpg,Fake,Fake,0.76,"The Bangla text appears to be poorly written and unnatural, lacking in professional editorial style, which is a strong indicator of fabrication."
JO_02_CRM_113.jpg,Fake,Real,0.38,"The photocard appears to be from a real news outlet, as indicated by the consistent branding and professional layout. The text is written in standard Bangla editorial style without any obvious signs of digital manipulation or clickbait."
JO_02_CRM_146.jpg,Fake,Fake,0.76,"The text appears to be written in a non-standard, informal style typical of clickbait or fabricated news rather than professional editorial content."
JO_02_CRM_155.jpg,Fake,Fake,0.87,"The Bangla text appears to be poorly written and unnatural, lacking in professional editorial style, which is a strong indicator of fabrication."
JO_02_CRM_159.jpg,Fake,Real,0.41,"The visual/template consistency, language quality, and factual plausibility align with professional news outlets' typical style."
JO_02_CRM_182.jpg,Fake,Real,0.5,"The photocard appears to be from a real news outlet, as indicated by the logo and branding consistent with known outlets like Jogra TV. The text is written in standard Bangla editorial style without any obvious signs of digital manipulation or clickbait."
JO_02_CRM_184.jpg,Fake,Real,0.34,"The photocard's branding, font style, and overall layout are consistent with professional news outlets. The Bangla text appears to be written in a standard editorial style without any obvious signs of digital manipulation or clickbait."
JO_02_CRM_201.jpg,Fake,Real,0.41,"The visual/template consistency, language quality, and factual plausibility all align with professional news outlets' typical publishing style."
JO_02_CRM_210.jpg,Fake,Real,0.5,"The photocard appears to be from a real news outlet, as indicated by the logo and branding on Jogra TV. The text is written in standard Bangla editorial style, and there are no signs of digital editing or manipulation."
JO_02_CRM_219.jpg,Fake,Real,0.32,"The photocard appears to be from a real news outlet, as indicated by the consistent branding and professional layout. The text is written in standard Bangla editorial style without any obvious signs of digital manipulation or clickbait."
JO_02_CRM_225.jpg,Fake,Fake,0.86,"The Bangla text appears to be poorly written and unnatural, lacking in professional editorial style, which is a strong indicator of fabrication."
JO_02_CRM_230.jpg,Fake,Real,0.36,"The photocard appears to be from a real news outlet, as indicated by the logo and branding consistent with Jogra TV's style. The text is written in standard Bangla editorial style without any obvious signs of digital manipulation or clickbait."
JO_02_CRM_231.jpg,Fake,Fake,0.77,"The date mentioned (1 December 2025) is anachronistic, as it predates any known event involving the individuals shown in the image."
JO_02_CRM_255.jpg,Fake,Real,0.47,"The visual/template consistency, language quality, and factual plausibility all align with professional news outlets' typical style."
JO_02_CRM_257.jpg,Fake,Real,0.32,"The visual/template consistency, language quality, and factual plausibility all align with professional news outlets' typical publishing style."
JO_02_CRM_260.jpg,Fake,Real,0.31,"The photocard appears to be from a real news outlet, as indicated by the logo and branding consistent with known outlets like Jogra TV. The text is written in standard Bangla editorial style without any obvious signs of digital manipulation or clickbait."
JO_02_CRM_261.jpg,Fake,Real,0.32,"The photocard appears professionally formatted with consistent branding, standard Bangla text quality, and no visible signs of digital manipulation or inconsistency in the image itself."
JO_02_CRM_276.jpg,Fake,Fake,0.79,"The image appears to be digitally edited, as evidenced by the mismatched fonts and color patches around text elements."
JO_02_DIS_014.jpg,Fake,Fake,0.93,"The Bangla text appears to be poorly written and unnatural, lacking in professional editorial style, which is a strong indicator of the photocard being fabricated."
JO_02_DIS_249.jpg,Fake,Real,0.38,"The photocard appears to be from a real news outlet, as indicated by the logo and branding consistent with known outlets like Jogra TV. The text is written in standard Bangla editorial style without any obvious signs of digital manipulation or clickbait."
JO_02_DIS_252.jpg,Fake,Fake,0.84,"The text appears to be written in a style typical of clickbait or sensationalist news, lacking professional journalistic standards and plausibility."
JO_02_DIS_253.jpg,Fake,Real,0.44,"The photocard's branding, font style, and layout are consistent with professional news outlets. The Bangla text appears in a standard editorial style without any obvious signs of digital manipulation or clickbait."
JO_02_ENT_022.jpg,Fake,Fake,0.75,"The text appears to be written in a style typical of clickbait or satirical content rather than professional news writing, and the date is not consistent with any known events."
JO_02_ENT_030.jpg,Fake,Real,0.39,"The visual/template consistency, language quality, and factual plausibility all align with a professional news outlet's style without any obvious signs of digital manipulation or anachronistic elements."
JO_02_ENT_048.jpg,Fake,Real,0.43,"The visual/template consistency, language quality, and factual plausibility all align with a professional news outlet's style without any obvious signs of digital manipulation or anachronistic claims."
JO_02_ENT_051.jpg,Fake,Fake,0.8,"The text appears to be written in a style typical of clickbait or satirical content rather than professional news writing, and the date format (2 মে ২০২৬) is unusual for Bangla news outlets."
JO_02_ENT_074.jpg,Fake,Fake,0.91,"The image appears to be digitally manipulated, as evidenced by the mismatched fonts and colors in the text elements, which are inconsistent with professional news outlet standards."
JO_02_ENT_075.jpg,Fake,Real,0.49,"The visual/template consistency, language quality, and factual plausibility all align with professional news outlet standards without any obvious signs of digital manipulation or anachronistic elements."
JO_02_ENT_077.jpg,Fake,Real,0.34,"The visual/template consistency, language quality, and factual plausibility all align with professional news outlets' typical publishing style."
JO_02_ENT_083.jpg,Fake,Real,0.49,"The photocard appears professionally formatted with consistent branding, a clear date, and standard Bangla text without any obvious signs of digital manipulation or clickbait language."
JO_02_ENT_084.jpg,Fake,Fake,0.9,"The Bangla text appears to be poorly written and unnatural, lacking in professional editorial style, which is a strong indicator of fabrication."
JO_02_ENT_093.jpg,Fake,Real,0.47,"The photocard appears to be from a real news outlet, as indicated by the consistent branding and professional layout. The text is written in standard Bangla editorial style without any obvious signs of digital manipulation or clickbait."
JO_02_ENT_100.jpg,Fake,Real,0.42,"The photocard appears to be from a real news outlet, as indicated by the consistent branding and professional layout. The Bangla text is written in standard editorial style without any obvious signs of digital manipulation or clickbait."
JO_02_ENT_101.jpg,Fake,Fake,0.89,"The text appears to be written in a non-standard, informal style typical of clickbait or propaganda rather than professional news writing."
JO_02_ENT_136.jpg,Fake,Real,0.35,"The image appears to be a professional news broadcast from Jogra TV, as indicated by the logo and branding in the bottom left corner. The text is written in standard Bangla editorial style, and there are no signs of digital editing or manipulation visible."
JO_02_ENT_140.jpg,Fake,Real,0.31,"The photocard appears professionally formatted with consistent branding, standard Bangla text quality, and a plausible date and event description based on general knowledge."
JO_02_ENT_147.jpg,Fake,Real,0.4,"The photocard appears to be from a real news outlet, as indicated by the consistent branding and professional layout. The Bangla text is written in standard editorial style without any obvious signs of digital manipulation or clickbait."
JO_02_ENT_181.jpg,Fake,Real,0.33,"The photocard appears to be from a real news outlet, as indicated by the consistent branding and professional layout. The text is written in standard Bangla editorial style without any obvious signs of digital manipulation or clickbait."
JO_02_ENT_189.jpg,Fake,Fake,0.86,"The Bangla text appears to be poorly written and unnatural, lacking in professional editorial style, which is a strong indicator of fabrication."
JO_02_ENT_192.jpg,Fake,Real,0.36,"The photocard appears to be from a real news outlet, as indicated by the consistent branding and professional layout. The Bangla text is written in standard editorial style, and there are no signs of digital editing or manipulation."
JO_02_ENT_204.jpg,Fake,Real,0.33,"The visual/template consistency, language quality, and factual plausibility all align with a professional news outlet's style without any obvious signs of digital manipulation or anachronistic elements."
JO_02_ENT_256.jpg,Fake,Real,0.33,"The photocard appears to be from a real news outlet, as indicated by the logo and branding on the bottom left corner of the image."
JO_02_ENT_266.jpg,Fake,Fake,0.91,"The Bangla text appears to be poorly written and lacks professional editorial style, suggesting it is not from a reputable news outlet."
JO_02_ENT_271.jpg,Fake,Real,0.41,"The visual/template consistency, language quality, and factual plausibility all align with professional news outlets' typical publishing style."
JO_02_ENT_284.jpg,Fake,Fake,0.77,"The text appears to be a clickbait headline, and the date format (September 2025) is anachronistic for any real news outlet."
JO_02_ENT_296.jpg,Fake,Real,0.36,"The photocard appears to be from a real news outlet, as indicated by the logo and branding consistent with known outlets like Jogra TV. The text is written in standard Bangla editorial style without any obvious signs of digital manipulation or clickbait."
JO_02_ENT_301.jpg,Fake,Real,0.37,"The visual/template consistency, language quality, and factual plausibility align with a professional news outlet's style without any obvious signs of digital manipulation or inconsistency."
JO_02_HLT_056.jpg,Fake,Fake,0.85,"The text appears to be written in a style typical of clickbait or sensationalist content, rather than professional news writing. Additionally, the date mentioned (19 March 2026) is anachronistic and does not align with any known historical events."
JO_02_HLT_097.jpg,Fake,Real,0.44,"The visual/template consistency, language quality, and factual plausibility all align with professional news outlets' typical publishing style."
JO_02_HLT_119.jpg,Fake,Real,0.43,"The visual/template consistency, language quality, and factual plausibility align with professional news outlets' typical style."
JO_02_HLT_142.jpg,Fake,Real,0.32,"The photocard appears to be from a real news outlet, as indicated by the consistent branding and professional layout. The text is written in standard Bangla editorial style without any obvious signs of digital manipulation or clickbait."
JO_02_HLT_167.jpg,Fake,Real,0.46,"The photocard appears to be from a real news outlet, as indicated by the consistent branding and professional layout. The Bangla text is written in standard editorial style without any obvious signs of digital manipulation or clickbait."
JO_02_HLT_183.jpg,Fake,Fake,0.94,"The date '20 ডিসেম্বর ২০২৫' (December 20, 2025) is anachronistic and does not align with the content or style of a professional news outlet."
JO_02_HLT_264.jpg,Fake,Fake,0.79,"The text appears to be written in a style typical of clickbait or sensationalist news, lacking professional journalistic standards and plausibility."
JO_02_INT_031.jpg,Fake,Real,0.37,"The visual/template consistency, language quality, and factual plausibility all align with a professional news outlet's style."
JO_02_INT_035.jpg,Fake,Real,0.34,"The visual/template consistency, language quality, and factual plausibility all align with professional news outlets' typical publishing style."
JO_02_INT_054.jpg,Fake,Real,0.36,"The visual/template consistency, language quality, and factual plausibility align with professional news outlets' typical style."
JO_02_INT_061.jpg,Fake,Real,0.5,"The photocard appears to be from a real news outlet, as indicated by the logo and branding consistent with known outlets like Jogra TV. The text is written in standard Bangla editorial style without any obvious signs of digital manipulation or clickbait."
JO_02_INT_186.jpg,Fake,Fake,0.94,"The date '17 December 2025' is anachronistic, as it suggests a future event that has not occurred yet."
JO_02_INT_190.jpg,Fake,Fake,0.88,"The image appears to be digitally manipulated, as evidenced by the inconsistent quality and the mismatched fonts in the text overlay."
JO_02_INT_195.jpg,Fake,Fake,0.93,"The date '13 ডিসেম্বর ২০২৫' (December 13, 2025) is highly unlikely to be accurate for a news article about an event that occurred in December of the previous year. This discrepancy strongly suggests fabrication."
JO_02_INT_198.jpg,Fake,Fake,0.85,"The Bangla text appears to be poorly written and unnatural, lacking in professional editorial style, which is a strong indicator of fabrication."
JO_02_INT_208.jpg,Fake,Fake,0.92,"The image appears to be digitally manipulated, as evidenced by the mismatched fonts and color patches around text elements."
JO_02_INT_239.jpg,Fake,Fake,0.81,"The Bangla text appears to be poorly written and lacks professional editorial style, suggesting it is not from a reputable news outlet."
JO_02_INT_246.jpg,Fake,Fake,0.77,"The text appears to be a fabricated headline, as it references a specific event involving political figures that does not align with known historical or current events in Bangladesh and India."
JO_02_INT_250.jpg,Fake,Real,0.43,"The image appears to be a professional news outlet's style, with consistent fonts and layout. The Bangla text is written in standard editorial style without any unnatural phrasing or clickbait tone."
JO_02_INT_251.jpg,Fake,Real,0.42,"The visual/template consistency, language quality, and factual plausibility all align with a professional news outlet's style without any obvious signs of digital manipulation or anachronistic claims."
JO_02_INT_262.jpg,Fake,Real,0.39,"The visual/template consistency, language quality, and factual plausibility all align with professional news outlets' typical publishing style."
JO_02_INT_269.jpg,Fake,Real,0.47,"The visual/template consistency, language quality, and factual plausibility all align with professional news outlets' typical publishing style."
JO_02_INT_280.jpg,Fake,Fake,0.84,"The text appears to be a clickbait headline, inconsistent with professional news writing style and factual content plausibility."
JO_02_INT_281.jpg,Fake,Real,0.41,"The photocard appears to be from a real news outlet, as indicated by the consistent branding and professional layout. The Bangla text is written in standard editorial style without any unnatural phrasing or clickbait tone."
JO_02_INT_285.jpg,Fake,Real,0.35,"The photocard appears to be from a real news outlet, as indicated by the consistent branding and professional layout. The Bangla text is written in standard editorial style without any unnatural phrasing or clickbait tone."
JO_02_INT_294.jpg,Fake,Real,0.32,"The visual/template consistency, language quality, and factual plausibility all align with professional news outlet standards."
JO_02_INT_302.jpg,Fake,Fake,0.83,"The text appears to be a fabricated quote, as it is not in standard professional Bangla editorial style and seems to be an attempt at humor or satire rather than factual reporting."
JO_02_POL_004.jpg,Fake,Fake,0.92,"The image appears to be digitally manipulated, as evidenced by the blurred face and inconsistent text style, which are not typical of professional news outlets."
JO_02_POL_008.jpg,Fake,Fake,0.87,"The image appears to be digitally manipulated, as evidenced by the unrealistic flying car and the overall polished look that doesn't align with typical news outlet styles or content."
JO_02_POL_009.jpg,Fake,Fake,0.94,"The image appears to be digitally manipulated, as evidenced by inconsistencies in font style and color patches around text elements."
JO_02_POL_013.jpg,Fake,Fake,0.83,"The Bangla text appears to be poorly written and unnatural, lacking in professional editorial style, which is a strong indicator of fabrication."
JO_02_POL_017.jpg,Fake,Fake,0.94,"The image appears to be digitally edited, as evidenced by the mismatched fonts and color patches around text elements in the photocard."
JO_02_POL_032.jpg,Fake,Fake,0.76,"The Bangla text appears to be poorly written and lacks professional editorial style, suggesting it is not from a reputable news outlet."
JO_02_POL_064.jpg,Fake,Real,0.37,"The photocard appears to be from a real news outlet, as indicated by the consistent branding and professional layout. The Bangla text is written in standard editorial style without any unnatural phrasing or informal slang."
JO_02_POL_070.jpg,Fake,Real,0.31,"The photocard appears professionally formatted with consistent branding, standard Bangla text, and a plausible date for an election result in Bangladesh."
JO_02_POL_071.jpg,Fake,Real,0.38,"The photocard appears to be from a real news outlet, as indicated by the consistent branding and professional layout. The text is written in standard Bangla editorial style without any obvious signs of digital manipulation or clickbait."
JO_02_POL_073.jpg,Fake,Real,0.36,"The photocard appears to be from a real news outlet, as indicated by the logo and branding consistent with Jogra TV's style. The text is written in standard Bangla editorial style without any obvious signs of digital manipulation or clickbait."
JO_02_POL_086.jpg,Fake,Real,0.3,"The photocard appears to be from a real news outlet, as indicated by the logo and branding consistent with known outlets like Jogra TV. The text is written in standard Bangla editorial style without any obvious signs of digital manipulation or clickbait."
JO_02_POL_094.jpg,Fake,Fake,0.83,"The image appears to be digitally manipulated, as evidenced by the mismatched facial features and the unnatural blending between two different individuals. The text also seems to lack professional journalistic standards."
JO_02_POL_098.jpg,Fake,Fake,0.79,"The text appears to be in a style typical of clickbait or promotional content rather than professional news writing, and there is no clear indication that the event described has occurred."
JO_02_POL_099.jpg,Fake,Fake,0.91,"The text appears to be written in a style typical of clickbait or sensationalist news, lacking professional journalistic standards and plausibility. The date is also unusual for such an event."
JO_02_POL_102.jpg,Fake,Fake,0.93,"The text appears to be written in a style typical of clickbait or sensationalist content, rather than professional news writing. Additionally, the date and headline seem inconsistent with known historical events involving Sheikh Hasina."
JO_02_POL_104.jpg,Fake,Real,0.47,"The photocard appears to be from a real news outlet, as indicated by the consistent branding and professional layout. The Bangla text is written in standard editorial style without any unnatural phrasing or clickbait tone."
JO_02_POL_112.jpg,Fake,Real,0.44,"The photocard appears to be from a real news outlet, as indicated by the consistent branding and professional layout. The Bangla text is written in standard editorial style without any obvious signs of digital manipulation or clickbait."
JO_02_POL_114.jpg,Fake,Real,0.5,"The photocard appears to be from a real news outlet, as indicated by the consistent branding and professional layout. The text is written in standard Bangla editorial style without any obvious signs of digital manipulation or clickbait."
JO_02_POL_115.jpg,Fake,Real,0.31,"The visual/template consistency, language quality, and factual plausibility align with a professional news outlet's style without any obvious signs of digital manipulation or anachronistic claims."
JO_02_POL_117.jpg,Fake,Fake,0.92,"The text appears to be written in a style typical of clickbait or propaganda rather than professional news writing, and the date mentioned (25 January 2026) is anachronistic as it predates any known event involving Ronaldinho."
JO_02_POL_120.jpg,Fake,Real,0.32,"The photocard appears to be from a real news outlet, as indicated by the consistent branding and professional layout. The Bangla text is written in standard editorial style, and there are no signs of digital editing or manipulation."
JO_02_POL_124.jpg,Fake,Real,0.32,"The photocard appears to be from a real news outlet, as indicated by the logo and branding consistent with known outlets like Jogra TV. The text is written in standard Bangla editorial style without any obvious signs of digital manipulation or clickbait."
JO_02_POL_130.jpg,Fake,Real,0.39,"The photocard appears to be from a real news outlet, as indicated by the consistent branding and professional layout. The text is written in standard Bangla editorial style without any obvious signs of digital manipulation or clickbait."
JO_02_POL_173.jpg,Fake,Fake,0.78,"The Bangla text appears to be poorly written and lacks professional editorial style, suggesting it is not from a reputable news outlet."
JO_02_POL_174.jpg,Fake,Real,0.44,"The photocard appears to be from a real news outlet, as indicated by the consistent branding and professional layout. The Bangla text is written in standard editorial style without any obvious signs of digital manipulation or clickbait."
JO_02_POL_175.jpg,Fake,Real,0.4,"The photocard appears to be from a real news outlet, as indicated by the consistent branding and professional layout. The text is written in standard Bangla editorial style without any obvious signs of digital manipulation or clickbait."
JO_02_POL_176.jpg,Fake,Real,0.39,"The visual/template consistency, language quality, and factual/content plausibility all align with professional news outlets' typical publishing style."
JO_02_POL_177.jpg,Fake,Real,0.32,"The visual/template consistency, language quality, and factual plausibility all align with professional news outlets' typical publishing style."
JO_02_POL_178.jpg,Fake,Fake,0.75,"The text appears to be in a non-standard Bangla script, and the date format (26 ডিসেম্বর ২০২৫) is unusual for Bangladesh, where December 26th is not typically associated with any significant event. Additionally, the image quality and layout suggest digital manipulation."
JO_02_POL_179.jpg,Fake,Real,0.32,"The photocard appears professionally designed with consistent fonts, colors, and layout typical of a news outlet's style. The Bangla text is written in standard editorial style without any unnatural phrasing or informal slang."
JO_02_POL_203.jpg,Fake,Real,0.48,"The photocard appears to be from a real news outlet, as indicated by the consistent branding and professional layout. The Bangla text is written in standard editorial style, and there are no signs of digital editing or manipulation."
JO_02_POL_212.jpg,Fake,Fake,0.94,"The date '08 ডিসেম্বর ২০২৫' (December 8, 2025) is highly unlikely to be accurate for a news event involving an aircraft and a prominent figure, as such events are typically reported in real-time or shortly after. Additionally, the text appears to be written in a style that suggests it might be fabricated rather than genuine reporting."
JO_02_POL_216.jpg,Fake,Real,0.49,"The visual/template consistency, language quality, and factual plausibility all align with professional news outlets' typical style."
JO_02_POL_220.jpg,Fake,Real,0.44,"The photocard appears to be from a real news outlet, as indicated by the consistent branding and professional layout. The text is written in standard Bangla editorial style without any obvious signs of digital manipulation or clickbait."
JO_02_POL_221.jpg,Fake,Real,0.33,"The photocard appears to be from a real news outlet, as indicated by the consistent branding and professional layout. The text is written in standard Bangla editorial style without any obvious signs of digital manipulation or clickbait."
JO_02_POL_224.jpg,Fake,Real,0.41,"The visual/template consistency, language quality, and factual plausibility all align with professional news outlets' typical publishing style."
JO_02_POL_226.jpg,Fake,Fake,0.83,"The date '3 December 2025' is anachronistic, as it predates any known event involving the individuals shown in the image."
JO_02_POL_229.jpg,Fake,Real,0.4,"The visual/template consistency, language quality, and factual plausibility all align with professional news outlets' typical publishing style."
JO_02_POL_245.jpg,Fake,Real,0.42,"The photocard appears to be from a real news outlet, as indicated by the logo and branding consistent with known outlets like Jogra TV. The text is written in standard Bangla editorial style without any obvious signs of digital manipulation or clickbait."
JO_02_POL_263.jpg,Fake,Fake,0.94,"The text appears to be written in a style typical of clickbait or sensationalist news, lacking professional journalistic standards and plausibility."
JO_02_POL_270.jpg,Fake,Fake,0.77,"The text appears to be written in a style typical of clickbait or sensationalist content rather than professional news writing, and the image seems out of context with the headline."
JO_02_POL_300.jpg,Fake,Real,0.44,"The photocard appears to be from a real news outlet, as indicated by the consistent branding and professional layout. The Bangla text is written in standard editorial style without any obvious signs of digital manipulation or clickbait."
JO_02_SPT_006.jpg,Fake,Fake,0.77,"The text appears to be written in a non-standard, informal style typical of clickbait or fabricated news headlines. Additionally, the date mentioned (25 June 2026) is anachronistic and does not align with any known historical events."
JO_02_SPT_007.jpg,Fake,Fake,0.89,"The image appears to be digitally manipulated, as indicated by the mismatched fonts and colors in the text overlay, which is inconsistent with professional news outlet styles."
JO_02_SPT_010.jpg,Fake,Fake,0.76,"The Bangla text appears to be poorly written and unnatural, lacking in professional editorial style, which is a strong indicator of fabrication."
JO_02_SPT_026.jpg,Fake,Fake,0.83,"The image appears to be digitally manipulated, as evidenced by the inconsistent font and color in the text overlay, which is not typical of professional news outlets."
JO_02_SPT_034.jpg,Fake,Real,0.36,"The photocard appears professionally designed with consistent fonts, colors, and layout typical of a news outlet's branding. The Bangla text is written in standard editorial style without any unnatural phrasing or clickbait tone."
JO_02_SPT_133.jpg,Fake,Fake,0.9,"The Bangla text appears to be poorly written and lacks professional editorial style, suggesting it is not from a reputable news outlet."
JO_02_SPT_134.jpg,Fake,Real,0.36,"The photocard appears to be from a real news outlet, as indicated by the consistent branding and professional layout. The Bangla text is written in standard editorial style without any obvious signs of digital manipulation or clickbait."
JO_02_SPT_137.jpg,Fake,Fake,0.87,"The text appears to be written in a style typical of clickbait or sensationalist content, rather than professional news writing. Additionally, the date format and the overall presentation seem inconsistent with established news outlets."
JO_02_SPT_138.jpg,Fake,Real,0.46,"The photocard appears to be from a real news outlet, as indicated by the consistent branding and professional layout. The Bangla text is written in standard editorial style without any unnatural phrasing or clickbait tone."
JO_02_SPT_158.jpg,Fake,Real,0.38,"The photocard appears to be from a real news outlet, as indicated by the consistent branding and professional layout. The Bangla text is written in standard editorial style without any unnatural phrasing or clickbait tone."
JO_02_SPT_160.jpg,Fake,Real,0.47,"The photocard appears to be from a professional news outlet, as indicated by the consistent branding and layout. The Bangla text is written in standard editorial style without any unnatural phrasing or clickbait tone."
JO_02_SPT_161.jpg,Fake,Real,0.47,"The photocard appears professionally designed with consistent branding, standard Bangla text quality, and a plausible event description based on known cricket records."
JO_02_SPT_163.jpg,Fake,Fake,0.76,"The headline mentions a new logo for IPL, but there is no credible source or widely known event that would justify such a claim in January 2026 without any supporting evidence."
JO_02_SPT_165.jpg,Fake,Fake,0.83,"The image appears to be digitally manipulated, as evidenced by inconsistencies in font style and color, particularly around the text 'Jogra tv' which looks out of place compared to the rest of the design."
JO_02_SPT_169.jpg,Fake,Fake,0.83,"The image appears to be digitally manipulated, as evidenced by the mismatched fonts and color patches around text elements, which are inconsistent with professional news outlet publishing styles."
JO_02_SPT_170.jpg,Fake,Real,0.37,"The photocard appears professionally designed with consistent branding, standard Bangla text quality, and a plausible date for an upcoming event in the context of professional cricket leagues."
JO_02_SPT_188.jpg,Fake,Fake,0.94,"The date '17 ডিসেম্বর ২০২৫' (December 17, 2025) is highly unlikely to be correct for a news event in December of any year, and the headline mentions an amount that seems exaggerated without context. Additionally, the image appears to have been digitally edited, as indicated by the unnatural alignment and color inconsistencies."
JO_02_SPT_200.jpg,Fake,Fake,0.89,"The date '13 ডিসেম্বর ২০২৫' (December 13, 2025) is anachronistic and does not align with the known timeline of Roman Reigns' career or any public events involving him. Additionally, the text appears to be written in a style that suggests it might be a fabricated news item."
JO_02_SPT_206.jpg,Fake,Fake,0.77,"The date mentioned (11 December 2025) is anachronistic, as it's in the future and no such event involving a cricketer named Rashid Khan has been reported."
JO_02_SPT_217.jpg,Fake,Fake,0.95,"The Bangla text appears to be poorly written and lacks professional editorial style, suggesting it is not from a reputable news outlet."
JO_02_SPT_227.jpg,Fake,Real,0.39,"The photocard appears to be from a real news outlet, as indicated by the consistent branding and professional layout. The Bangla text is written in standard editorial style without any unnatural phrasing or clickbait tone."
JO_02_SPT_236.jpg,Fake,Real,0.46,"The visual/template consistency, language quality, and factual plausibility all align with professional news outlets' typical publishing style."
JO_02_SPT_237.jpg,Fake,Real,0.3,"The visual/template consistency, language quality, and factual plausibility all align with a professional news outlet's style."
JO_02_SPT_243.jpg,Fake,Real,0.32,"The photocard appears to be from a professional news outlet, as indicated by the consistent branding and layout. The Bangla text is written in standard editorial style without any unnatural phrasing or clickbait tone."
JO_02_SPT_267.jpg,Fake,Real,0.49,"The visual/template consistency, language quality, and factual plausibility all align with a professional news outlet's style without any obvious signs of digital manipulation or anachronistic elements."
JO_02_SPT_275.jpg,Fake,Real,0.5,"The photocard appears to be from a real news outlet, as indicated by the logo and branding on the bottom left corner of the image."
JO_02_SPT_277.jpg,Fake,Real,0.37,"The photocard appears to be from a real news outlet, as indicated by the logo and branding consistent with known outlets. The Bangla text is written in standard professional style, and there are no signs of digital editing or manipulation."
JO_02_SPT_290.jpg,Fake,Real,0.43,"The visual/template consistency, language quality, and factual plausibility all align with professional news outlets' typical style."
PU_02_BIZ_050.jpg,Fake,Real,0.36,"The visual/template consistency, language quality, and factual plausibility align with professional news outlets' typical publishing style."
PU_02_BIZ_113.jpg,Fake,Real,0.46,"The photocard appears to be from a real news outlet, as indicated by the logo and branding consistent with known outlets in Bangladesh. The text is written in standard Bangla editorial style without any obvious signs of digital manipulation or clickbait."
PU_02_CRM_004.jpg,Fake,Real,0.49,"The visual/template consistency, language quality, and factual plausibility all align with professional news outlet standards."
PU_02_CRM_012.jpg,Fake,Fake,0.89,"The image appears to be digitally manipulated, as evidenced by the inconsistent text and logo design, which deviates from professional news outlet standards."
PU_02_CRM_059.jpg,Fake,Real,0.5,"The visual/template consistency, language quality, and factual plausibility align with professional news outlets' typical publishing style."
PU_02_CRM_061.jpg,Fake,Real,0.42,"The visual/template consistency, language quality, and factual plausibility align with professional news outlets' typical publishing style."
PU_02_CRM_065.jpg,Fake,Real,0.32,"The visual/template consistency, language quality, and factual plausibility align with professional news outlets' typical publishing style."
PU_02_CRM_103.jpg,Fake,Real,0.36,"The visual/template consistency, language quality, and factual plausibility align with professional news outlets' typical publishing style."
PU_02_CRM_114.jpg,Fake,Real,0.32,"The visual/template consistency, language quality, and factual plausibility align with professional news outlets' typical style."
PU_02_CRM_123.jpg,Fake,Real,0.37,"The visual/template consistency, language quality, and factual plausibility all align with professional news outlet standards."
PU_02_DIS_101.jpg,Fake,Fake,0.78,"The date (25 December 2025) is anachronistic and inconsistent with known historical events, making the content implausible."
PU_02_ENT_015.jpg,Fake,Real,0.31,"The visual/template consistency, language quality, and factual plausibility align with professional news outlets' typical style."
PU_02_ENT_018.jpg,Fake,Fake,0.81,"The date '24 ডিসেম্বর 2025' is anachronistic, as it suggests the event occurred in a future year that has not yet happened."
PU_02_ENT_079.jpg,Fake,Real,0.42,"The visual/template consistency, language quality, and factual plausibility align with professional news outlets' typical style."
PU_02_ENT_088.jpg,Fake,Real,0.31,"The visual/template consistency, language quality, and factual plausibility all align with professional news outlet standards."
PU_02_ENT_096.jpg,Fake,Real,0.45,"The visual/template consistency, language quality, and factual plausibility align with professional news outlets' typical style."
PU_02_ENT_138.jpg,Fake,Real,0.44,"The visual/template consistency, language quality, and factual plausibility align with professional news outlets' typical publishing style."
PU_02_ENT_142.jpg,Fake,Real,0.44,"The visual/template consistency, language quality, and factual plausibility all align with professional news outlet standards."
PU_02_ENT_147.jpg,Fake,Real,0.47,"The visual/template consistency, language quality, and factual plausibility align with professional news outlets' typical style."
PU_02_HLT_058.jpg,Fake,Real,0.5,"The visual/template consistency, language quality, and factual plausibility align with professional news outlets' typical style."
PU_02_INT_007.jpg,Fake,Real,0.32,"The photocard appears to be from a real news outlet, as indicated by the logo and branding in the top right corner, which matches known styles of professional Bangla news outlets."
PU_02_INT_042.jpg,Fake,Real,0.31,"The visual/template consistency, language quality, and factual plausibility all align with professional news outlet standards."
PU_02_INT_056.jpg,Fake,Fake,0.88,"The image appears to be digitally manipulated, as evidenced by the mismatched fonts and colors in the text overlay, which is inconsistent with professional news outlet styles."
PU_02_INT_062.jpg,Fake,Real,0.5,"The visual/template consistency, language quality, and factual plausibility align with professional news outlets' typical publishing style."
PU_02_INT_068.jpg,Fake,Real,0.44,"The visual/template consistency, language quality, and factual plausibility all align with professional news outlet standards."
PU_02_INT_075.jpg,Fake,Fake,0.85,"The image appears to be digitally manipulated, as evidenced by the mismatched fonts and colors in the text box, which is inconsistent with professional news outlet styles."
PU_02_INT_108.jpg,Fake,Fake,0.95,"The image appears to be digitally manipulated, as evidenced by the mismatched fonts and colors in the text overlay, which is inconsistent with professional news outlet styles."
PU_02_INT_119.jpg,Fake,Fake,0.92,"The Bangla text appears to be poorly written and lacks professional editorial style, suggesting it is not from a reputable news outlet."
PU_02_INT_130.jpg,Fake,Fake,0.91,"The image appears to be digitally manipulated, as evidenced by the mismatched font and color inconsistencies in the text overlay."
PU_02_INT_140.jpg,Fake,Fake,0.8,"The Bangla text appears to be a fabricated quote, as it is not in standard professional editorial style and contains grammatical errors typical of clickbait or misinformation."
PU_02_POL_001.jpg,Fake,Real,0.32,"The visual/template consistency, language quality, and factual plausibility align with professional news outlets' typical publishing style."
PU_02_POL_002.jpg,Fake,Real,0.34,"The visual/template consistency, language quality, and factual plausibility align with professional news outlets' typical style."
PU_02_POL_010.jpg,Fake,Real,0.42,"The visual/template consistency, language quality, and factual plausibility align with professional news outlets' typical publishing style."
PU_02_POL_011.jpg,Fake,Real,0.35,"The visual/template consistency, language quality, and factual plausibility align with professional news outlets' typical publishing style."
PU_02_POL_013.jpg,Fake,Real,0.45,"The visual/template consistency, language quality, and factual plausibility align with professional news outlets' typical publishing style."
PU_02_POL_014.jpg,Fake,Real,0.39,"The visual/template consistency, language quality, and factual plausibility align with professional news outlets' typical style."
PU_02_POL_024.jpg,Fake,Real,0.46,"The photocard appears to be from a real news outlet, as indicated by the logo and branding that match known outlets. The text is written in standard Bangla editorial style without any obvious signs of digital manipulation or clickbait."
PU_02_POL_031.jpg,Fake,Real,0.38,"The visual/template consistency, language quality, and factual plausibility align with professional news outlets' typical style."
PU_02_POL_041.jpg,Fake,Real,0.48,"The visual/template consistency, language quality, and factual plausibility all align with professional news outlet standards."
PU_02_POL_044.jpg,Fake,Real,0.43,"The visual/template consistency, language quality, and factual/content plausibility align with professional news outlets' typical publishing style."
PU_02_POL_053.jpg,Fake,Real,0.38,"The visual/template consistency, language quality, and factual plausibility align with professional news outlets' typical publishing style."
PU_02_POL_054.jpg,Fake,Real,0.32,"The photocard appears to be from a real news outlet, as indicated by the logo and branding that match known outlets. The text is written in standard Bangla editorial style without any obvious signs of digital manipulation or clickbait."
PU_02_POL_057.jpg,Fake,Real,0.45,"The visual/template consistency, language quality, and factual plausibility align with professional news outlets' typical publishing style."
PU_02_POL_063.jpg,Fake,Real,0.38,"The photocard appears professionally formatted with consistent fonts, colors, and layout typical of a news outlet's style. The Bangla text is written in standard editorial style without any unnatural phrasing or informal slang."
PU_02_POL_069.jpg,Fake,Real,0.32,"The visual/template consistency, language quality, and factual plausibility align with professional news outlets' typical style."
PU_02_POL_072.jpg,Fake,Real,0.44,"The photocard appears to be from a real news outlet, as indicated by the logo and branding consistent with known outlets. The text is written in standard Bangla editorial style, and there are no obvious signs of digital editing or manipulation."
PU_02_POL_077.jpg,Fake,Real,0.39,"The visual/template consistency, language quality, and factual plausibility all align with professional news outlet standards."
PU_02_POL_084.jpg,Fake,Real,0.3,"The visual/template consistency, language quality, and factual plausibility all align with professional news outlets' typical publishing style."
PU_02_POL_087.jpg,Fake,Real,0.5,"The visual/template consistency, language quality, and factual plausibility align with professional news outlets' typical publishing style."
PU_02_POL_089.jpg,Fake,Real,0.37,"The visual/template consistency, language quality, and factual/content plausibility all align with professional news outlet standards."
PU_02_POL_094.jpg,Fake,Real,0.41,"The visual/template consistency, language quality, and factual plausibility all align with professional news outlet standards."
PU_02_POL_109.jpg,Fake,Real,0.46,"The visual/template consistency, language quality, and factual plausibility align with professional news outlets' typical style."
PU_02_POL_112.jpg,Fake,Real,0.45,"The visual/template consistency, language quality, and factual plausibility align with professional news outlets' typical publishing style."
PU_02_POL_120.jpg,Fake,Real,0.43,"The visual/template consistency, language quality, and factual plausibility align with professional news outlets' typical publishing style."
PU_02_POL_128.jpg,Fake,Real,0.41,"The visual/template consistency, language quality, and factual/content plausibility all align with professional news outlet standards."
PU_02_POL_133.jpg,Fake,Real,0.34,"The visual/template consistency, language quality, and factual plausibility all align with professional news outlet standards."
PU_02_POL_134.jpg,Fake,Real,0.43,"The visual/template consistency, language quality, and factual plausibility align with professional news outlets' typical publishing style."
PU_02_POL_136.jpg,Fake,Real,0.39,"The visual/template consistency, language quality, and factual plausibility align with professional news outlets' typical publishing style."
PU_02_POL_137.jpg,Fake,Real,0.45,"The visual/template consistency, language quality, and factual plausibility align with professional news outlets' typical publishing style."
PU_02_POL_141.jpg,Fake,Real,0.4,"The visual/template consistency, language quality, and factual plausibility all align with professional news outlet standards."
PU_02_POL_144.jpg,Fake,Real,0.43,"The visual/template consistency, language quality, and factual plausibility all align with professional news outlet standards."
PU_02_POL_146.jpg,Fake,Real,0.31,"The visual/template consistency, language quality, and factual plausibility align with professional news outlets' typical publishing style."
PU_02_SPT_045.jpg,Fake,Real,0.38,"The visual/template consistency, language quality, and factual plausibility all align with a professional news outlet's style without any obvious signs of digital manipulation or anachronistic claims."
PU_02_SPT_048.jpg,Fake,Real,0.48,"The visual/template consistency, language quality, and factual plausibility all align with professional news outlet standards."
PU_02_SPT_052.jpg,Fake,Real,0.33,"The visual/template consistency, language quality, and factual plausibility align with professional news outlets' typical publishing style."
PU_02_SPT_064.jpg,Fake,Fake,0.91,"The Bangla text appears to be poorly written and lacks professional editorial style, suggesting it is not from a reputable news outlet."
PU_02_SPT_074.jpg,Fake,Real,0.35,"The photocard appears to be from a real news outlet, as indicated by the logo and branding in the top right corner. The text is written in standard Bangla editorial style, and there are no obvious signs of digital editing or manipulation."
PU_02_SPT_086.png,Fake,Real,0.45,"The visual/template consistency, language quality, and factual/content plausibility all align with professional news outlet standards."
PU_02_SPT_090.png,Fake,Fake,0.95,"The Bangla text appears to be a fabricated headline, as it uses informal language and includes anachronistic elements that are not typical of professional news writing."
PU_02_SPT_093.jpg,Fake,Real,0.35,"The visual/template consistency, language quality, and factual plausibility align with professional news outlets' typical style."
PU_02_SPT_107.jpg,Fake,Real,0.33,"The visual/template consistency, language quality, and factual plausibility align with professional news outlets' typical style."
